Accuracy,Precision,Recall,F1-score,ROC-AUC,PR-AUC,Brier Score
0.8832116788321168,0.6058700209643606,0.7429305912596401,0.6674364896073903,0.9206080056636958,0.7102057380788821,0.0856536947233319
0.8824006488240065,0.6023856858846919,0.7709923664122137,0.6763392857142857,0.925024150319938,0.7240953745754876,0.08785436431432235
0.8828061638280617,0.6222664015904572,0.7597087378640777,0.6841530054644809,0.9307141641693688,0.760720786455058,0.08346128488645456
0.8775344687753447,0.5891472868217055,0.7715736040609137,0.6681318681318681,0.9230151108323696,0.7275264855642284,0.08792270827007743
0.8714517437145174,0.5694164989939637,0.7331606217616581,0.6409966024915063,0.9175219210840972,0.7156976486712684,0.09145767320736636
0.8779399837793999,0.5723270440251572,0.7378378378378379,0.6446280991735537,0.9204881885702497,0.7082984774115817,0.08884577893551393
0.8832116788321168,0.6052631578947368,0.7627551020408163,0.6749435665914221,0.9276968984315037,0.7483930994866337,0.0843553031925506
0.8803730738037308,0.5418502202643172,0.7387387387387387,0.625158831003812,0.91555549924045,0.694055756666421,0.08693636315357965
0.8763179237631792,0.5717213114754098,0.744,0.6465816917728853,0.9187540251873106,0.7113007091268574,0.08949102252751007
0.8819951338199513,0.5726872246696035,0.7282913165266106,0.6411837237977805,0.9138107590119974,0.704660660582023,0.08654953293553942
0.878345498783455,0.5601659751037344,0.7541899441340782,0.6428571428571429,0.9158221407142781,0.7109048271578498,0.09014257053326023
0.8730738037307381,0.5870967741935483,0.6928934010152284,0.6356228172293364,0.9060962703094683,0.685098586350885,0.09225508747035177
0.8625304136253041,0.5370370370370371,0.696,0.6062717770034843,0.9104505021520803,0.7123931390134317,0.0933506079269184
0.8694241686942417,0.5553470919324578,0.7769028871391076,0.6477024070021882,0.9205032824134394,0.7140406897693994,0.09290926655496677
0.8698296836982968,0.5443786982248521,0.7540983606557377,0.6323024054982818,0.9148256570387718,0.6991903208921363,0.09246213485007139
0.8828061638280617,0.5801980198019802,0.7918918918918919,0.6697142857142857,0.9339591499896844,0.7329027568657708,0.08419057166983446
0.8824006488240065,0.596078431372549,0.7835051546391752,0.6770601336302895,0.93147033725926,0.7660901303466017,0.08369394339683746
0.8714517437145174,0.5564516129032258,0.739946380697051,0.6352128883774454,0.9142872513894778,0.6832022437195997,0.09155119434180874
0.8880778588807786,0.591002044989775,0.7917808219178082,0.6768149882903981,0.9312708234174203,0.7310090694254311,0.0814235104725143
0.8771289537712895,0.5705765407554672,0.767379679144385,0.6545039908779932,0.9215230416866903,0.7127797132601994,0.08902961809613978
0.8901054339010543,0.6029106029106029,0.7837837837837838,0.681551116333725,0.9356792861563854,0.7552411347057421,0.07959365073123832
0.8819951338199513,0.5956607495069034,0.7783505154639175,0.6748603351955307,0.9225725072680908,0.7293464128249864,0.08795137894780296
0.8832116788321168,0.5867446393762183,0.7984084880636605,0.6764044943820224,0.937767997836336,0.7453146480351923,0.08313434029777123
0.878345498783455,0.582,0.7617801047120419,0.6598639455782312,0.9223867210660128,0.7251898172139141,0.08829673281926093
0.8686131386861314,0.5353535353535354,0.7381615598885793,0.6206088992974239,0.9103241218752189,0.7163980411253689,0.09279325767998502
0.8799675587996756,0.5737704918032787,0.7608695652173914,0.6542056074766355,0.9243391739544908,0.7370620846631807,0.08456301428273336
0.8779399837793999,0.5976331360946746,0.7575,0.6681367144432194,0.923920619554695,0.7504644534180409,0.08608835986426992
0.8710462287104623,0.5774647887323944,0.7265822784810126,0.6434977578475336,0.9096736732086865,0.7209952234974196,0.09283879526038452
0.8763179237631792,0.595703125,0.7568238213399504,0.6666666666666666,0.9218500605613016,0.736978612393751,0.08939696975611734
0.8686131386861314,0.5737051792828686,0.7236180904522613,0.64,0.9053257097868452,0.6870686197295233,0.09606747893988106
0.8787510137875101,0.591796875,0.7709923664122137,0.6696132596685083,0.9252720976961761,0.7288372879052525,0.0892218083446115
0.8722627737226277,0.5548780487804879,0.7398373983739838,0.6341463414634146,0.920228019638327,0.7053060809544159,0.0892007495668393
0.8844282238442822,0.5983606557377049,0.7664041994750657,0.6720368239355581,0.9212233362915967,0.7156410976086266,0.08579310912951084
0.8637469586374696,0.5394990366088632,0.7427055702917772,0.625,0.922405222251709,0.7190027531660351,0.09373821420230202
0.8807785888077859,0.5737373737373738,0.773841961852861,0.6589327146171694,0.9216325926579804,0.712277266183728,0.08702253357992064
0.8913219789132197,0.6217303822937625,0.794344473007712,0.6975169300225733,0.9314452697124709,0.7535807611997921,0.08161340718761476
0.8738848337388483,0.5731462925851704,0.7447916666666666,0.6477916194790487,0.9202164385206533,0.7121580466082541,0.09134455011603673
0.8811841038118411,0.5518018018018018,0.7227138643067846,0.6257982120051085,0.9184109905929245,0.7084663643797535,0.08501191275859536
0.8811841038118411,0.5661157024793388,0.7675070028011205,0.6516052318668252,0.9225461640322321,0.7176938516134881,0.08700975704779303
0.8641524736415247,0.5585412667946257,0.7348484848484849,0.6346782988004362,0.9130605572634558,0.669501104885163,0.09704745310908888
0.8795620437956204,0.5481171548117155,0.7638483965014577,0.6382460414129111,0.9181036791272595,0.6828646572287695,0.08978225334906052
0.878345498783455,0.569672131147541,0.7554347826086957,0.6495327102803738,0.9231786484022051,0.7110881861313806,0.08787436300790702
0.8742903487429035,0.5830039525691699,0.748730964467005,0.6555555555555556,0.9115484683378084,0.7225047414234131,0.0924700242996574
0.8888888888888888,0.6008064516129032,0.7967914438502673,0.6850574712643678,0.9313708448788867,0.7554355071978534,0.08187097888479677
0.8819951338199513,0.5836653386454184,0.7813333333333333,0.6681870011402509,0.926738721504862,0.7562847936286945,0.08479283589296889
0.8844282238442822,0.5806451612903226,0.75,0.6545454545454545,0.9288369209665507,0.7233492500609191,0.083904859079012
0.8763179237631792,0.5959595959595959,0.7375,0.659217877094972,0.9196805421103582,0.7256110738848124,0.08931152812231218
0.8819951338199513,0.6056338028169014,0.76010101010101,0.6741321388577828,0.9304689406138682,0.745138664516396,0.0846239926449691
0.8682076236820763,0.564299424184261,0.75,0.6440306681270537,0.9113538858166218,0.7029379394375399,0.0938405372546929
0.8884833738848338,0.6086021505376344,0.7526595744680851,0.6730083234244947,0.9240137941565714,0.7320834141372818,0.0823419041892299
0.8868613138686131,0.592,0.7978436657681941,0.6796785304247991,0.927192841382061,0.7296779252792732,0.08388560815530771
0.8722627737226277,0.5902912621359223,0.7450980392156863,0.6587215601300108,0.9114157567789021,0.7034282951854629,0.09393257357854465
0.8807785888077859,0.5847953216374269,0.7874015748031497,0.6711409395973155,0.9272556757743411,0.7220202667952683,0.08713261794827334
0.8807785888077859,0.5913555992141454,0.7777777777777778,0.671875,0.9275292608625941,0.724745051924892,0.0864837151373795
0.8815896188158961,0.5668789808917197,0.752112676056338,0.6464891041162227,0.9218553385685978,0.7108466472728366,0.08566171958362745
0.8832116788321168,0.5882352941176471,0.7526881720430108,0.660377358490566,0.9143764570560023,0.7130712491294113,0.08949383982654624
0.878345498783455,0.5996168582375478,0.7747524752475248,0.6760259179265659,0.9246646051608071,0.7501904713195887,0.08939064816848186
0.8856447688564477,0.5746421267893661,0.7915492957746478,0.6658767772511849,0.9258665207731467,0.752747886849967,0.08337895426821362
0.8673965936739659,0.5745526838966203,0.7189054726368159,0.6386740331491713,0.9091461298160362,0.7179321222181503,0.09465120588876681
0.8896999188969992,0.6038543897216274,0.7642276422764228,0.6746411483253588,0.9214441071449342,0.7191507722564224,0.0840882801267054
0.8799675587996756,0.6007827788649707,0.7694235588972431,0.6747252747252748,0.9229653718233658,0.7454273799592583,0.08638565810855454
0.8799675587996756,0.6062378167641326,0.7679012345679013,0.6775599128540305,0.9300986576095747,0.7484520572698777,0.08437533851763118
0.8609083536090836,0.5521023765996343,0.755,0.6378035902851109,0.9138347047434656,0.7194121057649682,0.0979816926693271
0.878345498783455,0.5901639344262295,0.7422680412371134,0.6575342465753424,0.9242828651657522,0.7420133952010753,0.08786608330503387
0.8763179237631792,0.6064908722109533,0.7292682926829268,0.6622369878183831,0.919690139508399,0.7222036071432618,0.08838479504199587
0.8645579886455799,0.5375722543352601,0.7479892761394102,0.625560538116592,0.9112924608903161,0.684559427065883,0.0984150173200473
0.8730738037307381,0.5725490196078431,0.7545219638242894,0.6510590858416946,0.9139232860163093,0.7047279758726348,0.09219391461189791
0.8738848337388483,0.5568862275449101,0.7581521739130435,0.6421173762945915,0.9182632527873338,0.6921926920132357,0.08995538816254649
0.8807785888077859,0.594704684317719,0.7545219638242894,0.6651480637813212,0.9253181501243517,0.7278086924777648,0.08660109704978781
0.8905109489051095,0.6300813008130082,0.7788944723618091,0.6966292134831461,0.9326625875995063,0.7528806494699213,0.08025262862926444
0.8824006488240065,0.5887265135699373,0.752,0.6604215456674473,0.9273750996333492,0.7405433932628324,0.08347689358087061
0.8815896188158961,0.5841392649903289,0.7968337730870713,0.6741071428571429,0.9314110595431198,0.7547306122555684,0.08434802498385569
0.8921330089213301,0.6120331950207469,0.7887700534759359,0.6892523364485982,0.9332713878181205,0.7647179256182515,0.07860667421343435
0.8763179237631792,0.5765407554671969,0.7591623036649214,0.655367231638418,0.9166825778054688,0.7151835582295616,0.08874785647651597
0.8824006488240065,0.5668016194331984,0.7865168539325843,0.6588235294117647,0.9313994355396985,0.7353357765469154,0.08333605838857104
0.8803730738037308,0.6098039215686275,0.7641277641277642,0.678298800436205,0.9244784985435787,0.7666737084400352,0.0854459016699606
0.8852392538523925,0.575,0.7249283667621776,0.641318124207858,0.924487671774271,0.716902169015546,0.08165593445163415
0.8876723438767234,0.6185567010309279,0.7653061224489796,0.6841505131128849,0.9282417885186861,0.7602578392883146,0.08319283363612448
0.8787510137875101,0.5828460038986355,0.7786458333333334,0.6666666666666666,0.9215072646493756,0.72192555869927,0.08940348941973494
0.8714517437145174,0.5651302605210421,0.7382198952879581,0.6401816118047673,0.9192526454361829,0.7234457187683098,0.09246422740967455
0.8795620437956204,0.591304347826087,0.7139107611548556,0.6468489892984542,0.914358906575527,0.7016084682498486,0.08821894405646805
0.8763179237631792,0.5675105485232067,0.7289972899728997,0.638196915776987,0.9134613520670257,0.6914450684780088,0.08936827997041535
0.8767234387672344,0.556935817805383,0.7493036211699164,0.6389548693586699,0.9217993344905494,0.7315491031020546,0.08634802429931275
0.875506893755069,0.5548780487804879,0.7562326869806094,0.6400937866354045,0.9112086379218455,0.6733902169538708,0.09319808416206445
0.8694241686942417,0.5711462450592886,0.733502538071066,0.6422222222222222,0.9137656057072301,0.6894296049735275,0.09359298942882276
0.8828061638280617,0.5830039525691699,0.7908847184986595,0.6712172923777019,0.9299977327719489,0.7449779578030575,0.08520728955530972
0.8852392538523925,0.6186131386861314,0.8208232445520581,0.7055150884495317,0.9345574715558286,0.7778451496873026,0.08435102063875753
0.8730738037307381,0.5672514619883041,0.7617801047120419,0.6502793296089385,0.9162567454854237,0.7084987770384543,0.09397608913836474
0.8751013787510138,0.5996055226824457,0.7432762836185819,0.6637554585152838,0.9250766361627598,0.7292374087511331,0.08821373392162361
0.8824006488240065,0.5942622950819673,0.7591623036649214,0.6666666666666666,0.9244555878244616,0.733305499984131,0.08558329463289856
0.8763179237631792,0.5452488687782805,0.6985507246376812,0.6124523506988564,0.9146259967611667,0.6956969570866799,0.08886249648761588
0.8815896188158961,0.55863539445629,0.7550432276657061,0.6421568627450981,0.9191138770530931,0.6982844139127623,0.0863303891795005
0.8718572587185726,0.5765407554671969,0.7379134860050891,0.6473214285714286,0.9058671468499022,0.6869213254390573,0.09543714312742754
0.8686131386861314,0.5768463073852296,0.7206982543640897,0.6407982261640798,0.9131710674886633,0.7123094701151109,0.0937893135384241
0.8759124087591241,0.5823754789272031,0.7755102040816326,0.6652078774617067,0.9260376281660205,0.7347362508335821,0.0896375025074382
0.8767234387672344,0.5504032258064516,0.7711864406779662,0.6423529411764706,0.9241153590994693,0.7191650072436917,0.08704658686443915
0.8726682887266829,0.5622406639004149,0.7245989304812834,0.633177570093458,0.9123935338084479,0.6838401824435228,0.09206698896906294
0.8787510137875101,0.625,0.7575757575757576,0.684931506849315,0.9242441407389861,0.7448956509011161,0.0876107083654964
0.8799675587996756,0.5593561368209256,0.7830985915492957,0.6525821596244131,0.9197870310446288,0.6935241273650627,0.09036300417891402
0.8767234387672344,0.6068702290076335,0.7644230769230769,0.676595744680851,0.9194863977485929,0.7318443418715788,0.09145690927386257
0.8779399837793999,0.5909090909090909,0.7608142493638677,0.6651835372636262,0.9293926884983104,0.7452116426287416,0.08560649933237065
0.8742903487429035,0.5797101449275363,0.7235142118863049,0.6436781609195402,0.9229442201018428,0.7240992703183668,0.08742796026149324
0.8860502838605029,0.5957894736842105,0.760752688172043,0.6682408500590319,0.9225077281736862,0.7188150068697255,0.08426228416842016
0.878345498783455,0.6146044624746451,0.7336561743341404,0.6688741721854304,0.9204105726103298,0.7339193295601264,0.08838769206871337
0.8751013787510138,0.5806451612903226,0.7786259541984732,0.6652173913043479,0.9216338995616733,0.7453911412123954,0.09023094881940061
0.883617193836172,0.6047904191616766,0.7729591836734694,0.6786114221724524,0.9317927990868479,0.7545389079556727,0.08358022228048861
0.8811841038118411,0.5854166666666667,0.7493333333333333,0.6573099415204678,0.9201364578351665,0.7177007520501814,0.08875075375758758
0.8767234387672344,0.5912698412698413,0.7525252525252525,0.6622222222222223,0.9224601083296735,0.7326150203401025,0.08830789491436584
0.8742903487429035,0.5728155339805825,0.7662337662337663,0.6555555555555556,0.9252944076586556,0.7307636869481285,0.08886201689019897
0.8811841038118411,0.5926680244399185,0.7578125,0.6651428571428571,0.9237249339577329,0.7454730168087806,0.08425257026697164
0.8852392538523925,0.5909090909090909,0.77088948787062,0.6690058479532164,0.9350346415866297,0.7782422952954976,0.08084109471478747
0.8860502838605029,0.6039603960396039,0.7901554404145078,0.6846240179573513,0.9291948983658829,0.7358762162803775,0.08431715940710785
0.8767234387672344,0.5881188118811881,0.7557251908396947,0.6614699331848553,0.9232357378091516,0.7335277785175857,0.08757722289020677
0.8876723438767234,0.5925925925925926,0.784741144414169,0.675263774912075,0.9244923948474232,0.7314724482690546,0.08475314934375672
0.8706407137064072,0.5973782771535581,0.7541371158392435,0.6666666666666666,0.9202824845028112,0.7689517126431634,0.0914694919385402
0.8799675587996756,0.5798319327731093,0.7419354838709677,0.6509433962264151,0.9288186421008309,0.7394196749575328,0.08455353520282398
0.889294403892944,0.6021739130434782,0.7547683923705722,0.6698911729141476,0.9265499465815433,0.7150503115654637,0.08151159083658507
0.8763179237631792,0.5532359081419624,0.7443820224719101,0.6347305389221557,0.9169524468821556,0.7001040630981019,0.0901354082456791
0.8738848337388483,0.5568627450980392,0.7696476964769647,0.646188850967008,0.9176097483435492,0.6978331200457403,0.09152025275504727
0.8742903487429035,0.5607287449392713,0.7486486486486487,0.6412037037037037,0.9179660099030328,0.7011306619756499,0.08972522159215474
0.8941605839416058,0.6139534883720931,0.7353760445682451,0.6692015209125475,0.9232205157764344,0.7254821214136464,0.08035255624866151
0.8714517437145174,0.5630081300813008,0.7308707124010554,0.6360505166475315,0.9119843534482213,0.6970892673172425,0.09248168311430684
0.8763179237631792,0.5835010060362174,0.7474226804123711,0.655367231638418,0.9141013365349315,0.6991039698389965,0.09011134464020885
0.883617193836172,0.5763440860215053,0.7486033519553073,0.6512758201701093,0.9280447987448719,0.7480854207681755,0.08265091938934882
0.8901054339010543,0.6232464929859719,0.7893401015228426,0.696528555431131,0.9305533778884032,0.7574800693424922,0.08176789811385649
0.8864557988645579,0.6017897091722595,0.7250673854447439,0.6577017114914425,0.9216090164619908,0.7205388547319032,0.08280837071198732
0.8828061638280617,0.6051587301587301,0.7721518987341772,0.67853170189099,0.9283560195343776,0.7383390656080072,0.0859276794976356
0.8828061638280617,0.592274678111588,0.736,0.6563614744351962,0.9169379882034114,0.7040077559466837,0.08684204773995374
0.8824006488240065,0.5875,0.7540106951871658,0.6604215456674473,0.9249023527366795,0.7349902261195668,0.08484502941306007
0.8625304136253041,0.5403846153846154,0.7375328083989501,0.6237513873473918,0.9132372841883972,0.6977145132330529,0.09727557517101296
0.8694241686942417,0.5714285714285714,0.7556675062972292,0.6507592190889371,0.9168729219752298,0.7189579294409312,0.09297870685058891
0.8856447688564477,0.6016597510373444,0.7631578947368421,0.6728538283062645,0.9248902457485997,0.7259866146394048,0.08380526094396641
0.8787510137875101,0.594488188976378,0.7645569620253164,0.6688815060908084,0.9291029222108809,0.7445083663740606,0.0865066825280861
0.8791565287915653,0.5880149812734082,0.8010204081632653,0.6781857451403888,0.9303143388502942,0.7487797225514219,0.08773496150331898
0.8803730738037308,0.5938104448742747,0.7831632653061225,0.6754675467546755,0.9341851494696239,0.766305367693032,0.08350737002843958
0.8779399837793999,0.5711340206185567,0.7486486486486487,0.6479532163742691,0.9253829688467093,0.7268075502196838,0.08629642474006553
0.8734793187347932,0.5747126436781609,0.7692307692307693,0.6578947368421053,0.9180252951929253,0.7119598437969943,0.09283278244681692
0.8791565287915653,0.5892857142857143,0.7654639175257731,0.6659192825112108,0.922825526130399,0.7274939289054406,0.0874049873999006
0.8746958637469586,0.5327510917030568,0.7197640117994101,0.6122961104140527,0.9154680723885762,0.6928961498444642,0.08885972815886956
0.8673965936739659,0.5583657587548638,0.7416020671834626,0.6370699223085461,0.9178321917340005,0.7130789264984074,0.09297744549238313
0.8860502838605029,0.5822510822510822,0.7535014005602241,0.6568986568986569,0.9176704346982985,0.705040275061005,0.08564571119112979
0.8742903487429035,0.564,0.7540106951871658,0.6453089244851259,0.9228599400824122,0.7282124331352915,0.08945545925093182
0.8767234387672344,0.5735294117647058,0.7299465240641712,0.6423529411764706,0.9167966073966524,0.6980572465008024,0.08718539271061204
0.8726682887266829,0.571992110453649,0.7493540051679587,0.6487695749440716,0.919298808187697,0.7215364896860292,0.09005462097579421
0.8864557988645579,0.6008583690987125,0.7486631016042781,0.6666666666666666,0.9345482152534228,0.7581892928164098,0.07848474814724919
0.8787510137875101,0.5984990619136961,0.7896039603960396,0.6808964781216649,0.9227475487606956,0.7561155470592611,0.08952155371297671
0.8949716139497161,0.6102783725910065,0.787292817679558,0.6875753920386007,0.9377914732264774,0.7584524624751774,0.0771891112639257
0.8722627737226277,0.6061185468451242,0.744131455399061,0.6680716543730242,0.9243878302494706,0.7506432319264299,0.08993194174768344
0.8795620437956204,0.5801526717557252,0.7979002624671916,0.6718232044198895,0.9310447704828264,0.7254390521340127,0.08647620546779168
0.8803730738037308,0.5896907216494846,0.7486910994764397,0.6597462514417531,0.9210125011305283,0.7181983953533795,0.08665684970644033
0.8706407137064072,0.5734126984126984,0.7353689567430025,0.6443701226309922,0.9142249373687383,0.7181001160763827,0.09341620914734376
0.8763179237631792,0.5711297071129707,0.7319034852546917,0.6415981198589894,0.9162547442067199,0.7129647428208519,0.09023167676185084
0.862124898621249,0.5269461077844312,0.7193460490463215,0.6082949308755761,0.9091444868647715,0.6734661227818974,0.09595374077870383
0.8657745336577454,0.587360594795539,0.7435294117647059,0.656282450674974,0.9065360117589416,0.719769111329423,0.09796897519254953
0.8799675587996756,0.5772357723577236,0.7634408602150538,0.6574074074074074,0.9287595896108698,0.7348113084009659,0.08479463154987148
0.8799675587996756,0.5589430894308943,0.7768361581920904,0.6501182033096927,0.9266058359013868,0.7205520363544944,0.08530401357851328
0.8795620437956204,0.5836734693877551,0.7546174142480211,0.6582278481012658,0.9274956288014888,0.7198572385867457,0.08613203028733864
0.8799675587996756,0.5634095634095634,0.7591036414565826,0.6467780429594272,0.9204755396705862,0.7202434045011872,0.08836965525263712
0.8722627737226277,0.5691382765531062,0.7395833333333334,0.6432616081540203,0.9092719340377842,0.6811281866348862,0.09376552148841084
0.8746958637469586,0.5823754789272031,0.769620253164557,0.6630316248636859,0.9273536296902982,0.7366627016552076,0.08976909104461167
0.8653690186536902,0.5732600732600732,0.7597087378640777,0.6534446764091858,0.9146751306945482,0.7199532345306113,0.09598518361864342
0.8751013787510138,0.5770020533880903,0.7336814621409922,0.6459770114942529,0.9223980275486375,0.7190796315013908,0.08894068541764646
0.8771289537712895,0.5959183673469388,0.7355163727959698,0.6583990980834273,0.9205861262513803,0.728470053980259,0.08821949169793411
0.8633414436334145,0.5543071161048689,0.7493670886075949,0.6372443487621098,0.9177294647604961,0.7179674979214555,0.0944067977303142
0.8933495539334956,0.5987261146496815,0.7921348314606742,0.6819830713422007,0.936076202140689,0.7528289073786467,0.07836293681975762
0.8738848337388483,0.5856573705179283,0.7405541561712846,0.6540600667408232,0.9195293848377086,0.7386014075505841,0.08828250765952761
0.875506893755069,0.5807770961145194,0.7357512953367875,0.6491428571428571,0.9201175767237944,0.7315444130872213,0.088472537377648
0.8738848337388483,0.5405405405405406,0.7428571428571429,0.6257521058965102,0.9152862543883338,0.6940214135002254,0.09054996720304637
0.8828061638280617,0.5872689938398358,0.7647058823529411,0.6643437862950058,0.9263146593593112,0.7364948458187474,0.0850150157607331
0.8828061638280617,0.5783132530120482,0.784741144414169,0.6658959537572254,0.92761312315583,0.7392956174675064,0.0858217556915876
0.870235198702352,0.5895953757225434,0.7409200968523002,0.6566523605150214,0.9109010731357525,0.6997030638132651,0.09629552394081782
0.8722627737226277,0.5717092337917485,0.75,0.6488294314381271,0.9233452070289632,0.7311349470152015,0.08950011084011547
0.8682076236820763,0.5732600732600732,0.7728395061728395,0.658254468980021,0.9315470735169911,0.7494435100714775,0.09012385896022514
0.8799675587996756,0.5801217038539553,0.7626666666666667,0.6589861751152074,0.9252147297943567,0.7155598623977606,0.08788402545317452
0.8791565287915653,0.5714285714285714,0.7608695652173914,0.6526806526806527,0.9204418286566917,0.7216218491079612,0.08787064259564002
0.8799675587996756,0.5745526838966203,0.7789757412398922,0.6613272311212814,0.9251046967172513,0.7330559180622481,0.08722464731320444
0.8718572587185726,0.5692599620493358,0.7712082262210797,0.6550218340611353,0.9156114278924641,0.7109375934180514,0.0921913346227019
0.8815896188158961,0.5964912280701754,0.782608695652174,0.6769911504424779,0.9308612454934828,0.7515297001231195,0.08494836172425138
0.8811841038118411,0.6121673003802282,0.7834549878345499,0.687299893276414,0.9308931393965226,0.7628929720561644,0.08498637483091188
0.8832116788321168,0.5978947368421053,0.7454068241469817,0.6635514018691588,0.924818570340578,0.7436041497288813,0.08425455009724267
0.8775344687753447,0.5814889336016097,0.7545691906005222,0.6568181818181819,0.9284284441124158,0.7325942688462672,0.08464105819907901
0.8868613138686131,0.6054852320675106,0.7572559366754618,0.6729191090269636,0.9299204903327927,0.7330879532657142,0.08354167029893898
0.8726682887266829,0.5482456140350878,0.6983240223463687,0.6142506142506142,0.9135019028335789,0.6897398702243739,0.09033540228894517
0.8751013787510138,0.5776515151515151,0.782051282051282,0.664488017429194,0.9216725952275084,0.7175802843431661,0.09190687026419031
0.8742903487429035,0.5560081466395111,0.7479452054794521,0.6378504672897196,0.9169658284052604,0.713688064961137,0.09066871956422956
0.8763179237631792,0.5691382765531062,0.7593582887700535,0.6506300114547537,0.9238095724992588,0.6992630412239461,0.0889625576642992
0.8795620437956204,0.5762376237623762,0.7780748663101604,0.6621160409556314,0.9305630821770738,0.7361269338550703,0.08519745598785196
0.883617193836172,0.5967413441955194,0.7670157068062827,0.6712485681557846,0.9276172985901057,0.7496450931335751,0.08423176723392702
0.8767234387672344,0.573469387755102,0.7473404255319149,0.648960739030023,0.9183281584037464,0.6995337952883798,0.08917184857341945
0.8633414436334145,0.5399610136452242,0.7328042328042328,0.621773288439955,0.9140236980275294,0.7055685126021156,0.09507029437978293
0.875506893755069,0.5977443609022557,0.7737226277372263,0.6744432661717922,0.922396860070684,0.7320462988292219,0.09140409435807453
0.8706407137064072,0.5621052631578948,0.7063492063492064,0.6260257913247362,0.918187070485921,0.7155005810442938,0.08872328757611198
0.883617193836172,0.5858369098712446,0.7438692098092643,0.6554621848739496,0.9301704587496576,0.7521967204588622,0.08179155538084204
0.8775344687753447,0.5977443609022557,0.7832512315270936,0.6780383795309168,0.9267217466162897,0.759166827767802,0.0870993604467311
0.889294403892944,0.6374269005847953,0.7898550724637681,0.7055016181229773,0.9363211100752418,0.7695666849209396,0.08123233480662279
0.8824006488240065,0.6128364389233955,0.7418546365914787,0.671201814058957,0.9267302266309216,0.7377690659221227,0.08469081242535667
0.8686131386861314,0.549266247379455,0.706199460916442,0.6179245283018868,0.9091817895258252,0.6835571211690189,0.09544335980122112
0.8698296836982968,0.5714285714285714,0.7244897959183674,0.6389201349831272,0.9178138468502155,0.7193828054369018,0.0912592393991201
0.8767234387672344,0.62,0.7311320754716981,0.670995670995671,0.9159501875704544,0.740895989370981,0.08937634105272832
0.8673965936739659,0.5568627450980392,0.7376623376623377,0.6346368715083799,0.9192845597458763,0.7340393967846799,0.09201404644731731
0.8909164639091647,0.6385542168674698,0.7813267813267813,0.7027624309392265,0.9289521761595584,0.750047035971105,0.08309944043040428
0.8694241686942417,0.5403225806451613,0.7403314917127072,0.6247086247086248,0.9120866857130854,0.6604805149641872,0.09494966201090121
0.8807785888077859,0.5875251509054326,0.7664041994750657,0.6651480637813212,0.9168602126173078,0.7201957571955466,0.08852662550669303
0.8771289537712895,0.5987394957983193,0.7178841309823678,0.6529209621993127,0.9184616864278123,0.7242583335042699,0.08822826363671707
0.8763179237631792,0.5720081135902637,0.75,0.6490218642117376,0.9268451593199634,0.7234181839801332,0.08634195389375057
0.8815896188158961,0.5984251968503937,0.7755102040816326,0.6755555555555556,0.9247473579595773,0.7504161237230784,0.0861887195652123
0.8665855636658556,0.5647279549718575,0.7562814070351759,0.6466165413533834,0.910981406063198,0.7146916906411852,0.095409692772413
0.8775344687753447,0.593939393939394,0.7443037974683544,0.6606741573033708,0.9228599893648882,0.7567180006147445,0.08579692039112805
0.8852392538523925,0.5891304347826087,0.7424657534246575,0.656969696969697,0.9130929172670549,0.6865369639381047,0.08770127638789438
0.8852392538523925,0.6032719836400818,0.7682291666666666,0.6758304696449027,0.9345643711975664,0.7506160369586428,0.08116294063397024
0.8799675587996756,0.632495164410058,0.7551963048498845,0.6884210526315789,0.9221187587258275,0.7508834391200138,0.08826854257418505
0.8779399837793999,0.5904572564612326,0.7576530612244898,0.6636871508379888,0.921009387361502,0.7238093673500217,0.09012900409773278
0.8710462287104623,0.5570866141732284,0.7526595744680851,0.6402714932126696,0.9197457497709457,0.7236383166635589,0.09146527834226878
0.8852392538523925,0.5872689938398358,0.7771739130434783,0.6690058479532164,0.9237537302607037,0.731495164215543,0.08409288863229096
0.8856447688564477,0.6138996138996139,0.795,0.6928104575163399,0.9274939496611811,0.7629566279338678,0.08469073474215975
0.8617193836171938,0.5421686746987951,0.7049608355091384,0.6129398410896708,0.9134884035753814,0.7172328119737442,0.09304525104105908
0.8799675587996756,0.5601659751037344,0.7627118644067796,0.645933014354067,0.922656116247218,0.7083026280258072,0.08695904740696613
0.8803730738037308,0.6271186440677966,0.7744186046511627,0.6930280957336108,0.9200678484945402,0.7524630675413482,0.08866070145805137
0.8884833738848338,0.6432865731462926,0.7679425837320574,0.7001090512540894,0.9267718301435406,0.7757847171053949,0.08271668714649877
0.8698296836982968,0.5289256198347108,0.7335243553008596,0.6146458583433373,0.9140306402123348,0.6792614324839735,0.09275472008861528
0.8734793187347932,0.5869158878504673,0.7753086419753087,0.6680851063829787,0.9181974470022343,0.7225631913551486,0.09297019052112317
0.8742903487429035,0.5678496868475992,0.7253333333333334,0.6370023419203747,0.9172886975928584,0.71333575852839,0.08933867931874628
0.884022708840227,0.6008230452674898,0.7604166666666666,0.671264367816092,0.9268994656580211,0.7303928878354884,0.08397331099527333
0.8921330089213301,0.6131868131868132,0.7560975609756098,0.6771844660194175,0.9327313635558865,0.7470377360673973,0.07724718147297263
0.8722627737226277,0.5496828752642706,0.7182320441988951,0.6227544910179641,0.9130149360334432,0.6919184713939742,0.08914874002320011
0.8848337388483374,0.6133603238866396,0.7651515151515151,0.6808988764044944,0.9276057678231591,0.7590669750102981,0.08302740698764488
0.8698296836982968,0.5320910973084886,0.7301136363636364,0.615568862275449,0.9123726025629999,0.6668080061185473,0.09390607789300212
0.8787510137875101,0.5653923541247485,0.771978021978022,0.6527293844367015,0.9255836931859768,0.7069998418112278,0.08757067618820942
0.8807785888077859,0.6179337231968811,0.763855421686747,0.6831896551724138,0.9265030869455394,0.7403823248104151,0.08736384336820381
0.8714517437145174,0.5641025641025641,0.7486910994764397,0.6434195725534309,0.9134027896413461,0.7085899889964465,0.09379980412751063
0.8775344687753447,0.568359375,0.782258064516129,0.6583710407239819,0.9257992626141254,0.7479586509889166,0.08839001339173984
0.8852392538523925,0.592814371257485,0.7898936170212766,0.677309007981756,0.9278733584444671,0.7517642817320768,0.08236948792267575
0.8730738037307381,0.5308370044052864,0.7067448680351907,0.6062893081761006,0.9072085561497326,0.6720795345144854,0.0917905498257925
0.8751013787510138,0.5928853754940712,0.746268656716418,0.6607929515418502,0.9179622719734659,0.721468605061011,0.0905142707346121
0.8714517437145174,0.5437262357414449,0.7878787878787878,0.6434195725534309,0.9212878362145642,0.7254415526935722,0.09145873388916437
0.8730738037307381,0.5866666666666667,0.7623762376237624,0.6630785791173305,0.921790821177171,0.7254628489651362,0.09042476389509765
0.8803730738037308,0.6080808080808081,0.7487562189054726,0.6711259754738016,0.9238147923174824,0.7554227135563527,0.08633153733271241
0.8856447688564477,0.615530303030303,0.8044554455445545,0.6974248927038627,0.9321635728073292,0.7518851414586452,0.08372618202142164
0.8917274939172749,0.6145610278372591,0.767379679144385,0.6825208085612366,0.9351898242349259,0.7604751578781209,0.07877496479910416
0.8771289537712895,0.5534591194968553,0.7457627118644068,0.6353790613718412,0.9177607644239,0.6968829618104879,0.0892225998899801
0.8787510137875101,0.6011787819253438,0.7611940298507462,0.6717892425905598,0.9309159146129816,0.758927578392452,0.08559375668096814
0.8710462287104623,0.5494736842105263,0.7150684931506849,0.6214285714285714,0.9141582938326824,0.7003321341565834,0.0914681871355945
0.8767234387672344,0.6068548387096774,0.7341463414634146,0.6644591611479028,0.9199440068330644,0.7345789523702166,0.08789511500763045
0.8775344687753447,0.5957446808510638,0.7680798004987531,0.6710239651416122,0.9239467916166002,0.7381675061696538,0.09016867550951896
0.8807785888077859,0.6082677165354331,0.7648514851485149,0.6776315789473685,0.9230680585032316,0.7279580933204021,0.09000781357153909
0.8982157339821574,0.6331877729257642,0.7774798927613941,0.6979542719614922,0.9339339993262362,0.7403274704472074,0.0784554250277759
0.8763179237631792,0.5682281059063137,0.75,0.6465816917728853,0.9249237452629633,0.7295781292009642,0.08668854734823234
0.8832116788321168,0.6160337552742616,0.7336683417085427,0.6697247706422018,0.9261442609566206,0.7494207289634839,0.08387148973726592
0.8767234387672344,0.5895372233400402,0.7455470737913485,0.6584269662921348,0.9216461741842594,0.7385449813819682,0.08741982907321766
0.8759124087591241,0.5477178423236515,0.75,0.6330935251798561,0.9153599918293628,0.7165770603127635,0.08827363858919202
0.8799675587996756,0.576,0.7741935483870968,0.6605504587155964,0.9260123650778979,0.7285208938769869,0.08678231478742489
0.8775344687753447,0.589041095890411,0.7659033078880407,0.665929203539823,0.9252978744036069,0.730896320991347,0.08841222860710098
0.878345498783455,0.565922920892495,0.7643835616438356,0.6503496503496503,0.9254771048359229,0.7352468078390823,0.08597683175838466
0.889294403892944,0.6145374449339207,0.7400530503978779,0.6714801444043321,0.9297367923174694,0.7497664085060535,0.07966492394632162
0.8775344687753447,0.5964566929133859,0.7575,0.6674008810572687,0.9227408034849952,0.7219672260735257,0.08913126263130694
0.8824006488240065,0.5696465696465697,0.7675070028011205,0.6539379474940334,0.9214729988723798,0.7190096040534827,0.08630163255716924
0.8775344687753447,0.5280172413793104,0.7469512195121951,0.6186868686868687,0.9062492870017568,0.6733276188831679,0.09229178557957479
0.8686131386861314,0.5754527162977867,0.7167919799498746,0.6383928571428571,0.9155023504576634,0.711784677138478,0.09431227765989686
0.8771289537712895,0.5577689243027888,0.775623268698061,0.6488991888760139,0.9201544929958351,0.6982704378188801,0.09078861442698817
0.8832116788321168,0.5854126679462572,0.8090185676392573,0.6792873051224945,0.9319245815837156,0.7515549236957422,0.08529718940284464
0.8848337388483374,0.6133603238866396,0.7651515151515151,0.6808988764044944,0.9259381252134876,0.7480552645397203,0.08528457952587944
0.8811841038118411,0.5410526315789473,0.7740963855421686,0.6369268897149938,0.9264193606666591,0.710214002286661,0.08382067307796301
0.8868613138686131,0.5735294117647058,0.7822349570200573,0.6618181818181819,0.9254703024905493,0.7202307568150296,0.08496448539181663
0.8815896188158961,0.5896414342629482,0.774869109947644,0.669683257918552,0.9244945282431087,0.7454025006338683,0.08556795900370373
0.8828061638280617,0.6015625,0.7837150127226463,0.6806629834254143,0.9284954135872707,0.7568972812882084,0.0848631852552901
0.884022708840227,0.6168582375478927,0.7892156862745098,0.6924731182795699,0.9302054154995332,0.7683936899044089,0.08470947388473486
0.8848337388483374,0.5726141078838174,0.7796610169491526,0.6602870813397129,0.9310985918507106,0.7351154008448022,0.08167836206414558
0.8807785888077859,0.5849056603773585,0.744,0.6549295774647887,0.9268611509644508,0.7483863131503793,0.08285688984593154
0.8848337388483374,0.5818965517241379,0.75,0.6553398058252428,0.9299593753297457,0.7363669025307864,0.08206789948719723
0.8779399837793999,0.5699588477366255,0.7506775067750677,0.6479532163742691,0.9225025297463275,0.7128030140642522,0.08722531232395506
0.8787510137875101,0.5578512396694215,0.7605633802816901,0.6436233611442194,0.9283951935201926,0.7490727107534768,0.08339071257281097
0.8807785888077859,0.5674044265593562,0.7811634349030471,0.6573426573426573,0.9249774642882991,0.7253092383516464,0.08726007673341117
0.8767234387672344,0.582,0.7538860103626943,0.6568848758465011,0.9290703467516939,0.7394097898440429,0.08525010693706554
0.8722627737226277,0.5680473372781065,0.75,0.6464646464646465,0.925850044028178,0.7162951148791938,0.09113930861785292
0.8791565287915653,0.5808383233532934,0.7678100263852242,0.6613636363636364,0.9208620268959876,0.7180668113523406,0.08863198439678033
0.8848337388483374,0.5786163522012578,0.7688022284122563,0.6602870813397129,0.9247738999726339,0.7283696440014595,0.08326508995111767
0.8860502838605029,0.593939393939394,0.786096256684492,0.6766398158803222,0.9304442183617755,0.7363577611873511,0.08385933267293401
0.8880778588807786,0.609704641350211,0.7605263157894737,0.6768149882903981,0.9217363879497401,0.720632037368599,0.0852293983901354
0.883617193836172,0.5599173553719008,0.7855072463768116,0.6537997587454765,0.9238874197978804,0.7559765799601579,0.08400216582138523
0.8880778588807786,0.6031434184675835,0.8057742782152231,0.6898876404494382,0.9349673017491518,0.7636988535096809,0.0831532187086925
0.8807785888077859,0.6164658634538153,0.748780487804878,0.6762114537444934,0.9264318591629496,0.7661098054707484,0.08359507278135955
0.8787510137875101,0.5731462925851704,0.7688172043010753,0.6567164179104478,0.9199992811001221,0.7206972314305587,0.08936236378301625
0.8969991889699919,0.6272912423625254,0.8126649076517151,0.7080459770114943,0.9384466979277422,0.758392309256985,0.07926039462336637
0.8779399837793999,0.58195211786372,0.8102564102564103,0.677384780278671,0.9297724914776938,0.7330584244900538,0.08871142962166773
0.8767234387672344,0.592741935483871,0.7424242424242424,0.6591928251121076,0.9148965500414776,0.697348714427626,0.09176746540431208
0.8726682887266829,0.5613305613305614,0.7238605898123325,0.6323185011709602,0.91746393250065,0.6911447854221245,0.09045418766154813
0.8791565287915653,0.5941747572815534,0.7746835443037975,0.6725274725274726,0.9252058260853621,0.7421493557708588,0.08674733731759747
0.8751013787510138,0.5754310344827587,0.7063492063492064,0.6342042755344418,0.9142112144985708,0.6960771256431805,0.08906309697485115
0.8803730738037308,0.5923566878980892,0.7303664921465969,0.6541617819460727,0.922013646732522,0.7205507605401812,0.08617718155846112
0.8832116788321168,0.5913978494623656,0.7372654155495979,0.6563245823389021,0.9165544794405966,0.715934258307563,0.08719338926143244
0.8718572587185726,0.5836501901140685,0.7599009900990099,0.6602150537634408,0.9194032036569322,0.7336929024776918,0.09075091836810113
0.8759124087591241,0.5786290322580645,0.7473958333333334,0.6522727272727272,0.9180700648414986,0.7129268266109839,0.08966336966511536
0.8864557988645579,0.5995893223819302,0.7745358090185677,0.6759259259259259,0.9261789365287162,0.7441854225028351,0.08259059434655872
0.8690186536901865,0.5711422845691383,0.7233502538071066,0.6382978723404256,0.9115447935244889,0.6974908186424097,0.09376511945347807
0.8673965936739659,0.539651837524178,0.7581521739130435,0.6305084745762712,0.9125487006258548,0.6928362964675406,0.0966865041578834
0.8860502838605029,0.6016260162601627,0.7769028871391076,0.6781214203894617,0.9252390213813201,0.7567670088740633,0.08285842047409832
0.8690186536901865,0.5526838966202783,0.7393617021276596,0.6325369738339022,0.9179311310190369,0.7073779448443139,0.0918717362659003
0.8759124087591241,0.5702479338842975,0.7379679144385026,0.6433566433566433,0.9213147104835329,0.713375505748528,0.08856592886404177
0.8921330089213301,0.639344262295082,0.7761194029850746,0.701123595505618,0.935273969300783,0.7736596723639177,0.07865248503756843
0.8751013787510138,0.5460122699386503,0.7563739376770539,0.6342042755344418,0.9186822704182527,0.7096328326257453,0.08938674598571494
0.8815896188158961,0.598,0.7666666666666667,0.6719101123595506,0.922309915518008,0.744605959030704,0.08640551870706215
0.8730738037307381,0.5890688259109311,0.7256857855361596,0.6502793296089385,0.9189326924818704,0.7348376239221374,0.08877550899457799
0.8698296836982968,0.5369003690036901,0.8060941828254847,0.6445182724252492,0.9214796586415408,0.7048564448472743,0.09516921211224817
0.8799675587996756,0.6019607843137255,0.7675,0.6747252747252748,0.9240984995159729,0.7438830000669112,0.08611307387209846
0.8738848337388483,0.6035502958579881,0.7355769230769231,0.6630552546045504,0.9188367729831144,0.7379555170685087,0.09009431734772841
0.8828061638280617,0.5826446280991735,0.7642276422764228,0.6611957796014069,0.9311624685154816,0.7468980926376256,0.08221836119897782
0.8706407137064072,0.5697445972495089,0.7435897435897436,0.6451612903225806,0.9137592016204733,0.7140598696475797,0.09120576677986209
0.8876723438767234,0.6088709677419355,0.7844155844155845,0.6855845629965948,0.9327845628662543,0.7628707282942149,0.08140682941377264
0.8751013787510138,0.5723014256619144,0.741424802110818,0.6459770114942529,0.9193347939815898,0.7256440082843421,0.08944171025872732
0.8819951338199513,0.5906432748538012,0.7890625,0.6755852842809364,0.922576699087416,0.720505154096375,0.08714938872657187
0.8791565287915653,0.598825831702544,0.7669172932330827,0.6725274725274726,0.9340610840114316,0.7640567969167489,0.0840898957156792
0.8742903487429035,0.5526315789473685,0.7541436464088398,0.6378504672897196,0.925121578471945,0.7278682653505203,0.08882088822276965
0.8775344687753447,0.6135922330097088,0.7541766109785203,0.6766595289079229,0.9225328876416153,0.7470866322573839,0.08841012808511237
0.8848337388483374,0.6344969199178645,0.744578313253012,0.6851441241685144,0.9240382299554141,0.7421967370772847,0.08404876439716592
0.883617193836172,0.6028513238289206,0.7628865979381443,0.6734926052332195,0.923033894605241,0.7517316367235776,0.08455349377147406
0.8994322789943228,0.6442953020134228,0.7639257294429708,0.6990291262135923,0.9315436548397378,0.7558202503965005,0.07626551345368245
0.8852392538523925,0.5761589403973509,0.7414772727272727,0.6484472049689441,0.9189064247011267,0.7021119633283365,0.08391419740694604
0.8751013787510138,0.5728542914171657,0.7532808398950132,0.6507936507936508,0.9211981595825701,0.7170684741528408,0.08995452277869127
0.870235198702352,0.5640495867768595,0.7146596858638743,0.6304849884526559,0.9124770125915728,0.7033301794822857,0.09315281919585228
0.8718572587185726,0.5976331360946746,0.7301204819277108,0.6572668112798264,0.9218283176587383,0.7474057309096824,0.08888935322397552
0.8828061638280617,0.6188524590163934,0.745679012345679,0.6763717805151176,0.9205204233831115,0.7415609852673932,0.08626560205137779
0.8896999188969992,0.6190476190476191,0.7959183673469388,0.6964285714285714,0.9300597288095566,0.7665125904589681,0.08208856341358925
0.8771289537712895,0.5762376237623762,0.7657894736842106,0.6576271186440678,0.9235769793611547,0.730395907861993,0.08800031080726947
0.8819951338199513,0.5833333333333334,0.7547169811320755,0.6580493537015276,0.9239390411002966,0.7358692361647424,0.08584291119484833
0.8888888888888888,0.5860566448801743,0.7620396600566572,0.6625615763546798,0.9289291033920597,0.7383274840937812,0.08276745532986617
0.8775344687753447,0.6058252427184466,0.7591240875912408,0.673866090712743,0.9189467265763286,0.7235644445538176,0.08912770301760432
0.8807785888077859,0.5444444444444444,0.7335329341317365,0.625,0.917277078113941,0.6775627262262204,0.0862590243237284
0.8706407137064072,0.5433403805496829,0.7138888888888889,0.617046818727491,0.912037037037037,0.7026005596348678,0.09144573864423068
0.8880778588807786,0.5953389830508474,0.76775956284153,0.6706443914081146,0.9295107988550612,0.7537172028072524,0.07998570818584175
0.8694241686942417,0.5663366336633663,0.7352185089974294,0.639821029082774,0.9259622775087164,0.7338833563630673,0.08855265539370971
0.8933495539334956,0.6164658634538153,0.8100263852242744,0.7001140250855188,0.9294350123202688,0.7530698227207976,0.08115562588496382
0.8710462287104623,0.568,0.7357512953367875,0.6410835214446953,0.9124140593862097,0.6902474905479093,0.09344630745052136
0.8763179237631792,0.5722772277227722,0.7645502645502645,0.6545866364665912,0.912631261529729,0.729690468866972,0.09164145171549704
0.8759124087591241,0.5749486652977412,0.7387862796833773,0.6466512702078522,0.9232236751444107,0.7247187430995865,0.08653604880982736
0.8775344687753447,0.5815899581589958,0.7315789473684211,0.6480186480186481,0.9227557147903316,0.7137310437090496,0.0871080696226008
0.8751013787510138,0.5633528265107213,0.774798927613941,0.6523702031602708,0.92930731699819,0.7373120963433041,0.08637806098525751
0.8706407137064072,0.5663366336633663,0.7409326424870466,0.6419753086419753,0.9165840474292548,0.7006968436862009,0.09266986537515934
0.8803730738037308,0.5818540433925049,0.7804232804232805,0.6666666666666666,0.9263516389953171,0.7447288094799168,0.08653377214706567
0.8896999188969992,0.6057494866529775,0.7866666666666666,0.6844547563805105,0.9281377331420373,0.747137348897567,0.08371033033951097
0.8803730738037308,0.5676229508196722,0.7673130193905817,0.6525323910482921,0.921754693020838,0.6989424384365943,0.08791152814937873
0.8738848337388483,0.5992438563327032,0.7620192307692307,0.6708994708994709,0.9165091463414634,0.7438199854490428,0.09023471878986963
0.8698296836982968,0.5663551401869159,0.7729591836734694,0.6537216828478964,0.914089406254305,0.7090461168448737,0.09525091616696704
0.8807785888077859,0.5782881002087683,0.7506775067750677,0.6533018867924528,0.9242032429861733,0.7247335224559602,0.0860504567832943
0.8787510137875101,0.6294117647058823,0.7447795823665894,0.6822529224229543,0.9284345302906789,0.7772281683544059,0.0855684360554183
0.8759124087591241,0.5896414342629482,0.7474747474747475,0.6592427616926503,0.9229273410432831,0.746657630954507,0.0864241800891744
0.8746958637469586,0.595703125,0.7493857493857494,0.6637649619151251,0.9224570501889588,0.7565570060008902,0.08852892134562108
0.8771289537712895,0.570264765784114,0.7526881720430108,0.6488991888760139,0.9156602068377648,0.7185198732556238,0.08970592150399175
0.8815896188158961,0.5915789473684211,0.741424802110818,0.65807962529274,0.9264601952279028,0.7392924538046641,0.08397594087880997
0.8751013787510138,0.575,0.7263157894736842,0.641860465116279,0.914908916586769,0.6958795798702833,0.09023759415916399
0.8726682887266829,0.5819209039548022,0.770573566084788,0.6630901287553648,0.9233562582647498,0.7344319372855175,0.09132372563233893
0.8787510137875101,0.5802469135802469,0.7480106100795756,0.6535341830822712,0.9232877025419242,0.7197388776878093,0.0883078952675486
0.8710462287104623,0.5664621676891616,0.7232375979112271,0.6353211009174312,0.917425534821864,0.6986402736517279,0.0906410421232586
0.8787510137875101,0.5705263157894737,0.7404371584699454,0.6444708680142688,0.9197215716887848,0.7234706891138825,0.08714235708290859
0.8824006488240065,0.5979166666666667,0.7473958333333334,0.6643518518518519,0.9181963956932437,0.7360928716717204,0.08665147183946598
0.8815896188158961,0.5855130784708249,0.7718832891246684,0.665903890160183,0.9291095329457193,0.7463937121441478,0.0838570969439769
0.8759124087591241,0.6019230769230769,0.7597087378640777,0.6716738197424893,0.9196831188965882,0.7614935144406205,0.08765962457375703
0.8799675587996756,0.6107784431137725,0.7518427518427518,0.6740088105726872,0.9238782691915279,0.7491123384045095,0.08516292369642331
0.8799675587996756,0.5956175298804781,0.7627551020408163,0.668903803131991,0.9238740578198492,0.737835234279329,0.08647109527454823
0.8746958637469586,0.5818540433925049,0.7525510204081632,0.6562847608453838,0.9177523468403754,0.7276069238276203,0.0894947177566667
0.8775344687753447,0.6054158607350096,0.7615571776155717,0.6745689655172413,0.9307889486801524,0.7617089964359781,0.08693643847911862
0.8746958637469586,0.568359375,0.7678100263852242,0.6531986531986532,0.9202071372853434,0.6842375335338643,0.09275639161377117
0.8746958637469586,0.574757281553398,0.7668393782383419,0.6570477247502775,0.920604573535273,0.7121423383007722,0.09102591020033314
0.8888888888888888,0.5790598290598291,0.7787356321839081,0.6642156862745098,0.9275110438170906,0.7361014991206257,0.08115689484880148
0.8767234387672344,0.55863539445629,0.7298050139275766,0.6328502415458938,0.9191565983133554,0.6927769298208408,0.08859965080554184
0.870235198702352,0.5374280230326296,0.7799442896935933,0.6363636363636364,0.9200912728892814,0.7070906322583488,0.0926269022940375
0.8694241686942417,0.5616161616161616,0.7258485639686684,0.6332574031890661,0.9139559457450529,0.6993195489190424,0.09193400094826075
0.870235198702352,0.583011583011583,0.7438423645320197,0.6536796536796536,0.9181584485149936,0.7062783215727626,0.09340406255333018
0.8832116788321168,0.598343685300207,0.7545691906005222,0.6674364896073903,0.9277026883048024,0.7363912646710523,0.0839915236439652
0.8844282238442822,0.6252631578947369,0.7351485148514851,0.6757679180887372,0.9242504633586541,0.749394463891585,0.08403913582480207
0.870235198702352,0.5913555992141454,0.7288135593220338,0.6529284164859002,0.9110909564813319,0.7184824047700951,0.09430148258535226
0.8828061638280617,0.5869565217391305,0.7877984084880637,0.6727066817667045,0.9286689276785182,0.7484900949832577,0.08434579342176356
0.8832116788321168,0.621676891615542,0.7469287469287469,0.6785714285714286,0.9296932147830641,0.7587080357927687,0.08271474658960515
0.8844282238442822,0.5995975855130785,0.7760416666666666,0.6765039727582293,0.9275086055075249,0.7381901797208795,0.08390878963316836
0.8763179237631792,0.5802238805970149,0.7953964194373402,0.6709816612729234,0.9266311280929345,0.7387146451199766,0.08994105961761441
0.8815896188158961,0.5915789473684211,0.741424802110818,0.65807962529274,0.9239480993662236,0.7363358418064606,0.0855502156721115
0.8775344687753447,0.5786290322580645,0.7552631578947369,0.6552511415525114,0.9270096381894333,0.7342318676879848,0.08771627865434066
0.8726682887266829,0.5531062124248497,0.7520435967302452,0.6374133949191686,0.9197801470273246,0.7112884018601536,0.09031249685553114
0.8734793187347932,0.5770020533880903,0.7260981912144703,0.6430205949656751,0.9136510919456655,0.6880648236267228,0.09174292330835948
0.8767234387672344,0.5426829268292683,0.7716763005780347,0.6372315035799523,0.9220171229141674,0.69100434098682,0.08919963083139783
0.8730738037307381,0.5656565656565656,0.7407407407407407,0.6414662084765178,0.9176967402542116,0.7188377884108615,0.09074913718583283
0.8929440389294404,0.6149068322981367,0.792,0.6923076923076923,0.93106456241033,0.7614848695888216,0.08119505112630392
0.8686131386861314,0.5415821501014199,0.7315068493150685,0.6223776223776224,0.9142391424827055,0.6967687608318521,0.0928244292439494
0.8819951338199513,0.5698924731182796,0.7443820224719101,0.6455542021924482,0.9228233665264391,0.7278978167344294,0.08408474287922549
0.8795620437956204,0.6024844720496895,0.7348484848484849,0.6621160409556314,0.9222368613672961,0.7103247269991589,0.0872341855584185
0.878345498783455,0.5948616600790514,0.76010101010101,0.6674057649667405,0.9178829356365588,0.7267306570046823,0.08912260668311055
0.8763179237631792,0.5642105263157895,0.73224043715847,0.6373365041617123,0.9171649752797293,0.6994794479852473,0.08899851528782585
0.8771289537712895,0.592079207920792,0.7550505050505051,0.6637069922308546,0.9238691260430392,0.7260300146189851,0.08803735270835014
0.8832116788321168,0.5740365111561866,0.7839335180055401,0.6627634660421545,0.93397332561307,0.7402214448207571,0.08234174683297904
0.884022708840227,0.5821205821205822,0.7671232876712328,0.6619385342789598,0.9269089083476232,0.7381146491809024,0.08352726935702444
0.8746958637469586,0.5323886639676113,0.7712609970674487,0.629940119760479,0.9207590132827325,0.6799255642394477,0.09005080810233075
0.878345498783455,0.5912863070539419,0.7345360824742269,0.6551724137931034,0.918020648323626,0.726337066842002,0.08902628242326588
0.8742903487429035,0.5716981132075472,0.7849740932642487,0.6615720524017468,0.9283442108409725,0.7464352144235997,0.08985627693112452
0.8791565287915653,0.5903614457831325,0.7577319587628866,0.6636568848758465,0.9234047408789181,0.7281514572008414,0.08755005238517559
0.8625304136253041,0.5464684014869888,0.7557840616966581,0.6343042071197411,0.918748986636599,0.7162085150913392,0.09477918025480912
0.8848337388483374,0.5720164609053497,0.7853107344632768,0.6619047619047619,0.9358053522513268,0.7321656094943254,0.08299254785658276
0.8759124087591241,0.6123595505617978,0.7676056338028169,0.68125,0.9247479977906655,0.7626269184066949,0.08920828891011261
0.8730738037307381,0.5843137254901961,0.7468671679197995,0.6556655665566556,0.921236327393229,0.7285119154423187,0.08979291225305883
0.8803730738037308,0.5512820512820513,0.7521865889212828,0.6362515413070283,0.9135251974418729,0.6741542979875461,0.08889202598745896
0.8742903487429035,0.5641025641025641,0.7135135135135136,0.630071599045346,0.9163271095523003,0.699275709394663,0.08957097528351234
0.8710462287104623,0.5376569037656904,0.7259887005649718,0.6177884615384616,0.9162600582092107,0.7028256631125026,0.09055998086371247
0.8645579886455799,0.524416135881104,0.6918767507002801,0.5966183574879227,0.9022569672724472,0.6583809378091209,0.09538247156493752
0.8880778588807786,0.6193548387096774,0.7441860465116279,0.676056338028169,0.927733095691752,0.7322900502250538,0.08105857160991826
0.8742903487429035,0.6014362657091562,0.7919621749408984,0.6836734693877551,0.9236451748402259,0.7710446693796299,0.08918847858890568
0.8706407137064072,0.5642570281124498,0.7336814621409922,0.637911464245176,0.9168188581191268,0.7138660363461615,0.09180122827658994
0.8673965936739659,0.5688622754491018,0.7196969696969697,0.6354515050167224,0.9077001903088859,0.7006511345507701,0.09641167212485155
0.8937550689375506,0.6082251082251082,0.7762430939226519,0.6820388349514563,0.9274139760099154,0.7436600434574437,0.07978821406384669
0.8884833738848338,0.5978260869565217,0.7534246575342466,0.6666666666666666,0.9250233091874058,0.7152260451382683,0.08438869582738409
0.8819951338199513,0.5685071574642127,0.776536312849162,0.6564344746162928,0.9293367644408638,0.7337413610644486,0.0862745397233294
0.8824006488240065,0.5958333333333333,0.7486910994764397,0.6635730858468677,0.9273246173789832,0.7445395900383316,0.08469140228365422
0.8718572587185726,0.5803921568627451,0.7437185929648241,0.6519823788546255,0.9136312607525052,0.7261122029331661,0.09269412652240948
0.8791565287915653,0.5773809523809523,0.773936170212766,0.6613636363636364,0.9295441820217856,0.7479541986175269,0.08669193324326994
0.8811841038118411,0.556745182012848,0.7514450867052023,0.6396063960639606,0.9138946449994547,0.6829202729198373,0.09047045521848264
0.8775344687753447,0.6045081967213115,0.7301980198019802,0.6614349775784754,0.9136664393888467,0.7168694310547721,0.09053536730712856
0.8710462287104623,0.5737704918032787,0.717948717948718,0.6378132118451025,0.9210081023664838,0.7381413823739578,0.08979907719347399
0.8698296836982968,0.5653061224489796,0.7194805194805195,0.6331428571428571,0.9168107241149048,0.6981515526041395,0.09150775255011082
0.8706407137064072,0.5793499043977055,0.753731343283582,0.6551351351351351,0.9183298623163254,0.7244251900404721,0.09227867855124365
0.8852392538523925,0.5826086956521739,0.7465181058495822,0.6544566544566545,0.916841725353742,0.7151349581599941,0.08462596191025219
0.864963503649635,0.5531914893617021,0.7371134020618557,0.6320441988950276,0.9062503100721351,0.6881182859897077,0.09790308136761167
0.8852392538523925,0.564755838641189,0.7732558139534884,0.652760736196319,0.9251802818753698,0.7168837227187125,0.08405173477483319
0.8698296836982968,0.5483193277310925,0.7111716621253406,0.6192170818505338,0.9148926503213546,0.7168766761688468,0.09100107476538706
0.883617193836172,0.5833333333333334,0.7629427792915532,0.6611570247933884,0.9265590335608106,0.7326838996140564,0.084598119753678
0.8860502838605029,0.5759493670886076,0.773371104815864,0.660217654171705,0.9251443579406586,0.7306133986983617,0.08452788897474656
0.8787510137875101,0.5736738703339882,0.7807486631016043,0.6613816534541337,0.9207178351959591,0.7174385360796242,0.08923634298494892
0.875506893755069,0.5825049701789264,0.7512820512820513,0.6562150055991042,0.9161120992045848,0.7185284704205156,0.08979808808392695
0.8811841038118411,0.5850622406639004,0.752,0.6581096849474912,0.9258409054678782,0.7235722399704193,0.08601186015194164
0.8678021086780211,0.5754189944134078,0.7592137592137592,0.6546610169491526,0.9249772974882251,0.7350812450266943,0.09180399678143308
0.8819951338199513,0.5720164609053497,0.7700831024930748,0.6564344746162928,0.9216415209795962,0.7145669588483172,0.08575365554172676
0.8775344687753447,0.5801980198019802,0.7650130548302873,0.6599099099099099,0.9245502256862405,0.7320987130803719,0.0875256823870693
0.8787510137875101,0.5756302521008403,0.738544474393531,0.6469893742621016,0.9193947854280182,0.7237874252424211,0.08696935360314986
0.8560421735604218,0.5315985130111525,0.7352185089974294,0.6170442286947141,0.9047036151855368,0.6867951035813172,0.10159787932436408
0.8698296836982968,0.5673076923076923,0.7544757033248082,0.6476399560922064,0.9231084953625242,0.7231097696967332,0.09172368632818426
0.8795620437956204,0.6019607843137255,0.7655860349127181,0.6739846322722283,0.9310211154921413,0.7593943866000463,0.08386657234406322
0.8767234387672344,0.6233766233766234,0.7688787185354691,0.6885245901639344,0.9293708052461278,0.7559613108088403,0.0879853136772154
0.8819951338199513,0.608786610878661,0.7367088607594937,0.6666666666666666,0.9263976920585054,0.7309294311142387,0.08412125656138371
0.8807785888077859,0.5593561368209256,0.7875354107648725,0.6541176470588236,0.9255063420964782,0.7146248945994405,0.08938015377762205
0.8824006488240065,0.6016260162601627,0.7589743589743589,0.671201814058957,0.9222753322464305,0.7185589133987614,0.08653319994990206
0.8763179237631792,0.592156862745098,0.7568922305764411,0.6644664466446645,0.921788021092887,0.7394436344940536,0.08827009912242344
0.8807785888077859,0.6044624746450304,0.7506297229219143,0.6696629213483146,0.9190947573207952,0.723110103221052,0.08806071508156378
0.8791565287915653,0.5872420262664165,0.8005115089514067,0.6774891774891775,0.9277897266816626,0.7647654723224625,0.08712913464749322
0.8832116788321168,0.5895372233400402,0.7771883289124668,0.6704805491990846,0.9244634964250025,0.7335038288480524,0.08564166471077532
0.8807785888077859,0.5756972111553785,0.7810810810810811,0.6628440366972477,0.9266376108933361,0.717117024085666,0.08665171421766353
0.878345498783455,0.6026615969581749,0.7769607843137255,0.6788008565310493,0.9197095504868613,0.7194710970027892,0.0918604606361036
0.8901054339010543,0.5777777777777777,0.7624633431085044,0.6573957016434893,0.9243470760738313,0.7124508380677402,0.08207869560513666
0.875506893755069,0.5594989561586639,0.7362637362637363,0.6358244365361803,0.9170517874133478,0.6947669429980917,0.0918976077223791
0.8767234387672344,0.5560165975103735,0.7486033519553073,0.638095238095238,0.9208296672426405,0.6911281875550771,0.08895164098910945
0.8868613138686131,0.6215644820295984,0.7461928934010152,0.6782006920415224,0.927624551672775,0.7532323592941962,0.08205823401828342
0.8791565287915653,0.5767716535433071,0.7792553191489362,0.6628959276018099,0.9257800570090604,0.7383448517662056,0.08556588100359669
0.8791565287915653,0.5807770961145194,0.753315649867374,0.6558891454965358,0.9211214991245034,0.7212517988737887,0.08622457367130792
0.8759124087591241,0.5577342047930284,0.713091922005571,0.6259168704156479,0.9096379887706848,0.6793386056532817,0.09136844194595023
0.8819951338199513,0.614,0.7580246913580246,0.6784530386740332,0.9276343139192889,0.7401753849888748,0.08415276326474094
0.870235198702352,0.5930232558139535,0.7355769230769231,0.6566523605150214,0.9143269230769231,0.7332473988785546,0.09476777522040195
0.8572587185725872,0.5444646098003629,0.7481296758104738,0.6302521008403361,0.9118523304329973,0.7033924767112041,0.09973991447584771
0.8734793187347932,0.5988142292490118,0.7354368932038835,0.6601307189542484,0.9161026082188674,0.7304140004986661,0.09086467362805349
0.8771289537712895,0.6,0.7610837438423645,0.6710097719869706,0.9224843368884212,0.7488585085564666,0.08732421455317711
0.8641524736415247,0.5445920303605313,0.7513089005235603,0.6314631463146315,0.9136238707278592,0.7076931851928588,0.09785441257050413
0.8759124087591241,0.5909090909090909,0.7761194029850746,0.6709677419354839,0.9234905896872228,0.7344975885976932,0.09096193568608098
0.8738848337388483,0.5743380855397149,0.734375,0.6445714285714286,0.9240151196765931,0.7287595472659197,0.08739222481119267
0.8759124087591241,0.5914634146341463,0.7348484848484849,0.6554054054054054,0.9215232030449422,0.728583313053074,0.08820760882066675
0.8779399837793999,0.5833333333333334,0.7349081364829396,0.6504065040650406,0.9196220975975126,0.7027343098268285,0.08819635994322615
0.8803730738037308,0.6199186991869918,0.738498789346247,0.6740331491712708,0.9234829087297983,0.7318588849407902,0.08798204950082113
0.8742903487429035,0.5936329588014981,0.7731707317073171,0.6716101694915254,0.9228468729239822,0.7296570783089878,0.0892634330347187
0.8803730738037308,0.5890688259109311,0.7597911227154047,0.6636259977194983,0.9206506983676135,0.7248124084501142,0.08730134565715546
0.8933495539334956,0.6244897959183674,0.7948051948051948,0.6994285714285714,0.9347528972709175,0.7552414877556163,0.08055393895732021
0.8742903487429035,0.5798479087452472,0.7741116751269036,0.6630434782608695,0.9272301217098171,0.7364361460508978,0.08841458590147372
0.8872668288726683,0.6024340770791075,0.783641160949868,0.6811926605504587,0.9258407050556718,0.7560741445401509,0.08346754502483411
0.8856447688564477,0.5785123966942148,0.7821229050279329,0.665083135391924,0.9329582436687055,0.7341067552837174,0.0809189124727039
0.8665855636658556,0.5557692307692308,0.7467700258397932,0.6372657111356119,0.9099820650208247,0.6913059380268105,0.09751189787372312
0.8726682887266829,0.580952380952381,0.7644110275689223,0.6601731601731602,0.9249247938423708,0.7450032688355847,0.08803349745248774
0.8742903487429035,0.5591182364729459,0.7560975609756098,0.6428571428571429,0.916287689343274,0.6995918534054312,0.09129546174970363
0.8848337388483374,0.5881188118811881,0.7962466487935657,0.6765375854214123,0.9334177886456707,0.7235086522751565,0.08229737138351065
0.8633414436334145,0.535645472061657,0.7433155080213903,0.6226203807390818,0.9086563532070224,0.6729148382005973,0.09700691180385418
0.8678021086780211,0.5580952380952381,0.7571059431524548,0.6425438596491229,0.912363452415132,0.6892293504784017,0.09729756731927997
0.878345498783455,0.5781893004115226,0.7473404255319149,0.6519721577726219,0.9198081034307237,0.718620299785837,0.0896757186106302
0.8722627737226277,0.5711462450592886,0.7467700258397932,0.6472564389697648,0.9190266141170533,0.7200979615558596,0.09040649589943806
0.8657745336577454,0.5529865125240848,0.7435233160621761,0.6342541436464089,0.9087622060581905,0.7058421085752864,0.09691317636097117
0.875506893755069,0.5643564356435643,0.7661290322580645,0.6499429874572406,0.9180710889279149,0.7174478266812238,0.09055122739913136
0.8779399837793999,0.5687885010266941,0.7527173913043478,0.6479532163742691,0.9283220043934182,0.7284888455083467,0.0858148325199661
0.8771289537712895,0.599609375,0.7580246913580246,0.6695747001090513,0.9157630540130944,0.7118081462087907,0.09080787692782732
0.8909164639091647,0.6276150627615062,0.7672634271099744,0.6904487917146145,0.9384451360428928,0.7774294208395414,0.07633027075259245
0.8763179237631792,0.5562015503875969,0.790633608815427,0.6530147895335608,0.9235920349913347,0.7088250802545777,0.08988193033344483
0.8929440389294404,0.6047008547008547,0.7817679558011049,0.6819277108433734,0.9376326071886225,0.7562077346483765,0.07795605669626943
0.878345498783455,0.5854166666666667,0.7356020942408377,0.6519721577726219,0.9244593562520725,0.7149923629102556,0.08732840679842235
0.8751013787510138,0.5740740740740741,0.7342105263157894,0.6443418013856813,0.9199374274612706,0.7199927873749494,0.08944443756076983
0.878345498783455,0.5796812749003984,0.7657894736842106,0.6598639455782312,0.9254566786092748,0.7342953920127034,0.08524451165553774
0.8722627737226277,0.5841784989858012,0.7236180904522613,0.6464646464646465,0.9115099190342428,0.715283090716659,0.09229388425484773
0.8807785888077859,0.590818363273453,0.7688311688311689,0.6681715575620768,0.9252045407739786,0.7451805302070564,0.08479108305175431
0.8807785888077859,0.5930470347648262,0.7532467532467533,0.6636155606407322,0.9221690371137752,0.7289180723471248,0.08897876236091458
0.8896999188969992,0.6061855670103092,0.784,0.6837209302325581,0.9327926032201498,0.7627742969765369,0.08035355804122357
0.8787510137875101,0.5913757700205339,0.7422680412371134,0.6582857142857143,0.9241303096752429,0.7486350905175893,0.08639110763834648
0.8738848337388483,0.5763052208835341,0.7416020671834626,0.6485875706214689,0.9153364579721169,0.709940983450938,0.09168639928924126
0.8588807785888077,0.5215686274509804,0.7189189189189189,0.6045454545454545,0.9064846812461316,0.6625034282215871,0.09898929988741575
0.883617193836172,0.6302186878727635,0.7583732057416268,0.6883821932681867,0.9213470020933014,0.7512222787467838,0.08597428448046926
0.8921330089213301,0.6442687747035574,0.7912621359223301,0.710239651416122,0.9323708889119975,0.7676819891338554,0.08135363913998095
0.8819951338199513,0.5992217898832685,0.7837150127226463,0.679162072767365,0.932420837890287,0.7505699121748687,0.08431944650034234
0.884022708840227,0.6027667984189723,0.782051282051282,0.6808035714285714,0.9329702089817697,0.7645765659555167,0.08192313896442398
0.8690186536901865,0.5633528265107213,0.7448453608247423,0.6415094339622641,0.912088348233333,0.7087789153448408,0.09595569509684329
0.8779399837793999,0.5662393162393162,0.7300275482093664,0.6377858002406739,0.921336304295713,0.7360636464498532,0.08706881775404246
0.8726682887266829,0.5705521472392638,0.7284595300261096,0.6399082568807339,0.9192355372159806,0.7255282496053216,0.08926433031908078
0.8722627737226277,0.5615866388308977,0.7192513368983957,0.6307151230949589,0.9095114058138465,0.6984856648044642,0.09229645610131805
0.8803730738037308,0.5941176470588235,0.7749360613810742,0.6725860155382908,0.9242720241580131,0.7335871164856833,0.08701363795600714
0.8730738037307381,0.5564516129032258,0.7479674796747967,0.638150289017341,0.9220295350306864,0.7348616168950914,0.08740593082397667
0.8856447688564477,0.620754716981132,0.802439024390244,0.7,0.9349494637942489,0.7663217344115425,0.08240057234822279
0.8828061638280617,0.6045081967213115,0.7544757033248082,0.6712172923777019,0.9264141989954704,0.7342805929333053,0.08645402734908644
0.8669910786699108,0.5756457564575646,0.7609756097560976,0.6554621848739496,0.919271377052292,0.7497493201240947,0.0933544171576886
0.8844282238442822,0.583864118895966,0.7554945054945055,0.6586826347305389,0.9226691481686724,0.7296293440359486,0.08467737307367074
0.8799675587996756,0.5828343313373253,0.7704485488126649,0.6636363636363637,0.9240011985238434,0.7226093958810186,0.0872685115429742
0.8864557988645579,0.6082677165354331,0.7923076923076923,0.688195991091314,0.9295267032261252,0.747889334287944,0.08409524073195136
0.8791565287915653,0.565843621399177,0.7596685082872928,0.6485849056603774,0.9171113165136652,0.7097630496784263,0.08859023402360498
0.8807785888077859,0.611328125,0.7671568627450981,0.6804347826086956,0.9240612911831398,0.7437885225119798,0.0864641201609833
0.8799675587996756,0.577639751552795,0.7520215633423181,0.6533957845433255,0.9194462492521662,0.7091151824559987,0.08748034697075023
0.8901054339010543,0.6305732484076433,0.7538071065989848,0.6867052023121387,0.9202528761538914,0.7299194720442869,0.08448784277248417
0.8653690186536902,0.5487571701720841,0.7493472584856397,0.6335540838852097,0.9179745521685558,0.7128961939436372,0.09317244957081015
0.8734793187347932,0.5828220858895705,0.7251908396946565,0.6462585034013606,0.9103154700750838,0.6990338310446428,0.09279824380817026
0.8868613138686131,0.6164658634538153,0.7772151898734178,0.6875699888017918,0.9263769108056402,0.7608122286775513,0.08420445532960469
0.8759124087591241,0.5765595463137996,0.7881136950904393,0.665938864628821,0.9252038037567754,0.7468221490645398,0.0902308816107917
0.8824006488240065,0.6058252427184466,0.7819548872180451,0.6827133479212254,0.9277026625586704,0.745089640741489,0.0842627609803345
0.884022708840227,0.567287784679089,0.7806267806267806,0.657074340527578,0.930676958100126,0.7252704713444312,0.08225387693704257
0.8730738037307381,0.5577689243027888,0.7547169811320755,0.6414662084765178,0.9144439655449698,0.7068285667370813,0.09262260435440105
0.8759124087591241,0.5784499054820416,0.7866323907455013,0.6666666666666666,0.9296543239520121,0.7523060604364461,0.08694059017939673
0.8637469586374696,0.5481335952848723,0.7246753246753247,0.6241610738255033,0.9108470577956402,0.6947403706784698,0.09554279693794
0.8799675587996756,0.6023391812865497,0.770573566084788,0.6761487964989059,0.9235398187340366,0.7464623715667725,0.08826483122935437
0.870235198702352,0.5665322580645161,0.727979274611399,0.63718820861678,0.9157943901952968,0.7273752161256786,0.09030733678001647
0.8779399837793999,0.6086142322097379,0.7793764988009593,0.6834910620399579,0.926705780324496,0.7658951593661214,0.08649450382449246
0.8844282238442822,0.5635964912280702,0.749271137026239,0.6433041301627034,0.9277385404064056,0.7110523535212969,0.08266199383132626
0.8726682887266829,0.5849056603773585,0.7673267326732673,0.6638115631691649,0.924552966935879,0.7382798314132887,0.09099277512038534
0.8690186536901865,0.562015503875969,0.7493540051679587,0.6423034330011074,0.9130619595735874,0.7067191794857024,0.093566618137107
0.8751013787510138,0.5751503006012024,0.7493472584856397,0.6507936507936508,0.9188858206869235,0.7103379693581038,0.09056937100188303
0.8880778588807786,0.5925925925925926,0.7868852459016393,0.676056338028169,0.9322612542284674,0.7552240702622659,0.07984243692188533
0.8625304136253041,0.5503731343283582,0.7506361323155216,0.635091496232508,0.9186757155184372,0.7080280289822513,0.09442361349495013
0.878345498783455,0.5745526838966203,0.7706666666666667,0.6583143507972665,0.928219352781763,0.7278574585712202,0.0851360873917578
0.878345498783455,0.5883534136546185,0.7551546391752577,0.6613995485327314,0.9237879900380024,0.7387132940664066,0.08716353024772515
0.8779399837793999,0.5845511482254697,0.7329842931937173,0.6504065040650406,0.9114469757112278,0.7093860432858947,0.09093411499139287
0.8779399837793999,0.5717213114754098,0.7520215633423181,0.6495925494761351,0.9210506339699837,0.7042141350410978,0.088271544694398
0.8832116788321168,0.5975359342915811,0.7597911227154047,0.6689655172413793,0.9224080552627324,0.7264172454188377,0.08604754360361054
0.878345498783455,0.5911016949152542,0.7227979274611399,0.6503496503496503,0.9191722299721005,0.7300616392505591,0.08732363118541336
0.878345498783455,0.580168776371308,0.7313829787234043,0.6470588235294118,0.9174641148325358,0.70155219109603,0.0885091296079938
0.8807785888077859,0.5635964912280702,0.7301136363636364,0.6361386138613861,0.9200648275565494,0.6902268312477866,0.08654505031905693
0.8710462287104623,0.553941908713693,0.7216216216216216,0.6267605633802817,0.9095058799257273,0.6847266297473014,0.09206355032038875
0.8921330089213301,0.6114790286975718,0.7547683923705722,0.675609756097561,0.9289242444501274,0.7417925449245174,0.07933522747190538
0.8832116788321168,0.5891472868217055,0.8,0.6785714285714286,0.9390952212746633,0.7784547796467111,0.08183801761692239
0.8759124087591241,0.5854166666666667,0.7242268041237113,0.6474654377880185,0.9256347796751436,0.7180001841687135,0.08813942684515845
0.8799675587996756,0.5669456066945606,0.7527777777777778,0.6467780429594272,0.9243391896169675,0.7189633920886325,0.08712594874102421
0.8815896188158961,0.6032719836400818,0.7506361323155216,0.6689342403628118,0.9213712226383319,0.7425189990267566,0.08562827018045738
0.8937550689375506,0.6229508196721312,0.7958115183246073,0.6988505747126437,0.9363726120730371,0.7813727343990691,0.0782627326266634
0.8694241686942417,0.5621181262729125,0.720626631853786,0.631578947368421,0.9167800007270093,0.6988639551390401,0.09290055105753363
0.8759124087591241,0.5669456066945606,0.7324324324324324,0.6391509433962265,0.9225732411801115,0.6990323338477057,0.08867129674930486
0.8872668288726683,0.5856236786469344,0.7715877437325905,0.6658653846153846,0.9257958284693679,0.71556765347536,0.08368106948668855
0.878345498783455,0.5760649087221096,0.7573333333333333,0.6543778801843319,0.9214972102662203,0.7345590312925666,0.09021948586976834
0.8682076236820763,0.5711422845691383,0.7196969696969697,0.6368715083798883,0.9154796759869224,0.7180791623388076,0.09123081728064555
0.8694241686942417,0.6113207547169811,0.7363636363636363,0.668041237113402,0.9163869693978284,0.7353730577694031,0.09432494987460391
0.8767234387672344,0.5345911949685535,0.7566765578635015,0.6265356265356266,0.9212012159342582,0.704796451421219,0.08827380891775867
0.8738848337388483,0.5657142857142857,0.781578947368421,0.656353591160221,0.9307513750820003,0.7421545114655632,0.08753362597264003
0.8779399837793999,0.572289156626506,0.7640750670241286,0.6544202066590127,0.9157654328420152,0.6952881737892462,0.09133707589387416
0.8763179237631792,0.5804480651731161,0.7421875,0.6514285714285715,0.9186754522894653,0.7281805294317272,0.08905425065505088
0.8795620437956204,0.5734406438631791,0.7702702702702703,0.657439446366782,0.9299695688054467,0.7250167467031892,0.08643880188113966
0.8799675587996756,0.5780590717299579,0.7405405405405405,0.6492890995260664,0.9230129461522592,0.7243001832114293,0.08683155581658526
0.8856447688564477,0.5859030837004405,0.7388888888888889,0.6535626535626535,0.9224490872639021,0.7372713999176594,0.08295207463516073
0.8848337388483374,0.5950413223140496,0.7659574468085106,0.6697674418604651,0.9281405884149445,0.7346869657348197,0.08377947576594091
0.8779399837793999,0.5714285714285714,0.745945945945946,0.6471277842907386,0.9236731483391789,0.7351505273949033,0.08670265808868706
0.8848337388483374,0.5826446280991735,0.7747252747252747,0.6650943396226415,0.9224861722483035,0.7312832412448826,0.08397628945073998
0.8811841038118411,0.5766129032258065,0.7750677506775068,0.661271676300578,0.9236436618061937,0.7209545669844545,0.08621685421471438
0.8730738037307381,0.5398406374501992,0.7677053824362606,0.6339181286549708,0.9224522683670091,0.7272233094038036,0.08873598727605787
0.8787510137875101,0.5950095969289827,0.7788944723618091,0.6746463547334058,0.9232915058853262,0.7339766835102676,0.08890159434870028
0.8844282238442822,0.6176470588235294,0.7777777777777778,0.6885245901639344,0.9283938637003492,0.7431342252707606,0.08538500734780428
0.8921330089213301,0.6128318584070797,0.7527173913043478,0.675609756097561,0.9221761408380653,0.7528295797071916,0.0813298066059657
0.8856447688564477,0.6220472440944882,0.7783251231527094,0.6914660831509847,0.9237003204361758,0.7483039955653055,0.08533130662581763
0.8876723438767234,0.6183035714285714,0.7232375979112271,0.6666666666666666,0.9158938014938787,0.7452898187808734,0.08257964896399993
0.8828061638280617,0.601980198019802,0.7755102040816326,0.6778149386845039,0.9281027984964477,0.7508906017981164,0.08411186468344706
0.8742903487429035,0.5725190839694656,0.7772020725388601,0.6593406593406593,0.9328181048226385,0.7630810048035301,0.08556827464829693
0.8690186536901865,0.558,0.7322834645669292,0.6333711691259932,0.9082283779275793,0.7062066929457284,0.09453847549994818
0.8775344687753447,0.5694164989939637,0.7628032345013477,0.652073732718894,0.931604577707158,0.7446101538404485,0.0841551060733698
0.883617193836172,0.6078028747433265,0.7551020408163265,0.6734926052332195,0.9221237675398029,0.7286622043897489,0.08707611422009856
0.8896999188969992,0.6354378818737271,0.7703703703703704,0.6964285714285714,0.9337394648408719,0.7663881291961543,0.08243450254810561
0.8746958637469586,0.5916334661354582,0.7406483790523691,0.6578073089700996,0.9248307801923762,0.7313418291971835,0.08841887729273402
0.875506893755069,0.5843137254901961,0.7582697201017812,0.6600221483942414,0.9224170204826627,0.7144724890440923,0.08857584095578115
0.870235198702352,0.5752380952380952,0.7568922305764411,0.6536796536796536,0.9236577171035959,0.7223124968467269,0.09007478095355922
0.8815896188158961,0.5914972273567468,0.8184143222506394,0.6866952789699571,0.9326090037900965,0.7416622853815762,0.0863110240260999
0.8852392538523925,0.6028225806451613,0.7766233766233767,0.6787741203178207,0.9238365670850054,0.7292002496176998,0.08512833448699214
0.8742903487429035,0.594541910331384,0.7493857493857494,0.6630434782608695,0.9210799832460833,0.7301193925219269,0.08956875265882754
0.8690186536901865,0.5742971887550201,0.7204030226700252,0.6391061452513966,0.9123793360790755,0.7142574236122528,0.09396881669186105
0.8953771289537713,0.6339869281045751,0.7637795275590551,0.6928571428571428,0.9303801053645273,0.7697753295417704,0.08005167504682321
0.8767234387672344,0.5909980430528375,0.760705289672544,0.6651982378854625,0.9212179797003383,0.7249004976128384,0.089324326975358
0.8856447688564477,0.5784114052953157,0.7910863509749304,0.668235294117647,0.928241582310193,0.7420875450270283,0.08138963076294865
0.8775344687753447,0.612,0.7391304347826086,0.6695842450765864,0.9282719345330583,0.7421160896923558,0.08687582976710422
0.870235198702352,0.5502008032128514,0.7405405405405405,0.631336405529954,0.9136463276253353,0.6986995028299331,0.09238260706864507
0.8913219789132197,0.6025369978858351,0.7808219178082192,0.6801909307875895,0.9296590664588944,0.766946698707946,0.08057293020389858
0.8860502838605029,0.6086065573770492,0.7674418604651163,0.6788571428571428,0.9322858211747101,0.7434758365409884,0.08283654719495394
0.8828061638280617,0.5941422594142259,0.7493403693931399,0.662777129521587,0.9298825623630642,0.7440718621377304,0.08370877006567776
0.8868613138686131,0.591002044989775,0.7853260869565217,0.6744457409568262,0.9294177684751523,0.73094254422488,0.08329721685610413
0.8872668288726683,0.6127744510978044,0.7851662404092071,0.6883408071748879,0.9262884787230765,0.7510007621055353,0.08446091878422421
0.8637469586374696,0.5474308300395256,0.7213541666666666,0.6224719101123596,0.9188130403458215,0.7270494862312171,0.09146108803579131
0.8759124087591241,0.5778611632270169,0.7917737789203085,0.6681127982646421,0.9265910269533005,0.7436400380643771,0.0876660390196763
0.8661800486618005,0.5858778625954199,0.7309523809523809,0.6504237288135594,0.9243669413024251,0.7426821820652927,0.09053091232284129
0.8811841038118411,0.590818363273453,0.7708333333333334,0.6689265536723163,0.9248143812039705,0.7491983570358369,0.08575529783740032
0.8710462287104623,0.5647058823529412,0.75,0.6442953020134228,0.913623469020173,0.7142668898333956,0.09380548588455503
0.8896999188969992,0.6147186147186147,0.7513227513227513,0.6761904761904762,0.9277960226236088,0.7488332449916295,0.08050547045052417
0.8771289537712895,0.5865384615384616,0.7760814249363868,0.6681270536692223,0.9253211961865202,0.7436782782057855,0.08824904946148088
0.8726682887266829,0.5808270676691729,0.7725,0.6630901287553648,0.9307974346563408,0.7472046653102878,0.08775162937423124
0.884022708840227,0.608,0.7715736040609137,0.680089485458613,0.9269581855241753,0.7506681809939213,0.08383196246400842
0.8726682887266829,0.5461689587426326,0.7700831024930748,0.639080459770115,0.9196215316388233,0.7015654108100399,0.09046647595108924
0.8872668288726683,0.6268343815513627,0.7493734335839599,0.682648401826484,0.9290812905510026,0.7448503425383866,0.08279657274510355
0.8722627737226277,0.579476861167002,0.7309644670050761,0.6464646464646465,0.9150860886266978,0.726655653236225,0.09127282560993898
0.8775344687753447,0.5737051792828686,0.7659574468085106,0.6560364464692483,0.9253537615799654,0.7149992442539815,0.08704685469451558
0.8742903487429035,0.5519348268839104,0.7506925207756233,0.636150234741784,0.9136852632894902,0.6720785558593211,0.09356431158490579
0.8832116788321168,0.5996168582375478,0.798469387755102,0.6849015317286652,0.9277411784385885,0.7424475671240309,0.08539206656640992
0.8791565287915653,0.5768500948766604,0.8021108179419525,0.6710816777041942,0.929768778453879,0.7345625532248806,0.08771994407335655
0.8698296836982968,0.5555555555555556,0.72,0.627177700348432,0.9079764068228917,0.6730210098871292,0.09370761971690583
0.8791565287915653,0.5941176470588235,0.7690355329949239,0.6703539823008849,0.9254417125610019,0.737262566145403,0.0884534209456167
0.8706407137064072,0.5945945945945946,0.7386091127098321,0.6588235294117647,0.9229208141539477,0.7301103403042556,0.0913169778210759
0.8694241686942417,0.5580952380952381,0.7650130548302873,0.6453744493392071,0.9197833010984108,0.7296196078919341,0.09219442144852076
0.8751013787510138,0.5848670756646217,0.731457800511509,0.65,0.918311404184513,0.71368809525692,0.08920534607657651
0.8828061638280617,0.6129032258064516,0.7581047381546134,0.6778149386845039,0.9235482721767011,0.7405681691993227,0.08564018023818312
0.878345498783455,0.5734989648033126,0.7466307277628033,0.6487119437939111,0.9167688438008608,0.720657110945326,0.08879283938793063
0.8799675587996756,0.5975103734439834,0.7384615384615385,0.6605504587155964,0.9216923570969814,0.7362611654063624,0.0857663526985857
0.878345498783455,0.5669291338582677,0.782608695652174,0.6575342465753424,0.9211412525386496,0.7121829852021846,0.08884997852874753
0.8763179237631792,0.5923809523809523,0.7736318407960199,0.6709816612729234,0.9231434879864244,0.7420329718857782,0.08898318191463446
0.8763179237631792,0.5883534136546185,0.7455470737913485,0.6576879910213244,0.9257790396089796,0.7430290977534294,0.08627078990637893
0.8795620437956204,0.5864077669902913,0.7823834196891192,0.6703662597114317,0.9334558090872858,0.7574416741706491,0.08548113496722037
0.8832116788321168,0.592741935483871,0.7736842105263158,0.6712328767123288,0.9263927436039763,0.75421103573719,0.08382075684494367
0.8763179237631792,0.5731225296442688,0.7651715039577837,0.655367231638418,0.9273097817498195,0.7416526202130785,0.08799231797004867
0.8751013787510138,0.596116504854369,0.7542997542997543,0.665943600867679,0.9218651739292827,0.7286044986655961,0.08908610001857523
0.8787510137875101,0.5801217038539553,0.7566137566137566,0.6567164179104478,0.9224264631352754,0.7103556054153465,0.08858437851041114
0.8710462287104623,0.5700575815738963,0.7595907928388747,0.6513157894736842,0.9078864819893384,0.7077230269424318,0.09585179998673353
0.8880778588807786,0.5882352941176471,0.7988980716253443,0.677570093457944,0.9315761688994733,0.745183776355284,0.0817575349441745
0.8738848337388483,0.5822306238185255,0.7738693467336684,0.6645091693635383,0.9242926430994431,0.7223839537300357,0.08986728460567639
0.8880778588807786,0.6012269938650306,0.784,0.6805555555555556,0.9315593814761678,0.7646306072154203,0.08210929130325843
0.8714517437145174,0.549407114624506,0.7574931880108992,0.6368843069873997,0.9157598077714443,0.6733328412050263,0.09271129730201444
0.8832116788321168,0.5813953488372093,0.8064516129032258,0.6756756756756757,0.9294515307432398,0.7128630386385096,0.08694692699217883
0.878345498783455,0.563265306122449,0.7624309392265194,0.647887323943662,0.9208426989895595,0.7137522522847786,0.08744407504405803
0.8941605839416058,0.6338028169014085,0.799492385786802,0.7070707070707071,0.9335557003704211,0.7681964065702338,0.08149662465346987
0.8694241686942417,0.5714285714285714,0.7309644670050761,0.6414253897550112,0.9147970033122317,0.7182838433325893,0.0922183470507032
0.8775344687753447,0.6015625,0.7586206896551724,0.6710239651416122,0.9191544311062222,0.7260858001939503,0.09022771915474805
0.8787510137875101,0.5723140495867769,0.7506775067750677,0.64947245017585,0.92764731653039,0.739659213544794,0.08437998583037848
0.8815896188158961,0.5996204933586338,0.7959697732997482,0.683982683982684,0.926967967830259,0.7345104593134836,0.08654632847691995
0.875506893755069,0.591337099811676,0.7772277227722773,0.6716577540106952,0.927155458028829,0.7570691109318823,0.08827347118294965
0.8609083536090836,0.5504761904761905,0.7297979797979798,0.6275787187839305,0.9075123212804372,0.6846652940927681,0.09936173099029337
0.8682076236820763,0.5826771653543307,0.7237163814180929,0.6455834242093784,0.9123298938682749,0.7248335605647223,0.09493297065881925
0.8807785888077859,0.5910931174089069,0.7604166666666666,0.6651480637813212,0.922462876240794,0.7391750633634881,0.08632313308879495
0.8852392538523925,0.5829787234042553,0.7590027700831025,0.6594464500601684,0.9193083345944559,0.7116243415258205,0.08650882423399102
0.8901054339010543,0.5991902834008097,0.8021680216802168,0.6859791425260718,0.9383064979910647,0.7657012823217433,0.07963561899370641
0.8848337388483374,0.6028513238289206,0.7688311688311689,0.6757990867579908,0.9265487995906064,0.746921452119302,0.08404635710928383
0.8722627737226277,0.5728346456692913,0.7480719794344473,0.6488294314381271,0.9140779228494726,0.7152854924386729,0.09270969911211098
0.8803730738037308,0.5784114052953157,0.7634408602150538,0.6581691772885284,0.9233485842807407,0.740525410143315,0.08463564690353415
0.8742903487429035,0.5811320754716981,0.7777777777777778,0.6652267818574514,0.9163787634802127,0.7303555573753442,0.09269515631522673
0.8633414436334145,0.5290697674418605,0.7438692098092643,0.6183465458663646,0.917068332785951,0.7297969754953433,0.09377697994760298
0.8844282238442822,0.6241900647948164,0.7225,0.6697566628041715,0.9191396418199419,0.7313833218925251,0.08553716553211527
0.8815896188158961,0.6091269841269841,0.763681592039801,0.6777041942604857,0.9237280168922827,0.7429958783932892,0.08469844906808413
0.8657745336577454,0.548582995951417,0.7150395778364116,0.6208476517754868,0.9075948230849852,0.6712053473863294,0.09790814081755665
0.878345498783455,0.5987654320987654,0.7348484848484849,0.6598639455782312,0.9174779192895135,0.722721312050682,0.08976920528867276
0.878345498783455,0.6106870229007634,0.7692307692307693,0.6808510638297872,0.9236268761726079,0.7445922934104526,0.08727997184855577
0.8795620437956204,0.6053639846743295,0.7764127764127764,0.6803013993541442,0.9264725010232537,0.7486915938836034,0.08585337734733772
0.8791565287915653,0.5872689938398358,0.7467362924281984,0.6574712643678161,0.9196729962433676,0.7206776854531469,0.0870494625454812
0.8771289537712895,0.5793991416309013,0.7161803713527851,0.6405693950177936,0.9184131099748207,0.7061372724999183,0.08761713596863377
0.8714517437145174,0.555992141453831,0.7566844919786097,0.6409966024915063,0.9164297911064304,0.6992848933155382,0.09197983583773345
0.8544201135442011,0.5054347826086957,0.7643835616438356,0.608505997818975,0.9118058589191057,0.6919965124128146,0.10054437421393592
0.8734793187347932,0.5590551181102362,0.7634408602150538,0.6454545454545455,0.9274617185815078,0.715190190283852,0.08814103655496858
0.8787510137875101,0.5814432989690722,0.746031746031746,0.6535341830822712,0.919507287802307,0.6880664392562761,0.08877290605467171
0.8811841038118411,0.5872093023255814,0.7911227154046997,0.6740823136818688,0.9303462444330518,0.7467861274004876,0.08647502086768216
0.8722627737226277,0.5760649087221096,0.7282051282051282,0.6432616081540203,0.9163690035077319,0.703189483464416,0.08869706873858431
0.8722627737226277,0.547244094488189,0.7658402203856749,0.6383467278989667,0.9212341283408589,0.6955292388786974,0.09042662219521035
0.8625304136253041,0.5236220472440944,0.7327823691460055,0.6107921928817451,0.9147118965560153,0.6957516657077943,0.09411350933243445
0.8799675587996756,0.6016597510373444,0.7360406091370558,0.6621004566210046,0.9218783685788763,0.7292268949093649,0.0869999893565175
0.8828061638280617,0.5896907216494846,0.7606382978723404,0.6643437862950058,0.9227120024432455,0.7218303044012797,0.08686239347835278
0.8661800486618005,0.56,0.717948717948718,0.6292134831460674,0.9087940319154192,0.6900721911335967,0.09600891550226492
0.8686131386861314,0.5461689587426326,0.7493261455525606,0.6318181818181818,0.9195273047751996,0.6870425854397072,0.09280919299998827
0.8811841038118411,0.5636743215031316,0.7627118644067796,0.6482593037214885,0.9228500577812018,0.7146088348767858,0.0866053631586067
0.8767234387672344,0.6012024048096193,0.7407407407407407,0.6637168141592921,0.9205935030939074,0.730712629655799,0.0886998943950503
0.8787510137875101,0.5902335456475584,0.7239583333333334,0.6502923976608187,0.9157022994716619,0.6998836478339058,0.08945626955184756
0.8896999188969992,0.6,0.782608695652174,0.6792452830188679,0.9301573444688522,0.7665344011364791,0.07926751944043563
0.8714517437145174,0.5392561983471075,0.7352112676056338,0.6221692491060786,0.9192746245354648,0.6836925379118391,0.08938856506191487
0.8791565287915653,0.5446808510638298,0.7529411764705882,0.6320987654320988,0.9248464390459853,0.6913671561549876,0.08750100086324279
0.8706407137064072,0.5626134301270418,0.7989690721649485,0.6602768903088392,0.9277407896172966,0.7446717496836298,0.09292119851514485
0.8803730738037308,0.5769230769230769,0.7681940700808625,0.6589595375722543,0.9207560035767358,0.7300232126375683,0.08741852858333754
0.8763179237631792,0.581532416502947,0.7628865979381443,0.6599777034559643,0.9247368107716579,0.7237295660520849,0.08867947357270382
0.8706407137064072,0.5755258126195029,0.7562814070351759,0.6536373507057546,0.925213592138643,0.7375100702790724,0.08957236745729674
0.8751013787510138,0.5719769673704415,0.7780678851174935,0.6592920353982301,0.9229106944317358,0.7355968082739229,0.0896899905007451
0.875506893755069,0.5711297071129707,0.728,0.6400937866354045,0.9200599394229236,0.7231354272727986,0.08743381659640768
0.8694241686942417,0.5564516129032258,0.7301587301587301,0.631578947368421,0.9166134525329926,0.716118350165444,0.09080367187526192
0.8775344687753447,0.5969868173258004,0.782716049382716,0.6773504273504274,0.9270077452513164,0.7556919423194349,0.0860278975460344
0.8787510137875101,0.6064908722109533,0.7400990099009901,0.6666666666666666,0.9179459046777616,0.732126117860892,0.0888855274269942
0.8787510137875101,0.5941176470588235,0.7670886075949367,0.6696132596685083,0.9236142266012259,0.7431704089210017,0.08691243147696999
0.8901054339010543,0.5905349794238683,0.7994428969359332,0.6792899408284023,0.9357771481981405,0.7568313757748294,0.07984711391307117
0.8746958637469586,0.5595238095238095,0.7642276422764228,0.6460481099656358,0.9159439281564966,0.7065686919834077,0.0914517218295226
0.875506893755069,0.576,0.7519582245430809,0.652321630804077,0.9182102034497843,0.7109788190888416,0.09257520525027321
0.8759124087591241,0.5623721881390593,0.7493188010899182,0.6425233644859814,0.9139592877366023,0.7052796551015379,0.08991482464917952
0.8669910786699108,0.562624254473161,0.7237851662404092,0.6331096196868009,0.9086888731396172,0.7078778356504001,0.09412300609783504
0.8815896188158961,0.5819672131147541,0.7634408602150538,0.6604651162790698,0.9246554415585749,0.7258570162024355,0.08573607968794794
0.8763179237631792,0.5642570281124498,0.7615176151761518,0.6482122260668973,0.9220114423366457,0.721720060065441,0.08967231208431868
0.8803730738037308,0.5685884691848907,0.7857142857142857,0.6597462514417531,0.9255405631476041,0.7237901697868876,0.08671693383480121
0.8815896188158961,0.5900990099009901,0.7780678851174935,0.6711711711711712,0.9217098756688797,0.7073810963818289,0.08838571388331734
0.8726682887266829,0.5749486652977412,0.7235142118863049,0.6407322654462243,0.9143471133135216,0.7126141212444866,0.09256859486175574
0.8848337388483374,0.5847457627118644,0.7582417582417582,0.6602870813397129,0.9300849008270512,0.7289581121676573,0.0831043653625658
0.8742903487429035,0.5668662674650699,0.753315649867374,0.6469248291571754,0.9202415583459145,0.7173896930999736,0.09068463804516588
0.8844282238442822,0.6164383561643836,0.7797029702970297,0.6885245901639344,0.9289368679835976,0.7349007996447338,0.08522140653477597
0.8722627737226277,0.5813953488372093,0.7518796992481203,0.6557377049180327,0.9193435936236333,0.7186815169434446,0.09147267376369657
0.8718572587185726,0.5770750988142292,0.7411167512690355,0.6488888888888888,0.911887776100974,0.7120652869463222,0.09329071241505763
0.8799675587996756,0.5946502057613169,0.7448453608247423,0.6613272311212814,0.9246475099967256,0.7504785420191075,0.08491131943846633
0.8832116788321168,0.5615866388308977,0.7752161383285303,0.6513317191283293,0.9278246902935292,0.7140433166766572,0.08388235043485053
0.8803730738037308,0.6008869179600886,0.7020725388601037,0.6475507765830346,0.9111897170187326,0.6782930109140419,0.09056200718428976
0.883617193836172,0.5732217573221757,0.7675070028011205,0.6562874251497006,0.9269171869791064,0.7331227653488012,0.08291909414328551
0.8759124087591241,0.5777351247600768,0.7777777777777778,0.6629955947136564,0.918328106958598,0.7358234040230581,0.091091509966046
0.8722627737226277,0.5675675675675675,0.718421052631579,0.6341463414634146,0.9078266135136498,0.6978458207133271,0.09166967869535374
0.878345498783455,0.592741935483871,0.75,0.6621621621621622,0.9252122980339677,0.7347057155949639,0.0882521092539763
0.8807785888077859,0.5983935742971888,0.7602040816326531,0.6696629213483146,0.9167080766732922,0.7202323692032192,0.08959322572866209
0.884022708840227,0.621031746031746,0.7671568627450981,0.6864035087719298,0.9287488805045828,0.7663170683834015,0.08279813051092103
0.878345498783455,0.593186372745491,0.7531806615776081,0.6636771300448431,0.918127039888841,0.7327338041470312,0.086978503797027
0.8751013787510138,0.5705765407554672,0.7572559366754618,0.6507936507936508,0.9248811274215429,0.7339958167668232,0.0903716217959104
0.8775344687753447,0.5900621118012422,0.7326478149100257,0.6536697247706422,0.9189928127007387,0.7141592437301795,0.08819626043828385
0.8775344687753447,0.5693877551020409,0.754054054054054,0.6488372093023256,0.9261244068495977,0.7214331253560148,0.08718357273349843
0.8795620437956204,0.5867446393762183,0.7797927461139896,0.6696329254727474,0.9287116381028298,0.7479747374761924,0.08619020810296613
0.8807785888077859,0.5650485436893203,0.8060941828254847,0.6643835616438356,0.9398701153433653,0.7591377051714002,0.08293323636888153
0.8775344687753447,0.6003898635477583,0.7604938271604939,0.6710239651416122,0.9243601032700175,0.7547374986503238,0.08844640949474485
0.8848337388483374,0.6012396694214877,0.7617801047120419,0.6720554272517321,0.9253549858809579,0.7293232750240554,0.0841761545214099
0.8746958637469586,0.5899419729206963,0.7587064676616916,0.6637649619151251,0.9239461606695206,0.7329748517452358,0.08846636338958931
0.8718572587185726,0.5791505791505791,0.7537688442211056,0.6550218340611353,0.920224915680919,0.7357293518761163,0.0906994276945807
0.8706407137064072,0.5176715176715176,0.7410714285714286,0.609547123623011,0.9170970266040689,0.6715784275956003,0.09016203187038062
0.8698296836982968,0.5833333333333334,0.7530562347188264,0.6574172892209178,0.9185832145705582,0.7359040369610879,0.09192688479178522
0.8625304136253041,0.5222437137330754,0.7458563535911602,0.6143344709897611,0.909512005545869,0.699944348066024,0.0975184988177802
0.8722627737226277,0.5753968253968254,0.7416879795396419,0.6480446927374302,0.9182275906695837,0.7210964135187616,0.09178971349414812
0.878345498783455,0.6007905138339921,0.7562189054726368,0.6696035242290749,0.9186094720197462,0.7212496471595619,0.09195021472223773
0.8807785888077859,0.5862785862785863,0.7480106100795756,0.6573426573426573,0.9282334014345701,0.7376593425509966,0.08551089496849729
0.8682076236820763,0.5636704119850188,0.7659033078880407,0.6494066882416397,0.9182952022182699,0.7105425154852409,0.09419606010808067
0.8807785888077859,0.5852631578947368,0.7413333333333333,0.6541176470588236,0.9180679100908656,0.6964569116856207,0.08876213696752185
0.8868613138686131,0.5655021834061136,0.7640117994100295,0.6499372647427855,0.9276960223450981,0.7194384338472755,0.0822894821838403
0.8787510137875101,0.5846456692913385,0.7714285714285715,0.6651735722284434,0.9258423460249505,0.7456759234128404,0.08566618887701195
0.8864557988645579,0.5966735966735967,0.7694369973190348,0.6721311475409836,0.9260717135760848,0.7629947454756919,0.08349198870475319
0.8803730738037308,0.5946502057613169,0.7467700258397932,0.6620847651775487,0.9196890773118164,0.7239946750118866,0.08839172091827843
0.8787510137875101,0.570264765784114,0.7608695652173914,0.6519208381839348,0.926721100841381,0.7189686692879376,0.08771796380481005
0.8905109489051095,0.6072186836518046,0.77088948787062,0.6793349168646081,0.9329748020251014,0.757432877021501,0.07907623933684234
0.8714517437145174,0.5767716535433071,0.7417721518987341,0.6489479512735327,0.920328343795268,0.7357930214318285,0.09212485467504632
0.8803730738037308,0.6069246435845214,0.745,0.6689113355780022,0.9230566311713457,0.7340356266698002,0.08683085949609333
0.8775344687753447,0.5454545454545454,0.7325581395348837,0.6253101736972705,0.9130742717488987,0.6945377055299057,0.08733343432613913
0.8844282238442822,0.5976331360946746,0.7890625,0.6801346801346801,0.9248569084213898,0.7464883547272931,0.08561515409358003
0.8641524736415247,0.5535055350553506,0.7633587786259542,0.6417112299465241,0.9153124689298615,0.7208351066545613,0.0941830314489502
0.8694241686942417,0.5833333333333334,0.7377450980392157,0.6515151515151515,0.9194296766325578,0.7260490785237398,0.09209027943114632
0.8714517437145174,0.5728155339805825,0.7525510204081632,0.6504961411245865,0.9242467478794796,0.7390527337889552,0.08978110153412937
0.8775344687753447,0.6317907444668008,0.7251732101616628,0.6752688172043011,0.924135141981781,0.7430599645364058,0.08810115069888479
0.878345498783455,0.5818181818181818,0.7559055118110236,0.6575342465753424,0.9239726329172882,0.7187976096850769,0.08515218926776542
0.8880778588807786,0.59375,0.7786885245901639,0.6737588652482269,0.9363335935467083,0.770972215435154,0.07835210834916935
0.8868613138686131,0.6137667304015296,0.8065326633165829,0.6970684039087948,0.9245368525412361,0.7419770404466212,0.0855109463299957
0.8909164639091647,0.6194331983805668,0.7906976744186046,0.6946651532349603,0.9323268367196016,0.7629625615839724,0.0805981884716232
0.8807785888077859,0.6,0.7442455242966752,0.6643835616438356,0.9122780636612948,0.7159610811221758,0.08922717193178695
0.8775344687753447,0.5854166666666667,0.7317708333333334,0.6504629629629629,0.9180775696445727,0.7306267249778142,0.08710328892364848
0.8779399837793999,0.5795918367346938,0.7493403693931399,0.6536248561565017,0.9174472453547718,0.6978944605111754,0.08844833271713486
0.8925385239253852,0.6605691056910569,0.7683215130023641,0.7103825136612022,0.9350327301088072,0.7862685549339641,0.07858039314393667
0.8734793187347932,0.5907258064516129,0.7288557213930348,0.6525612472160356,0.9101609202051757,0.6787172085459188,0.09241633365336889
0.8771289537712895,0.5751503006012024,0.7592592592592593,0.6545039908779932,0.9199127288207747,0.7227569886184093,0.08902869209298209
0.8787510137875101,0.5562248995983936,0.780281690140845,0.64947245017585,0.92504053215551,0.7147466523431046,0.0869296917207479
0.8722627737226277,0.572265625,0.7532133676092545,0.6503884572697003,0.9184556527421768,0.7210655347956345,0.09035390783683478
0.8706407137064072,0.5456389452332657,0.739010989010989,0.6277712952158693,0.9130328520195314,0.7003390782914056,0.09416258410575891
0.8917274939172749,0.6057268722466961,0.7575757575757576,0.6731946144430845,0.9261739427736055,0.7341293187588471,0.08158640050777509
0.8799675587996756,0.5866388308977035,0.741424802110818,0.655011655011655,0.9185774988526789,0.7117995358881751,0.0888278935596907
0.8617193836171938,0.5183044315992292,0.7472222222222222,0.6120591581342435,0.911855017410573,0.6903888820429451,0.09571700727459749
0.8751013787510138,0.5509355509355509,0.742296918767507,0.6324582338902148,0.9235011216435366,0.7100068484418152,0.08673523830283766
0.8848337388483374,0.5975609756097561,0.7736842105263158,0.6743119266055045,0.9235101175758187,0.7056159784893938,0.08674660924273604
0.8694241686942417,0.5725338491295938,0.7455919395465995,0.6477024070021882,0.9161375857841496,0.7069453764959884,0.09350102013912823
0.8884833738848338,0.644,0.7684964200477327,0.7007616974972797,0.9278273228299636,0.7691725233520244,0.08330288356101799
0.8819951338199513,0.6032388663967612,0.7582697201017812,0.6719278466741826,0.9296455457235828,0.750959391270804,0.08490910362983738
0.8815896188158961,0.6152263374485597,0.7400990099009901,0.6719101123595506,0.9234425867417003,0.7501626702813935,0.08397735787263583
0.8775344687753447,0.5847953216374269,0.7712082262210797,0.6651884700665188,0.9205498339631142,0.7033525470007299,0.08954313377871499
0.875506893755069,0.5742971887550201,0.7506561679790026,0.6507394766780432,0.922125921310196,0.7207554680339749,0.08865884508312445
0.8803730738037308,0.5992141453831041,0.7702020202020202,0.6740331491712708,0.9191492216854535,0.7362375725964942,0.08903113034450837
0.8686131386861314,0.565922920892495,0.7172236503856041,0.6326530612244898,0.9167216409865425,0.7213793034297208,0.09145881548922194
0.8896999188969992,0.5846501128668171,0.7463976945244957,0.6556962025316456,0.9203868389879952,0.7045692638334712,0.08350664307418479
0.8856447688564477,0.5972222222222222,0.7921052631578948,0.6809954751131222,0.9289751223696826,0.7303722386784085,0.08526440260327964
0.8779399837793999,0.5973025048169557,0.7711442786069652,0.6731813246471227,0.9163038971807629,0.7312064546518067,0.09078400027554376
0.870235198702352,0.5461689587426326,0.7574931880108992,0.634703196347032,0.9161427590405707,0.6930618538124275,0.09528690361269856
0.8742903487429035,0.5381526104417671,0.7701149425287356,0.6335697399527187,0.9272519075684066,0.7118991671696665,0.08792914431641874
0.8726682887266829,0.5635245901639344,0.7313829787234043,0.6365740740740741,0.9206466965285555,0.708427305969545,0.0898148448068829
0.8832116788321168,0.6055776892430279,0.7715736040609137,0.6785714285714286,0.9245720067420575,0.7435945436696271,0.08604747426747363
0.8795620437956204,0.5801980198019802,0.7751322751322751,0.6636466591166478,0.9278847128463986,0.7418433772641778,0.08443551229416053
0.8738848337388483,0.5888223552894212,0.7375,0.6548279689234184,0.9252456437560503,0.7442066082821192,0.08767230513234221
0.8682076236820763,0.5326732673267327,0.7513966480446927,0.6234067207415991,0.9149568549712189,0.687775600974195,0.09281559188561582
0.8726682887266829,0.5745526838966203,0.7429305912596401,0.647982062780269,0.9248904329831067,0.7449883287747339,0.0885319030460538
0.8726682887266829,0.5521821631878557,0.7886178861788617,0.6495535714285714,0.9294733862932335,0.7238657935466929,0.08887885333293657
0.8905109489051095,0.6093117408906883,0.7962962962962963,0.6903669724770642,0.931864369843297,0.7371524352489212,0.08105630425930385
0.8669910786699108,0.5684007707129094,0.7393483709273183,0.6427015250544662,0.9151749717787454,0.7139915583886552,0.09346420406267526
0.8742903487429035,0.5532359081419624,0.7340720221606648,0.6309523809523809,0.9185792960962227,0.7109775304330477,0.08879343735846339
0.8746958637469586,0.5644171779141104,0.7419354838709677,0.6411149825783972,0.918237976399544,0.7127674984200795,0.08994663793970532
0.8852392538523925,0.6011904761904762,0.787012987012987,0.6816647919010124,0.9324538028045957,0.7520558155028152,0.08346521162286423
0.8661800486618005,0.5769230769230769,0.7317073170731707,0.6451612903225806,0.9088224826800797,0.7024998960646178,0.09575652943038786
0.8799675587996756,0.5651260504201681,0.7513966480446927,0.645083932853717,0.9215796698928265,0.7149357339405602,0.08701270562291008
0.864963503649635,0.5684410646387833,0.7382716049382716,0.6423200859291085,0.9149783456430716,0.7140068747686763,0.09518786621961565
0.883617193836172,0.589098532494759,0.7553763440860215,0.6619552414605419,0.9284861509073543,0.7235259395030588,0.08349776691118525
0.8763179237631792,0.6075697211155379,0.738498789346247,0.6666666666666666,0.9182935502170685,0.7294872009321809,0.08911463900743453
0.8896999188969992,0.5814977973568282,0.7630057803468208,0.66,0.926387828552732,0.7206472497840714,0.08115951821971942
0.8787510137875101,0.5732484076433121,0.7336956521739131,0.6436233611442194,0.9170379657644963,0.7025793174116811,0.0876880087236032
0.8767234387672344,0.5694164989939637,0.7587131367292225,0.6505747126436782,0.9202845179066184,0.7365304945550898,0.08803322423070646
0.8807785888077859,0.5728952772073922,0.7643835616438356,0.6549295774647887,0.9235471693192413,0.7101230240735473,0.08693405593792303
0.8819951338199513,0.5673913043478261,0.7393767705382436,0.6420664206642066,0.9128436000530911,0.6870568407317689,0.08904218828479318
0.883617193836172,0.5887265135699373,0.7580645161290323,0.6627497062279671,0.9239583654270779,0.7120018120781938,0.08663797512447659
0.8698296836982968,0.567219152854512,0.7817258883248731,0.6574172892209178,0.9271811241988906,0.7503992161392462,0.09009470629151665
0.8690186536901865,0.5807050092764379,0.7634146341463415,0.6596417281348789,0.9171158773844548,0.7212451595830134,0.09420124305094978
0.8832116788321168,0.6167664670658682,0.762962962962963,0.6821192052980133,0.9281638423155486,0.7374470977495019,0.08514199757997373
0.8746958637469586,0.581081081081081,0.7659033078880407,0.6608122941822173,0.9219837263053754,0.7169083083484593,0.09064817054650438
0.8767234387672344,0.5732217573221757,0.732620320855615,0.6431924882629108,0.911178055439106,0.6948536504799491,0.09055215021411786
0.8815896188158961,0.5942028985507246,0.7493472584856397,0.6628175519630485,0.9284622876474857,0.7348647611806876,0.08579278848519864
0.8888888888888888,0.6073619631901841,0.783641160949868,0.684331797235023,0.9311228069731836,0.7599803114552495,0.08133365588203356
0.8775344687753447,0.5830039525691699,0.7642487046632125,0.6614349775784754,0.9182729673176564,0.697495360249844,0.09086589455211103
0.8864557988645579,0.609704641350211,0.7526041666666666,0.6736596736596736,0.9291959353986551,0.7582992982033667,0.08154768552984276
0.8803730738037308,0.5666666666666667,0.7961432506887053,0.6620847651775487,0.924423852059697,0.7048350353460267,0.09022895183875297
0.889294403892944,0.6115537848605578,0.7974025974025974,0.6922209695603156,0.9382040352727522,0.7591630554650098,0.08128235851314008
0.8803730738037308,0.5737373737373738,0.7717391304347826,0.6581691772885284,0.9242925456956936,0.7329283186759825,0.08654544724504216
0.8868613138686131,0.5957894736842105,0.7648648648648648,0.6698224852071006,0.9261153806478235,0.7503444267955407,0.08308889559240512
0.8767234387672344,0.5883495145631068,0.7670886075949367,0.6659340659340659,0.9245261568740106,0.7369153584264149,0.08860866453262202
0.8669910786699108,0.5706106870229007,0.7437810945273632,0.6457883369330454,0.9149323633769137,0.7027315099750079,0.09393135164707335
0.8690186536901865,0.5374015748031497,0.7562326869806094,0.6283084004602992,0.915894750001645,0.6847767744296843,0.09221346002321867
0.8884833738848338,0.6004056795131846,0.7914438502673797,0.6828143021914648,0.9303023486467419,0.7390991301169841,0.08375679860947575
0.8860502838605029,0.6076759061833689,0.7460732984293194,0.6698002350176263,0.9237496357186643,0.7466347544021925,0.08353671404747737
0.8726682887266829,0.5454545454545454,0.7226890756302521,0.6216867469879518,0.9135969228848486,0.6725695857856537,0.09054557429758052
0.870235198702352,0.5467196819085487,0.7493188010899182,0.632183908045977,0.9190441017066644,0.7011055178765927,0.08961279750924799
0.8609083536090836,0.5776173285198556,0.745920745920746,0.6510681586978637,0.9100361265309719,0.723190101023043,0.09932213757299098
0.8905109489051095,0.628131021194605,0.8089330024813896,0.7071583514099783,0.9339442787912758,0.7663195050964233,0.08295075549606525
0.8941605839416058,0.6374745417515275,0.7904040404040404,0.705749718151071,0.9353120577758259,0.7738473014073265,0.07974123857931978
0.8791565287915653,0.5570866141732284,0.7949438202247191,0.6550925925925926,0.932472442622078,0.7526779442567189,0.08509575202585007
0.8884833738848338,0.5765957446808511,0.7809798270893372,0.6634026927784578,0.9316313360796309,0.7296403668562985,0.08102689091235957
0.8767234387672344,0.5961904761904762,0.7728395061728395,0.6731182795698925,0.9244283908686303,0.7361991508897516,0.08863261813344214
0.8811841038118411,0.5861344537815126,0.744,0.6556991774383079,0.919246293639407,0.7088012505419852,0.08775313799760269
0.878345498783455,0.5878524945770065,0.7112860892388452,0.6437054631828979,0.918395991867923,0.7140885092049797,0.08738257618465346
0.8714517437145174,0.5603271983640081,0.7287234042553191,0.6335260115606937,0.9155107910007126,0.7040678933765179,0.09114839708589893
0.8694241686942417,0.5769230769230769,0.746268656716418,0.6507592190889371,0.9240269100235258,0.7269812398178119,0.0899091482886749
0.8775344687753447,0.5887850467289719,0.7934508816120907,0.6759656652360515,0.9271444972138794,0.7676606761026398,0.08730392223294461
0.8787510137875101,0.5942622950819673,0.7416879795396419,0.6598407281001137,0.926807382984624,0.716170528074256,0.08707744058393611
0.8678021086780211,0.5801526717557252,0.7414634146341463,0.6509635974304069,0.9063905760652937,0.7239327155681139,0.09607394107203504
0.8779399837793999,0.5895372233400402,0.7512820512820513,0.6606538895152199,0.923331357146386,0.7023676378031923,0.08766943378995973
0.8856447688564477,0.5875,0.7704918032786885,0.6666666666666666,0.9245628415300546,0.7194852966684497,0.08473510228961707
0.8815896188158961,0.5737704918032787,0.7692307692307693,0.6572769953051644,0.9220901600777909,0.7229664476667121,0.08598567168336661
0.8759124087591241,0.5913757700205339,0.7291139240506329,0.6530612244897959,0.9135243171219187,0.7061107853816776,0.09226319730329652
0.8698296836982968,0.5722433460076045,0.7581863979848866,0.6522210184182016,0.9149834488484805,0.7193992841748948,0.09518227990623007
0.8799675587996756,0.5779092702169625,0.7813333333333333,0.6643990929705216,0.9228834688346883,0.7208647643765087,0.08728785476250109
0.8852392538523925,0.5975359342915811,0.7698412698412699,0.6728323699421965,0.9263757120557886,0.7425517939147098,0.0852970908978741
0.8678021086780211,0.5551401869158878,0.7714285714285715,0.6456521739130435,0.9231950173805051,0.7300554089990985,0.0922163812202678
0.8787510137875101,0.5801217038539553,0.7566137566137566,0.6567164179104478,0.9210226236088304,0.722807052879902,0.08808911464492382
0.8905109489051095,0.6183673469387755,0.7849740932642487,0.6917808219178082,0.9349554105221204,0.7739452632915769,0.07823437987334872
0.8819951338199513,0.5963488843813387,0.7616580310880829,0.6689419795221843,0.9247645974491829,0.7424930143240447,0.08417950939956229
0.8811841038118411,0.5975359342915811,0.75,0.6651428571428571,0.919641705446355,0.7368192783787556,0.0863263720950697
0.8722627737226277,0.5616161616161616,0.7393617021276596,0.6383467278989667,0.9159434490481524,0.7112941350713091,0.09241263893995463
0.8807785888077859,0.6101010101010101,0.749379652605459,0.6726057906458798,0.9277919241173507,0.7524018176874132,0.0860226521471887
0.8686131386861314,0.544,0.7391304347826086,0.6267281105990783,0.9163942367472127,0.6995978470817276,0.09332355623902489
0.8815896188158961,0.5826612903225806,0.7727272727272727,0.664367816091954,0.9268182329424035,0.7293391866772588,0.08574484755463144
0.8730738037307381,0.5935727788279773,0.7621359223300971,0.667375132837407,0.9222296537185317,0.74924185593644,0.0904001786690941
0.8730738037307381,0.5355648535564853,0.7377521613832853,0.6206060606060606,0.920003318405044,0.7115029720975151,0.08861505353597623
0.8779399837793999,0.5953307392996109,0.7669172932330827,0.6703176341730559,0.9227240816118671,0.7312290070035766,0.0886397175204583
0.8767234387672344,0.5573122529644269,0.7790055248618785,0.6497695852534562,0.9227911056025881,0.7014723360574057,0.08901623478755763
0.8856447688564477,0.602020202020202,0.7780678851174935,0.6788154897494305,0.9208337041498442,0.7389535230929856,0.08620693950170194
0.8860502838605029,0.5964566929133859,0.7994722955145118,0.6832018038331454,0.9290822822017946,0.7387263137922314,0.08343821214603195
0.8734793187347932,0.552,0.7582417582417582,0.6388888888888888,0.9230481697180081,0.7008382003398569,0.09090466325528705
0.8763179237631792,0.5661914460285132,0.7513513513513513,0.645760743321719,0.9241747472663504,0.7202815422753865,0.08913435375541914
0.8734793187347932,0.596116504854369,0.7469586374695864,0.6630669546436285,0.9190556532343521,0.7411884770703219,0.09148163007116267
0.8803730738037308,0.6144578313253012,0.7481662591687042,0.6747519294377067,0.9226399687155672,0.7324534508004891,0.08759221158542
0.8665855636658556,0.5511811023622047,0.7349081364829396,0.6299212598425197,0.9085078393977731,0.6788368819162416,0.09612180323624771
0.8791565287915653,0.5676767676767677,0.7698630136986301,0.6534883720930232,0.9236436660950754,0.71836339198127,0.08851876240796101
0.8726682887266829,0.5723140495867769,0.7213541666666666,0.6382488479262672,0.9173633625520332,0.7042819364245138,0.09089484250575589
0.8742903487429035,0.5736738703339882,0.7584415584415585,0.6532438478747203,0.9168618983131237,0.702907585468691,0.09063512629435723
0.8751013787510138,0.5819672131147541,0.7319587628865979,0.6484018264840182,0.9140380818193545,0.7065519199514017,0.09162254084136946
0.8722627737226277,0.5831663326653307,0.7311557788944724,0.6488294314381271,0.9184899351690756,0.7275793312907473,0.0904708435635363
0.8738848337388483,0.591254752851711,0.7641277641277642,0.6666666666666666,0.9191730915868848,0.7479401403738745,0.09014532051068638
0.8779399837793999,0.5987654320987654,0.7329974811083123,0.6591166477916195,0.9248130919060669,0.7259215583910887,0.0868028849745123
0.8734793187347932,0.5582329317269076,0.7513513513513513,0.6405529953917051,0.9180240354858675,0.7118362452130698,0.09076037258962662
0.8779399837793999,0.5808270676691729,0.7984496124031008,0.6724700761697497,0.9282588404035432,0.7151768378505119,0.0880294950317225
0.8771289537712895,0.596116504854369,0.763681592039801,0.6695747001090513,0.9247608854950056,0.7420852088926326,0.08674212029920363
0.8799675587996756,0.5881188118811881,0.7714285714285715,0.6674157303370787,0.9198275055074672,0.7169600963097474,0.08921121146944737
0.8746958637469586,0.5953307392996109,0.7518427518427518,0.6644951140065146,0.9207112538826965,0.7375353711293041,0.0913407323892081
0.8807785888077859,0.6033402922755741,0.7353689567430025,0.6628440366972477,0.9272556767060804,0.7249567112745642,0.08478968809791322
0.8771289537712895,0.5688622754491018,0.7661290322580645,0.6529209621993127,0.921670723315977,0.7155838754872541,0.08829098543207435
0.8905109489051095,0.625,0.7421875,0.6785714285714286,0.9261727505603586,0.7379794915154023,0.07982949989715499
0.8694241686942417,0.5544933078393881,0.7651715039577837,0.6430155210643016,0.9250164038469075,0.7229830626087541,0.08993292916391774
0.8795620437956204,0.580896686159844,0.7842105263157895,0.6674132138857782,0.9270033304738357,0.7323933629900855,0.0859569268285058
0.8775344687753447,0.5904761904761905,0.7808564231738035,0.6724511930585684,0.9217280887467996,0.7457227649581015,0.08942353943044754
0.8803730738037308,0.5720164609053497,0.7616438356164383,0.6533490011750881,0.9200798054416357,0.7096563532771887,0.08811645533723007
0.8901054339010543,0.6,0.7786885245901639,0.6777645659928656,0.9278389279208952,0.7284133206892386,0.081847617401605
0.8678021086780211,0.5390781563126252,0.736986301369863,0.6226851851851852,0.9168289073044148,0.6827309885779724,0.09288089637432771
0.8682076236820763,0.5497076023391813,0.75,0.6344206974128234,0.9097857070141505,0.6890174807696616,0.0961896700447611
0.8738848337388483,0.5828571428571429,0.7688442211055276,0.6630552546045504,0.9183903074366027,0.7238649854828979,0.092321244946347
0.8694241686942417,0.5574712643678161,0.7617801047120419,0.6438053097345132,0.916963953733758,0.7327623689547207,0.09089135634894266
0.8824006488240065,0.6062992125984252,0.7738693467336684,0.6799116997792495,0.9297563737449335,0.7456179825474665,0.08621765004383312
0.8848337388483374,0.6105675146771037,0.7858942065491183,0.6872246696035242,0.9295842550399139,0.749570466137273,0.08704294749583319
0.8775344687753447,0.5803212851405622,0.756544502617801,0.6568181818181819,0.9259554220136468,0.7176971849120073,0.08761168083325697
0.8669910786699108,0.5604606525911708,0.7468030690537084,0.6403508771929824,0.9199580932425353,0.7113573237440113,0.09371669185291594
0.8641524736415247,0.5497076023391813,0.7305699481865285,0.6273637374860956,0.9058041052212036,0.687213945394421,0.09616215749182894
0.8759124087591241,0.594541910331384,0.7568238213399504,0.665938864628821,0.9235171502148813,0.7345010566934477,0.08752953466620784
0.8738848337388483,0.5685483870967742,0.7440633245382586,0.6445714285714286,0.9185041714445373,0.7114759328040161,0.09051778493432967
0.8803730738037308,0.5889101338432122,0.7938144329896907,0.6761800219538968,0.9258381869958228,0.7494320005392926,0.08660364862885825
0.883617193836172,0.5806451612903226,0.784741144414169,0.6674391657010429,0.9265291763432177,0.7372659450824395,0.08509464968082106
0.8682076236820763,0.5714285714285714,0.75,0.6486486486486487,0.9222458857696032,0.724258825132093,0.09113491269885128
0.8767234387672344,0.5929549902152642,0.7593984962406015,0.6659340659340659,0.9191120035211395,0.7172139756458815,0.09037501119270665
0.884022708840227,0.5944333996023857,0.7847769028871391,0.6764705882352942,0.9321764635535666,0.7317563243492178,0.08401532658933973
0.8799675587996756,0.5772994129158513,0.7866666666666666,0.6659142212189616,0.9263931133428982,0.7394932994526483,0.08759553901511896
0.878345498783455,0.6231060606060606,0.7651162790697674,0.6868475991649269,0.927753917850779,0.7601768529102277,0.08710002772512059
0.8746958637469586,0.5836653386454184,0.7455470737913485,0.6547486033519553,0.9211208203375767,0.7220819468568996,0.0892765089917325
0.870235198702352,0.5597609561752988,0.7394736842105263,0.63718820861678,0.9088345864661653,0.6673893879000633,0.09450172680356825
0.8905109489051095,0.592901878914405,0.7910863509749304,0.6778042959427207,0.9234650911605169,0.7115060982250029,0.08259327254153613
0.8645579886455799,0.5380116959064327,0.739946380697051,0.6230248306997742,0.9086857890914306,0.6952648081360612,0.09464372372412098
0.8637469586374696,0.5393939393939394,0.712,0.6137931034482759,0.9056897816036984,0.6718053634018776,0.09626527765715134
0.8787510137875101,0.5829787234042553,0.726790450928382,0.6469893742621016,0.9185045323933754,0.7093644370332894,0.08872346665022524
0.8888888888888888,0.5885057471264368,0.7293447293447294,0.6513994910941476,0.9198291945336864,0.722145378997998,0.08248876059262868
0.8669910786699108,0.5504761904761905,0.7585301837270341,0.6379690949227373,0.9147642515908532,0.7307101678986078,0.09265908142897816
0.8852392538523925,0.6042553191489362,0.7454068241469817,0.6674500587544065,0.921127664797296,0.7313157875637161,0.08431271176004561
0.8767234387672344,0.5888429752066116,0.7307692307692307,0.6521739130434783,0.9143928165604467,0.7309703916641715,0.09021905550374906
0.8669910786699108,0.5599214145383105,0.7326478149100257,0.6347438752783965,0.9089006414977109,0.6904074341788667,0.09578019252397371
0.8775344687753447,0.5861386138613861,0.7609254498714653,0.6621923937360179,0.9199235599100442,0.7042283809711297,0.08870362711487452
0.8751013787510138,0.5855130784708249,0.7404580152671756,0.6539325842696629,0.9182657431240633,0.7205051602609034,0.0887864670719804
0.8698296836982968,0.592156862745098,0.727710843373494,0.652972972972973,0.9207509707283547,0.7226855456996174,0.09032376122713905
0.8742903487429035,0.5790513833992095,0.7512820512820513,0.6540178571428571,0.9268329133936071,0.7433114307714812,0.08820798399624559
0.8880778588807786,0.5794979079497908,0.7869318181818182,0.6674698795180722,0.9290619355809753,0.7119191156000753,0.08303588410381604
0.8771289537712895,0.6011673151750972,0.7592137592137592,0.6710097719869706,0.9281085138297378,0.7563229095079498,0.08774639941679382
0.864963503649635,0.5529865125240848,0.7396907216494846,0.6328555678059536,0.9109869720091682,0.6924707216688415,0.09772783388635796
0.8617193836171938,0.5325670498084292,0.7413333333333333,0.6198439241917503,0.9184556033795632,0.7057044365599723,0.09341918701683029
0.883617193836172,0.5913757700205339,0.7659574468085106,0.6674391657010429,0.9191540262648886,0.7052763460169083,0.0882796970248832
0.862124898621249,0.563963963963964,0.7615571776155717,0.6480331262939959,0.9115468177432053,0.7135674191417186,0.09874477440629477
0.8714517437145174,0.5496957403651116,0.7404371584699454,0.6309662398137369,0.9183242258652096,0.6919821223684391,0.08999896231384617
0.8860502838605029,0.5819327731092437,0.7715877437325905,0.6634730538922156,0.9294419847358519,0.7497229122702227,0.0828133719207897
0.8917274939172749,0.6220806794055201,0.7670157068062827,0.6869871043376319,0.9281737697339991,0.7405277660154315,0.0820413113012562
0.8759124087591241,0.5822784810126582,0.71875,0.6433566433566433,0.9193959133845662,0.7116629384518964,0.08911937923969053
0.8661800486618005,0.5525291828793775,0.7395833333333334,0.6325167037861915,0.9088078870477106,0.6743614404145597,0.09643695253524542
0.8868613138686131,0.6170634920634921,0.783375314861461,0.6903440621531631,0.9232718077704583,0.7323861372655351,0.08575325806168935
0.8807785888077859,0.5932539682539683,0.770618556701031,0.6704035874439462,0.9266183284879395,0.7426890532780602,0.08525423233545787
0.8690186536901865,0.5663551401869159,0.7690355329949239,0.6523143164693218,0.9167471042471043,0.7255818999012523,0.09442678718855098
0.8698296836982968,0.5537190082644629,0.7184986595174263,0.6254375729288215,0.9133175950986884,0.7070172327096386,0.08875455791552483
0.8710462287104623,0.5645472061657033,0.7610389610389611,0.6482300884955752,0.9078240356471976,0.6950286991763555,0.0959825430168748
0.8576642335766423,0.5424354243542435,0.7405541561712846,0.6261980830670927,0.9056967858260296,0.6829505640812595,0.09979201571874524
0.8787510137875101,0.5675105485232067,0.7410468319559229,0.6427718040621266,0.9249163925600186,0.7285201620198678,0.0856704715441266
0.8726682887266829,0.564870259481038,0.7467018469656992,0.6431818181818182,0.9161412589304565,0.6999986027987274,0.09417096301987196
0.870235198702352,0.540650406504065,0.7388888888888889,0.6244131455399061,0.9146090534979423,0.6842981283395055,0.09343568195197699
0.8771289537712895,0.5854616895874263,0.764102564102564,0.6629588431590656,0.9241045402895114,0.7405449929220163,0.08763454023214699
0.8759124087591241,0.5560081466395111,0.7562326869806094,0.6408450704225352,0.923360156861713,0.7293502272880881,0.089586733615636
0.870235198702352,0.5737051792828686,0.7309644670050761,0.6428571428571429,0.9170496638770751,0.7243226276603388,0.09058986735641764
0.8860502838605029,0.6127049180327869,0.7647058823529411,0.6803185437997725,0.9166856685052229,0.7361595965256112,0.08563592393791973
0.878345498783455,0.5666003976143141,0.776566757493188,0.6551724137931034,0.9242081022103428,0.7081426113618814,0.08768754823807204
0.8791565287915653,0.5811088295687885,0.7506631299734748,0.6550925925925926,0.9206923216596217,0.7332421225639557,0.08729082501477123
0.8832116788321168,0.5916666666666667,0.7553191489361702,0.6635514018691588,0.9202305812888121,0.714712022238938,0.08735848730086794
0.8657745336577454,0.5526315789473685,0.7596899224806202,0.6398258977149075,0.9197313357520076,0.7297035745937515,0.09369168969823351
0.8828061638280617,0.6027944111776448,0.7704081632653061,0.6763717805151176,0.9331888493102158,0.7545547174781158,0.08277818877417016
0.8815896188158961,0.5761316872427984,0.7650273224043715,0.6572769953051644,0.9297957325006506,0.7452972547948291,0.08340077377412639
0.8625304136253041,0.5542406311637081,0.7131979695431472,0.6237513873473918,0.9107669580385316,0.7082666169427501,0.09384653348839614
0.8779399837793999,0.5938697318007663,0.7769423558897243,0.6731813246471227,0.929557808405872,0.7435139707291064,0.08864882886308194
0.8795620437956204,0.5868725868725869,0.7855297157622739,0.6718232044198895,0.9263746111291331,0.7419083848863074,0.08598553306423992
0.8819951338199513,0.5934959349593496,0.762402088772846,0.6674285714285715,0.9241654121578513,0.7118104579540679,0.08709616498349
0.8807785888077859,0.5480572597137015,0.7859237536656891,0.6457831325301204,0.9261714680006901,0.709102272033047,0.08516379106680257
0.8673965936739659,0.5644859813084112,0.7626262626262627,0.6487647690655209,0.9196689113355779,0.7112973466862004,0.09239232005432929
0.8710462287104623,0.5802707930367504,0.7481296758104738,0.6535947712418301,0.9206608176894326,0.7380955018249096,0.09140904294792843
0.8710462287104623,0.5711382113821138,0.7242268041237113,0.6386363636363637,0.9164219163946301,0.7130137144418339,0.08992201482267154
0.8637469586374696,0.556390977443609,0.7474747474747475,0.6379310344827587,0.9125542868296492,0.7063428515074399,0.0967872817324015
0.8673965936739659,0.537525354969574,0.728021978021978,0.6184364060676779,0.9081473949456822,0.6850442853140645,0.09482119317029727
0.8726682887266829,0.5722543352601156,0.7634961439588689,0.6541850220264317,0.9214149832972958,0.7295319217682029,0.0895651898785055
0.8807785888077859,0.6114285714285714,0.781021897810219,0.6858974358974359,0.9308244682425512,0.7616317359277276,0.08526572826240872
0.8824006488240065,0.5682730923694779,0.7905027932960894,0.6612149532710281,0.9297289919752367,0.7232610006458414,0.0843092433514313
0.8856447688564477,0.6173076923076923,0.7945544554455446,0.6948051948051948,0.9307302820485734,0.7642778593208709,0.08387934191559816
0.8738848337388483,0.5801526717557252,0.769620253164557,0.661588683351469,0.9207708622386299,0.7336511779692275,0.08977894510027094
0.8730738037307381,0.5443548387096774,0.7563025210084033,0.6330597889800703,0.9238862923073449,0.7178974598855322,0.08951985697623902
0.8738848337388483,0.5618860510805501,0.7647058823529411,0.6477916194790487,0.9265063751904377,0.7397477311818006,0.08849257542095088
0.8742903487429035,0.580078125,0.7576530612244898,0.6570796460176991,0.9234349477495917,0.7276478534162583,0.08990676743385936
0.8884833738848338,0.5936254980079682,0.8075880758807588,0.6842709529276694,0.9354827453853938,0.7613848025483478,0.08336673625986984
0.870235198702352,0.568359375,0.7461538461538462,0.6452328159645233,0.9190133886665679,0.7176451164844473,0.09257567523784428
0.8795620437956204,0.622,0.7422434367541766,0.676822633297062,0.9307304595000774,0.7550836472567988,0.08613823208829624
0.8763179237631792,0.6190476190476191,0.7770114942528735,0.6890927624872579,0.9230151049536777,0.7620224950181472,0.08927432421369792
0.8807785888077859,0.5891783567134269,0.7676240208877284,0.6666666666666666,0.9215945569567894,0.7318536687118314,0.08862105469850819
0.8957826439578265,0.6502057613168725,0.7841191066997518,0.7109111361079865,0.9342064905838302,0.7705181433494459,0.07950368336935267
0.8722627737226277,0.5458015267175572,0.7878787878787878,0.644870349492672,0.9134163578463929,0.6967021187491412,0.09513453620140078
0.8738848337388483,0.5921052631578947,0.7701711491442543,0.6695005313496281,0.9228337134930757,0.7364205048052055,0.09051454829207478
0.8819951338199513,0.5991983967935872,0.7666666666666667,0.672665916760405,0.9270515290746504,0.7306301233112502,0.08655368808372323
0.8694241686942417,0.576,0.7236180904522613,0.6414253897550112,0.9164888757131888,0.7203093210316621,0.09098321411432894
0.8706407137064072,0.5674044265593562,0.7305699481865285,0.638731596828992,0.9181608708648864,0.6989757036131403,0.09089720693250326
0.8787510137875101,0.5969289827255279,0.7775,0.6753528773072747,0.9261447241045498,0.7340464857606914,0.0874199126416359
0.8694241686942417,0.5475206611570248,0.720108695652174,0.6220657276995305,0.9108092075268371,0.6999466835750446,0.09311232649984952
0.8763179237631792,0.6034816247582205,0.7572815533980582,0.6716899892357373,0.9219614108393757,0.7350067733823924,0.0902427416968935
0.8718572587185726,0.5523012552301255,0.7213114754098361,0.6255924170616114,0.9156466302367942,0.7088665604552191,0.09127352378596587
0.8807785888077859,0.5892116182572614,0.7473684210526316,0.6589327146171694,0.9215950951203511,0.7302282541488492,0.08611356265351099
0.8815896188158961,0.5909090909090909,0.7526315789473684,0.6620370370370371,0.9244878134934652,0.7412979188510844,0.08517975472118239
0.8852392538523925,0.6153846153846154,0.78,0.6879823594266814,0.9327855759922555,0.7658665061850572,0.0821946607305591
0.8742903487429035,0.5646123260437376,0.7573333333333333,0.6469248291571754,0.9192615973218556,0.7096794323538896,0.08976608824514215
0.8872668288726683,0.5929752066115702,0.779891304347826,0.6737089201877934,0.9244557446014839,0.7178047588148355,0.08503730238515396
0.8730738037307381,0.5691699604743083,0.7519582245430809,0.6479190101237345,0.9166609216221331,0.7072117346937494,0.09089057793521924
0.8848337388483374,0.5900621118012422,0.7681940700808625,0.667447306791569,0.9270950601161796,0.7266295458642288,0.08594204586217447
0.8832116788321168,0.572961373390558,0.75,0.6496350364963503,0.9270528249640556,0.7290361864937493,0.0848364333787378
0.8771289537712895,0.5775193798449613,0.7780678851174935,0.6629588431590656,0.9236076205613264,0.7158516229753294,0.09095729372109419
0.875506893755069,0.5610236220472441,0.7723577235772358,0.6499429874572406,0.9310138499572883,0.7445461323867053,0.08457233019142396
0.8824006488240065,0.6153846153846154,0.7665847665847666,0.6827133479212254,0.9213854677672064,0.7436727697051753,0.08773210973399341
0.8807785888077859,0.5946502057613169,0.7487046632124352,0.6628440366972477,0.925844459944201,0.7333718004867642,0.08499298104104575
0.884022708840227,0.5944333996023857,0.7847769028871391,0.6764705882352942,0.9264386915664319,0.7359385496607648,0.0839739788897393
0.883617193836172,0.5877551020408164,0.7721179624664879,0.6674391657010429,0.9328618694512155,0.7456857817431963,0.08224150928520584
0.8787510137875101,0.5795918367346938,0.753315649867374,0.6551326412918108,0.9261586204357041,0.7511595292967845,0.08526868149468417
0.8706407137064072,0.5561904761904762,0.7724867724867724,0.646733111849391,0.9206108475744491,0.7359526199698548,0.09126160785064888
0.8645579886455799,0.5760869565217391,0.7607655502392344,0.6556701030927835,0.914769222861842,0.7138801433816173,0.09547785205142868
0.8799675587996756,0.5565217391304348,0.735632183908046,0.6336633663366337,0.9232264769409442,0.6842282227695126,0.08445122444031615
0.8734793187347932,0.576271186440678,0.7083333333333334,0.6355140186915887,0.9125815521934038,0.6851875727562985,0.09165075770655123
0.8775344687753447,0.5594989561586639,0.7465181058495822,0.639618138424821,0.9206002540939936,0.7055157233290694,0.08870500904183747
0.8848337388483374,0.58125,0.7707182320441989,0.66270783847981,0.9217407516333005,0.7282413718897625,0.08691985341028063
0.883617193836172,0.6004016064257028,0.772609819121447,0.6757062146892655,0.9250807571221008,0.735887370903917,0.08719594293415885
0.8937550689375506,0.6139630390143738,0.8016085790884718,0.6953488372093023,0.9348383287070781,0.7623795708376229,0.07882136742708433
0.883617193836172,0.6057906458797327,0.7120418848167539,0.6546329723225031,0.9183318929565575,0.7275450480615735,0.08422304167710054
0.8799675587996756,0.5614754098360656,0.7696629213483146,0.6492890995260664,0.9149368975983811,0.7125367930810589,0.08835676194104877
0.8807785888077859,0.5458422174840085,0.7596439169139466,0.6352357320099256,0.9292447241917118,0.7070716587265545,0.08343411489243664
0.8722627737226277,0.5507246376811594,0.7307692307692307,0.628099173553719,0.9165446827197541,0.702601939606993,0.0894254480378738
0.8848337388483374,0.6007677543186181,0.8046272493573264,0.6879120879120879,0.9355259526234818,0.7628627204197953,0.08212939235897684
0.8795620437956204,0.5450733752620545,0.7647058823529411,0.6364749082007344,0.9216562448121299,0.6923701988678208,0.08748153498595299
0.8738848337388483,0.5662650602409639,0.7480106100795756,0.6445714285714286,0.915449499906673,0.6857087241151574,0.09334471197635968
0.8787510137875101,0.5959595959595959,0.748730964467005,0.6636670416197975,0.9237231248652569,0.7451128259751814,0.08740581262850422
0.8844282238442822,0.603448275862069,0.8015267175572519,0.6885245901639344,0.9377676634887668,0.7799896762994027,0.0815086824451063
0.8706407137064072,0.5675146771037182,0.7474226804123711,0.6451612903225806,0.9186941250012404,0.7214045146667694,0.0912548115991246
0.8613138686131386,0.5303030303030303,0.7486631016042781,0.6208425720620843,0.9144563961513686,0.6958682936413372,0.09549919965404575
0.8669910786699108,0.533066132264529,0.7368421052631579,0.6186046511627907,0.9180147518439805,0.7131447408467144,0.09187818143704357
0.8734793187347932,0.5610236220472441,0.7620320855614974,0.6462585034013606,0.928142350282717,0.7386874524228946,0.08586798434325388
0.8771289537712895,0.5670995670995671,0.7178082191780822,0.6336154776299879,0.9194056320212814,0.7130701748192868,0.08828854623236611
0.8791565287915653,0.5973282442748091,0.7825,0.6774891774891775,0.9223983543078412,0.7406281208605758,0.08810622001320514
0.8864557988645579,0.5871369294605809,0.7774725274725275,0.6690307328605201,0.931020691962652,0.7484895737033161,0.08254493255194625
0.8714517437145174,0.5579150579150579,0.76657824933687,0.6458100558659218,0.9226540943911077,0.7115020925977479,0.09042500926946649
0.8775344687753447,0.5826923076923077,0.7809278350515464,0.6674008810572687,0.9314542135082304,0.7473002690669265,0.0877240066306955
0.8811841038118411,0.5881188118811881,0.7774869109947644,0.6696730552423901,0.9342685733235522,0.7597251744733162,0.08378367569465514
0.8584752635847527,0.5343811394891945,0.7083333333333334,0.6091825307950728,0.9043537864233109,0.6705763694811906,0.10017363945776812
0.8832116788321168,0.6060606060606061,0.7633587786259542,0.6756756756756757,0.9276496920910924,0.7329132703367067,0.08521870719938776
0.8787510137875101,0.5617529880478087,0.7811634349030471,0.6535341830822712,0.9279923148288274,0.7319899704160708,0.08428559207401831
0.8852392538523925,0.5892116182572614,0.7696476964769647,0.6674500587544065,0.9328838591199455,0.74222534954429,0.08151045114421579
0.8856447688564477,0.6304347826086957,0.7705314009661836,0.6934782608695652,0.9248665141113654,0.7431468871957342,0.08683539124195028
0.8815896188158961,0.5778251599147122,0.7424657534246575,0.6498800959232613,0.9201476139868165,0.6906674640232828,0.08718740509147314
0.8896999188969992,0.5855130784708249,0.8151260504201681,0.6814988290398126,0.9366181750082679,0.7548268974257821,0.07979929023840567
0.8730738037307381,0.5946462715105163,0.7548543689320388,0.66524064171123,0.9179791266862669,0.7332653097105547,0.09187982834634872
0.8868613138686131,0.6107011070110702,0.8295739348370927,0.7035069075451648,0.9333638886766991,0.7326707573822909,0.0861053227421064
0.8917274939172749,0.6147704590818364,0.806282722513089,0.6976217440543602,0.9324182753665424,0.765386303418722,0.08016018661692415
0.8775344687753447,0.5851703406813628,0.7545219638242894,0.6591422121896162,0.9195262580275501,0.7223683751398821,0.08882260878725004
0.8722627737226277,0.5570866141732284,0.7587131367292225,0.6424517593643587,0.9190958243295346,0.7128463454155562,0.09023441422773995
0.8726682887266829,0.5733333333333334,0.7698209718670077,0.6572052401746725,0.9186787045881737,0.7186082637059122,0.0912870869770319
0.8730738037307381,0.5682730923694779,0.7427821522309711,0.6439135381114903,0.9157020840020896,0.7065036597853855,0.08928534848142747
0.8815896188158961,0.5683760683760684,0.7471910112359551,0.6456310679611651,0.9314180733798392,0.7432208831897797,0.081864733966867
0.8686131386861314,0.5750452079566004,0.7813267813267813,0.6625,0.9221086069070528,0.7272673692707644,0.09324822472178401
0.8807785888077859,0.5876288659793815,0.7519788918205804,0.6597222222222222,0.9257395638030628,0.726190716913005,0.0854486465184481
0.8844282238442822,0.5976331360946746,0.7890625,0.6801346801346801,0.9318451308837656,0.752663777298723,0.08455448235662223
0.8832116788321168,0.5888223552894212,0.7824933687002652,0.6719817767653758,0.9322293229788979,0.7586261991383879,0.08332284844746816
0.8722627737226277,0.6076190476190476,0.7453271028037384,0.6694648478488983,0.9219892142745774,0.7477856739271794,0.09072246685253228
0.8775344687753447,0.584493041749503,0.7596899224806202,0.6606741573033708,0.9189023245870791,0.729715845605496,0.08866713534026789
0.8763179237631792,0.591182364729459,0.7449494949494949,0.659217877094972,0.9229029424681598,0.7399709219287207,0.08689253188826832
0.8726682887266829,0.5693581780538303,0.7217847769028871,0.6365740740740741,0.914059303738112,0.7103553168952592,0.09104805840880568
0.8767234387672344,0.5610236220472441,0.7786885245901639,0.6521739130434783,0.9194834764506896,0.697436155813214,0.0898195771946553
0.8771289537712895,0.5907258064516129,0.7455470737913485,0.6591676040494938,0.92525982307359,0.7501376822103023,0.08603934085460538
0.8730738037307381,0.5852713178294574,0.7531172069825436,0.658669574700109,0.9152880510587937,0.7176552647633222,0.09266781141617426
0.8738848337388483,0.5854126679462572,0.7625,0.6623235613463626,0.9195716360116166,0.7294447001872625,0.09150582448727561
0.870235198702352,0.5622489959839357,0.7329842931937173,0.6363636363636364,0.9125398197184231,0.7091773675906339,0.092236190933298
0.870235198702352,0.5646123260437376,0.7376623376623377,0.6396396396396397,0.9163264414585894,0.6979890514987682,0.09396850496740622
0.8742903487429035,0.5545851528384279,0.7055555555555556,0.6210268948655256,0.9104859132636911,0.69711220656306,0.08978035816415765
0.8710462287104623,0.5730129390018485,0.7808564231738035,0.6609808102345416,0.9242798514231312,0.7399956618544368,0.09226570209371054
0.8824006488240065,0.6101010101010101,0.7568922305764411,0.6756152125279642,0.9217916586337639,0.7263819288821151,0.08760594105921064
0.8714517437145174,0.5632183908045977,0.7676240208877284,0.6497237569060773,0.9164215099481192,0.689912960832147,0.09446973376669118
0.8730738037307381,0.5508982035928144,0.7582417582417582,0.638150289017341,0.9197023243169771,0.7148116983771763,0.09010482930873903
0.878345498783455,0.5576131687242798,0.7612359550561798,0.6437054631828979,0.9159167154800576,0.6951996957249738,0.08822412111349003
0.8799675587996756,0.5968379446640316,0.766497461928934,0.6711111111111111,0.9284415851674734,0.7521124564654175,0.08544607774107557
0.8633414436334145,0.5635673624288425,0.7351485148514851,0.6380236305048335,0.9197861347725461,0.7190211965405835,0.094855852168232
0.8767234387672344,0.5791666666666667,0.7315789473684211,0.6465116279069767,0.9132260180652976,0.6913326853922204,0.09050829885089261
0.8669910786699108,0.5401174168297456,0.7479674796747967,0.6272727272727273,0.9161041777322876,0.7302325565624309,0.09113503719175271
0.8706407137064072,0.5460122699386503,0.7335164835164835,0.6260257913247362,0.9170635501510859,0.7118916487773047,0.09048812841656675
0.8779399837793999,0.594059405940594,0.7575757575757576,0.6659267480577137,0.920200800273264,0.7233020738583592,0.08879183585209759
0.8848337388483374,0.5887096774193549,0.7849462365591398,0.6728110599078341,0.9286838483737458,0.7264132907750006,0.08568344063139217
0.8771289537712895,0.5809716599190283,0.7493472584856397,0.6545039908779932,0.9227803341485029,0.7135048414959642,0.08692637191241544
0.8811841038118411,0.5807770961145194,0.7634408602150538,0.6596980255516841,0.9226296844029537,0.7279105458734629,0.08650077883989142
0.8698296836982968,0.5869158878504673,0.7584541062801933,0.6617492096944152,0.9184676667514196,0.7361540822327728,0.09377327128961138
0.8767234387672344,0.6033834586466166,0.7753623188405797,0.678646934460888,0.9263473364032733,0.7758836961919728,0.0875914946005561
0.8872668288726683,0.6099585062240664,0.765625,0.6789838337182448,0.9310596281620237,0.7582839220879165,0.08111111539811433
0.8657745336577454,0.546692607003891,0.741424802110818,0.6293393057110862,0.9174775877305547,0.723882365323533,0.09423000791484298
0.8824006488240065,0.6032719836400818,0.7544757033248082,0.6704545454545454,0.9171343173204326,0.7472847205771157,0.08582126742744528
0.864963503649635,0.55078125,0.7324675324675325,0.6287625418060201,0.912915244294389,0.7119971551400114,0.0949618226409592
0.8864557988645579,0.5934959349593496,0.7849462365591398,0.6759259259259259,0.9288661408427561,0.72602184353373,0.0838449010259322
0.8795620437956204,0.5737704918032787,0.7588075880758808,0.6534422403733956,0.9132778404560392,0.7129424484355055,0.08927132315319217
0.875506893755069,0.5869980879541109,0.7713567839195979,0.6666666666666666,0.9241359116666505,0.7241783971795209,0.09116796435723531
0.8819951338199513,0.5812133072407045,0.7941176470588235,0.6711864406779661,0.9344638602877272,0.7454089917388278,0.08405244622954723
0.875506893755069,0.5763747454175153,0.7408376963350786,0.6483390607101948,0.9195214599391022,0.7291987495191041,0.08966377927908474
0.8828061638280617,0.5905511811023622,0.7874015748031497,0.6749156355455568,0.9283961806932407,0.7356844988712563,0.08488032077216669
0.8763179237631792,0.5770750988142292,0.762402088772846,0.6569178852643419,0.9257372563422158,0.7404621041953241,0.08679719711703997
0.8832116788321168,0.5899122807017544,0.727027027027027,0.6513317191283293,0.9155611718588819,0.7031122089530218,0.08606668115103283
0.8807785888077859,0.5972495088408645,0.7735368956743003,0.6740576496674058,0.9294025081963792,0.7455253378720464,0.08547633869707547
0.8779399837793999,0.58004158004158,0.7380952380952381,0.6495925494761351,0.9249832755579882,0.734304751358379,0.08559826970194492
0.8738848337388483,0.5765407554671969,0.7474226804123711,0.6509539842873177,0.9218853874165286,0.7164507292578413,0.08924680256304551
0.8884833738848338,0.6078886310904872,0.7119565217391305,0.655819774718398,0.9268286048824967,0.7309154320623015,0.08013464448489074
0.8706407137064072,0.5851272015655578,0.7364532019704434,0.6521264994547438,0.9176730116217897,0.717917308087807,0.09278052404491328
0.8884833738848338,0.5981941309255079,0.7320441988950276,0.6583850931677019,0.9292415919164759,0.7050496110872152,0.07935571266028332
0.8811841038118411,0.5588235294117647,0.7621776504297995,0.6448484848484849,0.9148116015391841,0.6939236821279519,0.08916612511047707
0.8767234387672344,0.5740365111561866,0.7506631299734748,0.6505747126436782,0.9241358994251815,0.7208176328965233,0.08739565254082632
0.8896999188969992,0.5961538461538461,0.7707182320441989,0.672289156626506,0.9285706783185934,0.7386873815398364,0.08193267721301419
0.8795620437956204,0.5726681127982647,0.7252747252747253,0.64,0.9244453215671103,0.7192681871427941,0.08621149911145021
0.8787510137875101,0.581532416502947,0.774869109947644,0.6644219977553311,0.9308003637788788,0.7214835220548693,0.08698561663385902
0.8868613138686131,0.6024844720496895,0.7698412698412699,0.6759581881533101,0.9264922763485981,0.75576325634987,0.08448711706552355
0.8791565287915653,0.5992366412213741,0.7810945273631841,0.6781857451403888,0.9290177021867407,0.7650416347182556,0.08636725567952551
0.8564476885644768,0.5481481481481482,0.729064039408867,0.6257928118393234,0.903993495623894,0.6838307661447081,0.1020672997267372
0.883617193836172,0.6136363636363636,0.7960687960687961,0.6930481283422459,0.9297409467394896,0.7469423383349035,0.08436563070822867
0.8824006488240065,0.6122448979591837,0.75,0.6741573033707865,0.9233046950629236,0.7388207042133763,0.08716362894738489
0.8751013787510138,0.545816733067729,0.7740112994350282,0.6401869158878505,0.9199556475774696,0.6925240996478662,0.09029874756412735
0.8710462287104623,0.5608782435129741,0.741424802110818,0.6386363636363637,0.9207634141746937,0.73430590231629,0.08917182978110358
0.884022708840227,0.5698689956331878,0.7457142857142857,0.6460396039603961,0.923711855252498,0.7082413680626074,0.08360944003717671
0.8779399837793999,0.5865580448065173,0.7461139896373057,0.6567844925883695,0.9220805101634117,0.7237678279918186,0.08712595459138886
0.8767234387672344,0.5685483870967742,0.7580645161290323,0.6497695852534562,0.9172071253247887,0.7160794481400932,0.08955146635983104
0.8852392538523925,0.6036585365853658,0.7714285714285715,0.677309007981756,0.9186305285296155,0.7215569527353872,0.0873326103489111
0.8682076236820763,0.5189620758483033,0.7558139534883721,0.6153846153846154,0.9201417048418561,0.6907519335579739,0.0908033983268843
0.8734793187347932,0.555327868852459,0.7404371584699454,0.6346604215456675,0.9160148321623731,0.6867414798134462,0.09055590785837422
0.8617193836171938,0.5532710280373832,0.7437185929648241,0.6345123258306538,0.9076062128825948,0.7017237981104231,0.09991653920877028
0.8714517437145174,0.5697896749521989,0.764102564102564,0.6527929901423878,0.9224618348895806,0.7286329424480757,0.0898709112618421
0.8698296836982968,0.586073500967118,0.7390243902439024,0.6537216828478964,0.9146175381987283,0.7242952464856665,0.09506435277387182
0.8714517437145174,0.5643153526970954,0.7176781002638523,0.6318234610917538,0.910799736527037,0.6897532788193923,0.09165504084607161
0.8759124087591241,0.5875486381322957,0.7626262626262627,0.6637362637362637,0.92221978236471,0.7408784835275048,0.08841248847950522
0.8763179237631792,0.5548654244306418,0.7486033519553073,0.6373365041617123,0.9151476683663193,0.6979755435654629,0.08959441766860057
0.8617193836171938,0.551094890510949,0.760705289672544,0.6391534391534391,0.9172564168430946,0.7210531847986451,0.09613458956652622
0.8738848337388483,0.6107784431137725,0.7251184834123223,0.6630552546045504,0.9222623607646006,0.7405628012023636,0.08954534870806674
0.8791565287915653,0.6059405940594059,0.7555555555555555,0.6725274725274726,0.9193739105432458,0.7251336560817039,0.08830923441517258
0.8730738037307381,0.575098814229249,0.7480719794344473,0.6502793296089385,0.9266987064841643,0.7338114966320635,0.08918774071890562
0.8965936739659367,0.6395604395604395,0.7617801047120419,0.6953405017921147,0.9334960456632935,0.7685569957601985,0.07684101441010789
0.8682076236820763,0.5692007797270955,0.7373737373737373,0.6424642464246425,0.9142304689406139,0.7180529505859985,0.09423927644686798
0.875506893755069,0.5764462809917356,0.7322834645669292,0.6450867052023121,0.9219660492078778,0.7335773971194345,0.08765191666578027
0.8746958637469586,0.5555555555555556,0.7202216066481995,0.6272617611580217,0.9202018673386805,0.7230917897136195,0.08755177160685675
0.8824006488240065,0.5814889336016097,0.7789757412398922,0.6658986175115207,0.918997227386474,0.6904694046372705,0.08872086920325667
0.883617193836172,0.592,0.7810026385224275,0.6734926052332195,0.9266245497633927,0.7391788036567736,0.08596866702452455
0.8864557988645579,0.5915492957746479,0.7924528301886793,0.6774193548387096,0.9223899799934383,0.746311253138072,0.08449687632502573
0.8706407137064072,0.5544554455445545,0.7486631016042781,0.6370875995449374,0.920425149027106,0.7185840008220519,0.09235477889924372
0.8730738037307381,0.6032388663967612,0.7180722891566265,0.6556655665566556,0.9163640422244805,0.7253092411376638,0.09161154216496284
0.870235198702352,0.5816733067729084,0.7263681592039801,0.6460176991150443,0.9146262389602375,0.7308948948044602,0.09095985777164073
0.8763179237631792,0.5964912280701754,0.7574257425742574,0.6673936750272628,0.9232073061816366,0.7200791248037619,0.09032093442673655
0.8933495539334956,0.640495867768595,0.7769423558897243,0.7021517553793885,0.9308842983123023,0.7650290267037756,0.07888463488642454
0.8767234387672344,0.5585215605749486,0.7534626038781164,0.6415094339622641,0.9219915647350656,0.7002877722685222,0.08915734022782527
0.8673965936739659,0.5333333333333333,0.7534626038781164,0.6245694603903559,0.9186319342549398,0.6760092689443475,0.09392355231673233
0.870235198702352,0.5478615071283096,0.7329700272479565,0.627039627039627,0.9095585934913861,0.6789817039085241,0.09484204120268995
0.8775344687753447,0.5965909090909091,0.7797029702970297,0.6759656652360515,0.930398968606851,0.7550433896446497,0.08620464494267573
0.8844282238442822,0.6069246435845214,0.764102564102564,0.6765039727582293,0.9375006175584211,0.7658377958871392,0.08143440055692708
0.8714517437145174,0.545271629778672,0.7486187845303868,0.6309662398137369,0.9163235510366994,0.7001589948702317,0.09165962541342657
0.8799675587996756,0.5774378585086042,0.8010610079575596,0.6711111111111111,0.932831187234383,0.7431221768397567,0.08493517657721665
0.8860502838605029,0.6033755274261603,0.7546174142480211,0.6705744431418523,0.9213411835802234,0.720013380182338,0.08711997382108641
0.8888888888888888,0.6140350877192983,0.8056265984654731,0.6969026548672567,0.9351998274427634,0.7774621747591772,0.08239232527671185
0.8791565287915653,0.6008403361344538,0.7258883248730964,0.6574712643678161,0.920675479685632,0.7249905193077465,0.08694875831051706
0.8803730738037308,0.5944333996023857,0.7666666666666667,0.6696528555431132,0.9210920903117435,0.704441087438387,0.08966662120633186
0.8742903487429035,0.562624254473161,0.7587131367292225,0.6461187214611872,0.9242758640124301,0.7227210139036434,0.08874862453518365
0.8868613138686131,0.6051080550098232,0.7979274611398963,0.6882681564245811,0.9312811379035473,0.7708027617044781,0.08164329867683509
0.8751013787510138,0.5828460038986355,0.7608142493638677,0.6600441501103753,0.920453080868896,0.7414666395425052,0.08992265360490616
0.8771289537712895,0.5933852140077821,0.7644110275689223,0.6681270536692223,0.9324387407803495,0.7544142383309816,0.08494999917167213
0.8824006488240065,0.5955734406438632,0.7688311688311689,0.671201814058957,0.9210344676947272,0.7187817675416293,0.08871288115335937
0.8746958637469586,0.5938697318007663,0.7616707616707616,0.667384284176534,0.9182184524583747,0.7325897230385175,0.09305656105484698
0.8742903487429035,0.5737373737373738,0.741514360313316,0.6469248291571754,0.9218978953081579,0.7346096284505346,0.0881567611704456
0.8763179237631792,0.599609375,0.7542997542997543,0.6681175190424374,0.9226670707972311,0.731951909251889,0.08928193133897737
0.8832116788321168,0.6008064516129032,0.7680412371134021,0.6742081447963801,0.9268130537888334,0.7283506869644331,0.0845953385817008
0.8860502838605029,0.5895196506550219,0.743801652892562,0.6577344701583435,0.9211791105190146,0.7002201934585045,0.083997501497188
0.8876723438767234,0.6069246435845214,0.7801047120418848,0.6827033218785796,0.9323843595180433,0.761797873323234,0.08114644332704371
0.8665855636658556,0.5671077504725898,0.75,0.6458557588805167,0.9087076476282672,0.7086953536371261,0.0962676754455548
0.889294403892944,0.5953389830508474,0.7741046831955923,0.6730538922155689,0.928768950037268,0.7591173588201295,0.08028319837277655
0.8726682887266829,0.571150097465887,0.7571059431524548,0.6511111111111111,0.9248843796647415,0.7099778368815581,0.08898887720042936
0.8795620437956204,0.5686653771760155,0.7989130434782609,0.6644067796610169,0.9233263045550628,0.7233281941085147,0.08805904604295754
0.8771289537712895,0.5652173913043478,0.7459016393442623,0.6431095406360424,0.9187809003382774,0.7016174660729738,0.08837526455787294
0.8775344687753447,0.591919191919192,0.7455470737913485,0.6599099099099099,0.9234137198366493,0.7399635527061462,0.08786535407339507
0.8771289537712895,0.5831622176591376,0.7395833333333334,0.6521239954075775,0.9238362552033301,0.7254123543253184,0.08764341526877145
0.8844282238442822,0.5842450765864332,0.7375690607734806,0.652014652014652,0.9193288763313237,0.7104800134178086,0.08631083964366164
0.8763179237631792,0.559748427672956,0.7375690607734806,0.636471990464839,0.9228738209776695,0.7189958422820332,0.08631063597824494
0.875506893755069,0.5792563600782779,0.7628865979381443,0.6585094549499444,0.9238673685046088,0.7290332299871388,0.08822910520568017
0.8779399837793999,0.5752808988764045,0.6956521739130435,0.6297662976629766,0.9059559829236954,0.68219601948165,0.09043991465297432
0.8746958637469586,0.5828343313373253,0.7448979591836735,0.6539753639417694,0.9130365260858442,0.7046191287997629,0.09297806105650089
0.8771289537712895,0.5914179104477612,0.7905236907730673,0.6766275346851655,0.9235120431367103,0.7476555994343684,0.08930571194327716
0.8872668288726683,0.6195652173913043,0.7345360824742269,0.6721698113207547,0.9241972852564421,0.7247135385408632,0.08287826476981487
0.8767234387672344,0.5564681724845996,0.754874651810585,0.640661938534279,0.9187441252331728,0.6976371355735248,0.09055249680827851
0.8726682887266829,0.5730337078651685,0.7806122448979592,0.6609071274298056,0.9227055576328893,0.7279494566521393,0.09097596639647325
0.8763179237631792,0.5731462925851704,0.7566137566137566,0.6522234891676169,0.9265391554663585,0.7258047072579793,0.08776632083857104
0.8815896188158961,0.5898989898989899,0.7664041994750657,0.6666666666666666,0.9201772440315464,0.7313255729017124,0.08656508569493904
0.8746958637469586,0.5895833333333333,0.7164556962025317,0.6468571428571429,0.912640502661834,0.7235560554529678,0.0894786726946511
0.8795620437956204,0.5872689938398358,0.7486910994764397,0.6582278481012658,0.9255006984152506,0.7376772301955885,0.08523822984513361
0.8905109489051095,0.5967413441955194,0.8027397260273973,0.6845794392523364,0.9339401328786683,0.744142991921803,0.08042749515774636
0.8710462287104623,0.6003898635477583,0.7315914489311164,0.6595289079229122,0.9148319579067188,0.7356999643980789,0.09165549641920448
0.8767234387672344,0.5522682445759369,0.7843137254901961,0.6481481481481481,0.9225488203816377,0.711760851652088,0.08935660866785801
0.8896999188969992,0.6057494866529775,0.7866666666666666,0.6844547563805105,0.9310530846484936,0.7619123974883966,0.0794159929714043
0.8856447688564477,0.5838779956427015,0.7465181058495822,0.6552567237163814,0.9339434938320732,0.7513173331948622,0.08109008213943297
0.8795620437956204,0.5746691871455577,0.8085106382978723,0.6718232044198895,0.9324277206556042,0.7433680481164682,0.08603330437467248
0.8759124087591241,0.5734126984126984,0.7605263157894737,0.6538461538461539,0.9247653529797648,0.7322670917398818,0.08815600613866108
0.8665855636658556,0.5435244161358811,0.6918918918918919,0.6087990487514863,0.9011953270063956,0.6729186727155423,0.09701399466243428
0.8714517437145174,0.549407114624506,0.7574931880108992,0.6368843069873997,0.9210055910885292,0.7151305074888127,0.0912913901394457
0.8844282238442822,0.6045627376425855,0.8050632911392405,0.6905537459283387,0.9349143384532635,0.7557543119589765,0.08429071067984677
0.8653690186536902,0.5560253699788583,0.6831168831168831,0.6130536130536131,0.902817701279979,0.6874606111271788,0.09438233682357387
0.8791565287915653,0.56312625250501,0.778393351800554,0.6534883720930232,0.9287884669794251,0.7351417130626173,0.0845284906486917
0.8791565287915653,0.6,0.7481108312342569,0.6659192825112108,0.9167694392331076,0.7257827991565184,0.08886846852428307
0.8787510137875101,0.5811623246492986,0.7631578947368421,0.6598407281001137,0.9244878134934651,0.717281695336819,0.08689738393133577
0.8734793187347932,0.5632411067193676,0.7579787234042553,0.6462585034013606,0.92114552580678,0.7278294631235392,0.08918552474253288
0.8751013787510138,0.5913555992141454,0.7506234413965087,0.6615384615384615,0.9192044102818016,0.7339037155555187,0.08985799233442798
0.8718572587185726,0.5535714285714286,0.754054054054054,0.6384439359267735,0.9199556426655664,0.7069543097656334,0.09088577814330584
0.8730738037307381,0.5996168582375478,0.750599520383693,0.6666666666666666,0.9151858600966957,0.7448961057924638,0.09017056395744098
0.8661800486618005,0.5171026156941649,0.7406340057636888,0.6090047393364929,0.9170072338509955,0.6704663419604746,0.09392758805524254
0.8678021086780211,0.5688976377952756,0.7297979797979798,0.6393805309734514,0.9188820572878544,0.7240938636361144,0.09119665546483885
0.8856447688564477,0.6127049180327869,0.7627551020408163,0.6795454545454546,0.9237289177966269,0.7295559499954022,0.08456042086878687
0.8738848337388483,0.5562770562770563,0.7079889807162535,0.623030303030303,0.9161593892497796,0.6775807097052251,0.08910643972974229
0.8799675587996756,0.5958333333333333,0.7371134020618557,0.6589861751152074,0.9264037585703938,0.7476495031323908,0.08391509695546172
0.8775344687753447,0.5836575875486382,0.7731958762886598,0.6651884700665188,0.9245668912415785,0.7337944836790817,0.0877153297770686
0.8876723438767234,0.6061855670103092,0.7736842105263158,0.6797687861271676,0.9264003128626936,0.7301881407316213,0.08389880021881975
0.8868613138686131,0.6004228329809725,0.7593582887700535,0.6706021251475797,0.9185706178873427,0.7300918482164591,0.0849392335249683
0.8856447688564477,0.6139240506329114,0.7461538461538462,0.6736111111111112,0.9293587273356059,0.7243795055721353,0.08408271148907644
0.8710462287104623,0.569620253164557,0.703125,0.6293706293706294,0.9136172150176113,0.7046953461292863,0.09149793615640008
0.8763179237631792,0.5892857142857143,0.7518987341772152,0.660734149054505,0.9257656974860795,0.7386667136344058,0.08737317059300032
0.8848337388483374,0.5595744680851064,0.7735294117647059,0.6493827160493827,0.9298655304078357,0.727929842097695,0.08299212257614559
0.8722627737226277,0.598,0.7239709443099274,0.6549835706462213,0.9129036937618014,0.714705518186112,0.09360592701156104
0.8872668288726683,0.5908141962421712,0.7753424657534247,0.6706161137440758,0.9330025493404968,0.7333276703593329,0.08191536130477203
0.8763179237631792,0.5625,0.7602179836512262,0.6465816917728853,0.922118096978839,0.7286527316765338,0.0868558956635205
0.8767234387672344,0.5959595959595959,0.7393483709273183,0.6599552572706935,0.9221481376396967,0.7327636840528732,0.08882868853101551
0.8864557988645579,0.6026200873362445,0.7379679144385026,0.6634615384615384,0.9249675361192625,0.7310152506405267,0.08306290303956611
0.8832116788321168,0.5711297071129707,0.7668539325842697,0.6546762589928058,0.923096277757069,0.6975204406526514,0.08661341077636628
0.8864557988645579,0.5876288659793815,0.7808219178082192,0.6705882352941176,0.9260039250715575,0.7537063040964738,0.08318301142469611
0.8734793187347932,0.564870259481038,0.7506631299734748,0.6446469248291572,0.9194187565789224,0.7074910175408421,0.08973576626085662
0.875506893755069,0.5469728601252609,0.7443181818181818,0.6305655836341757,0.921447654167025,0.7091033919319055,0.08778635979252404
0.8730738037307381,0.55863539445629,0.7119565217391305,0.6260454002389486,0.9177840179052513,0.6871754786564999,0.0890101958291857
0.8718572587185726,0.5470588235294118,0.7664835164835165,0.6384439359267735,0.9252922386842464,0.7230748436188926,0.09001653540769912
0.8734793187347932,0.5870841487279843,0.7481296758104738,0.6578947368421053,0.9194314455990773,0.7227819985094475,0.09078955413828095
0.8787510137875101,0.6027667984189723,0.7568238213399504,0.671067106710671,0.9283416066366046,0.7452558065167142,0.08573351756822749
0.8815896188158961,0.582089552238806,0.7398373983739838,0.6515513126491647,0.9268745000277852,0.7309742609062834,0.08373691628877569
0.8730738037307381,0.566147859922179,0.7637795275590551,0.6502793296089385,0.920677001705722,0.6979915580446986,0.09041126389537579
0.8718572587185726,0.5546719681908548,0.7520215633423181,0.6384439359267735,0.9215073754092983,0.7038801505670133,0.09106433343595373
0.8779399837793999,0.5789473684210527,0.7313829787234043,0.6462984723854289,0.9271912857579152,0.7179938892425959,0.08568139960888568
0.884022708840227,0.5904572564612326,0.7877984084880637,0.675,0.9268061959004663,0.7279621033122787,0.08558052467590659
0.8767234387672344,0.6086142322097379,0.7738095238095238,0.6813417190775681,0.9275892566215147,0.7515589775917684,0.08901636104397144
0.8799675587996756,0.5920502092050209,0.7369791666666666,0.6566125290023201,0.9192820905379443,0.7174439069539471,0.08726609899172313
0.8686131386861314,0.5767716535433071,0.7288557213930348,0.643956043956044,0.9119482529214393,0.7054558090555245,0.09447345085486195
0.8742903487429035,0.5944333996023857,0.7382716049382716,0.6585903083700441,0.9179386729443335,0.7293967610985866,0.0915664978660845
0.8706407137064072,0.5784114052953157,0.7171717171717171,0.6403607666290868,0.9175328160835408,0.7236047605189425,0.09000668134378817
0.8791565287915653,0.5717092337917485,0.784366576819407,0.6613636363636364,0.9298946921498369,0.7479163101450462,0.08706932479013531
0.8787510137875101,0.5641025641025641,0.7353760445682451,0.6384522370012092,0.9273571448401865,0.7312297961794093,0.08276488440417197
0.8787510137875101,0.5616161616161616,0.7722222222222223,0.6502923976608187,0.9224464492983011,0.7021913206124819,0.08999398028763728
0.8669910786699108,0.5469613259668509,0.783641160949868,0.6442516268980477,0.9272073762315527,0.7410539081274762,0.09281946159558692
0.8730738037307381,0.5362318840579711,0.7442528735632183,0.6233453670276775,0.9194289776735806,0.6891803330092098,0.09025150906858058
0.8730738037307381,0.5652173913043478,0.726063829787234,0.6356228172293364,0.9210946248600224,0.7216579431280393,0.09051568767176578
0.8901054339010543,0.630648330058939,0.7945544554455446,0.7031763417305587,0.9289836840134063,0.7529074662509877,0.08367485954004704
0.8771289537712895,0.5758196721311475,0.7453580901856764,0.6497109826589595,0.9170900244174043,0.7285111769986224,0.09064459243915345
0.8722627737226277,0.5711462450592886,0.7467700258397932,0.6472564389697648,0.9187966784866008,0.7080440978614116,0.09192213188044089
0.8880778588807786,0.5701357466063348,0.7455621301775148,0.6461538461538462,0.9211749788672866,0.6920627204432549,0.08195377861425912
0.8933495539334956,0.6254752851711026,0.8329113924050633,0.7144408251900108,0.9398712784749005,0.7867693603013846,0.07984904588866913
0.8791565287915653,0.5507246376811594,0.7665706051873199,0.6409638554216868,0.9191247570696308,0.7152149676847971,0.0874923903427997
0.8714517437145174,0.546583850931677,0.7292817679558011,0.6248520710059171,0.9102314980148309,0.6944394424720114,0.09180672266356923
0.8864557988645579,0.6037735849056604,0.7598944591029023,0.6728971962616822,0.9195054698453676,0.712652491919907,0.0857861215949038
0.8738848337388483,0.590818363273453,0.736318407960199,0.655592469545958,0.9184347159551081,0.731425692744983,0.09064730861583555
0.878345498783455,0.6055555555555555,0.7898550724637681,0.6855345911949685,0.9246146095243477,0.7412290123181414,0.08867559422544806
0.8738848337388483,0.55741127348643,0.7295081967213115,0.6319526627218935,0.9126580796252928,0.7019563452654586,0.09152536098544456
0.8811841038118411,0.6004273504273504,0.7260981912144703,0.6573099415204678,0.9214515028468517,0.7265504573910375,0.08694997293326107
0.8710462287104623,0.5756302521008403,0.7025641025641025,0.6327944572748267,0.9138049009436293,0.7000466007342416,0.0920246862213374
0.8645579886455799,0.5686653771760155,0.725925925925926,0.6377440347071583,0.912130632978118,0.7125302131408642,0.09721962927488056
0.8637469586374696,0.5648148148148148,0.7512315270935961,0.6448202959830867,0.9167140944091061,0.7211588404536602,0.09689964735799814
0.8682076236820763,0.5308151093439364,0.75,0.6216530849825378,0.910994994408648,0.6753904063648621,0.09533116138615401
0.8767234387672344,0.58125,0.7303664921465969,0.6473317865429234,0.924542261659515,0.7333206125033556,0.08436884176779619
0.8799675587996756,0.6011904761904762,0.7613065326633166,0.6718403547671841,0.9212333427291195,0.7368509963623973,0.08883374124490721
0.8706407137064072,0.5546558704453441,0.7345844504021448,0.6320645905420992,0.9122992638553893,0.6890503276926878,0.09384544840301169
0.8665855636658556,0.5436893203883495,0.7486631016042781,0.6299212598425197,0.9133687283361112,0.6742262174266168,0.09528977639491178
0.8738848337388483,0.5774647887323944,0.7396907216494846,0.6485875706214689,0.9183778514233552,0.7009219275352286,0.09228503492806299
0.8771289537712895,0.5723270440251572,0.7338709677419355,0.6431095406360424,0.9184549301126619,0.7256192333563395,0.0888529254476857
0.8832116788321168,0.5643776824034334,0.7557471264367817,0.6461916461916462,0.9237325388297353,0.712880534393731,0.08639612363742095
0.8880778588807786,0.5763440860215053,0.7723342939481268,0.6600985221674877,0.9292662924847646,0.7326708059423347,0.08119982022348475
0.875506893755069,0.5685884691848907,0.7606382978723404,0.6507394766780432,0.9296243510129287,0.7447328924301234,0.08538760735455925
0.8795620437956204,0.5988023952095808,0.7575757575757576,0.6688963210702341,0.9208876201629824,0.7473932096012273,0.08713210638506991
0.883617193836172,0.5659574468085107,0.7621776504297995,0.6495726495726496,0.9275600846199344,0.6935750227664844,0.08296959536307284
0.8759124087591241,0.5766283524904214,0.7797927461139896,0.6629955947136564,0.9253886010362694,0.7563072929985001,0.08708719147742466
0.8767234387672344,0.583011583011583,0.7743589743589744,0.6651982378854625,0.9290030136850946,0.7340883027226556,0.08696767239484147
0.8779399837793999,0.5448717948717948,0.7434402332361516,0.6288532675709001,0.9198848101248439,0.7092541710753925,0.08572493943734291
0.8807785888077859,0.5964566929133859,0.7729591836734694,0.6733333333333333,0.9259109381457501,0.742046131510157,0.08771155299175472
0.8751013787510138,0.5703275529865125,0.7769028871391076,0.6577777777777778,0.9271209803810495,0.7473022976241019,0.08708564696039157
0.8909164639091647,0.6028513238289206,0.8,0.6875725900116144,0.9323150918093667,0.7480894084326766,0.08180994819571487
0.8742903487429035,0.5667351129363449,0.736,0.6403712296983759,0.9173167543440139,0.7073978635274296,0.08912652071558858
0.8738848337388483,0.5654008438818565,0.7184986595174263,0.6328217237308147,0.9056397618001535,0.691157752445121,0.09286495481395265
0.8795620437956204,0.5759493670886076,0.7398373983739838,0.6476868327402135,0.9179573865361925,0.7109904010676849,0.08913382548651437
0.8799675587996756,0.6,0.7575757575757576,0.6696428571428571,0.9218891816717905,0.7458532294027614,0.08657453049427824
0.8787510137875101,0.6021505376344086,0.7106598984771574,0.6519208381839348,0.907994923857868,0.6908081328633232,0.09161716147994087
0.8819951338199513,0.5617021276595745,0.7564469914040115,0.6446886446886447,0.9223451036973173,0.7309060063578844,0.08565389933613599
0.883617193836172,0.599601593625498,0.7777777777777778,0.6771653543307087,0.9249278810002324,0.733780298784197,0.08516159690905602
0.8669910786699108,0.5175257731958763,0.7275362318840579,0.6048192771084338,0.9188200807658404,0.6889033179386832,0.09325522374852101
0.8803730738037308,0.5536842105263158,0.7601156069364162,0.6406820950060901,0.9241111353473661,0.6971628631441673,0.08532861854023005
0.8686131386861314,0.5481927710843374,0.7338709677419355,0.6275862068965518,0.9158540530548109,0.6892492959404402,0.09115162940020445
0.8787510137875101,0.5972222222222222,0.7581863979848866,0.6681465038845728,0.9221371499391886,0.7361147870770245,0.08823379604425076
0.8799675587996756,0.5816326530612245,0.7579787234042553,0.6581986143187067,0.921699073602769,0.7313569865989776,0.087536598248907
0.8722627737226277,0.5685483870967742,0.7362924281984334,0.6416382252559727,0.9121196206014373,0.689626767253308,0.09275296578963196
0.8852392538523925,0.6047904191616766,0.7809278350515464,0.6816647919010124,0.929038131430896,0.7552659631303802,0.08461462205626742
0.8844282238442822,0.6206185567010309,0.7487562189054726,0.6786922209695603,0.9261565235836322,0.7433370403539378,0.0845014421280153
0.8799675587996756,0.5926640926640927,0.7831632653061225,0.6747252747252748,0.9254816680770669,0.7378781629072201,0.08762107030716877
0.8746958637469586,0.6062992125984252,0.7386091127098321,0.6659459459459459,0.9180579401778723,0.7289378321576852,0.09264644850165542
0.8759124087591241,0.5941422594142259,0.7171717171717171,0.6498855835240275,0.91546137705558,0.7326190687124494,0.08799993164118475
0.8828061638280617,0.6158301158301158,0.7799511002444988,0.6882416396979504,0.9201700199569007,0.7245034341239748,0.08878576577614983
0.8811841038118411,0.5876288659793815,0.753968253968254,0.660486674391657,0.9223973220620729,0.7324910465116992,0.08578839574160177
0.8686131386861314,0.5431372549019607,0.7527173913043478,0.6309794988610479,0.9216010589795665,0.7117830688990628,0.0922844793391215
0.8710462287104623,0.5287128712871287,0.7694524495677233,0.6267605633802817,0.9281687708165316,0.7330133973193259,0.08950370325698516
0.8779399837793999,0.603112840466926,0.7616707616707616,0.6731813246471227,0.9209869059310536,0.7304651478247914,0.08954941088285061
0.8824006488240065,0.6049382716049383,0.75,0.6697038724373576,0.922878987660638,0.7159608218387536,0.08760387991251507
0.8714517437145174,0.5769230769230769,0.7251908396946565,0.6426155580608793,0.9164270046606742,0.7048126534195083,0.08954557351445062
0.8714517437145174,0.5671077504725898,0.7731958762886598,0.6543075245365322,0.9182786283400971,0.7052697719777941,0.09354506168466402
0.8868613138686131,0.6223506743737958,0.7955665024630542,0.6983783783783784,0.933596776507724,0.7678385085338139,0.08333403735727063
0.8694241686942417,0.549407114624506,0.7473118279569892,0.6332574031890661,0.9196141561655935,0.738114452543164,0.09008908594726676
0.8722627737226277,0.5411764705882353,0.773109243697479,0.6366782006920415,0.9267365552195274,0.7176113030519106,0.08764237414244208
0.8751013787510138,0.5723014256619144,0.741424802110818,0.6459770114942529,0.9165281242216865,0.7199276304052394,0.08741878085356303
0.8759124087591241,0.5826446280991735,0.7305699481865285,0.6482758620689655,0.9191759665205261,0.7205827956314347,0.0900223589434269
0.8718572587185726,0.5564053537284895,0.776,0.6481069042316259,0.9163322174398214,0.7195080699343527,0.09234706578669499
0.878345498783455,0.5790513833992095,0.7710526315789473,0.6613995485327314,0.9253822475652218,0.7379009876570201,0.08779996993593
0.8896999188969992,0.5991902834008097,0.8,0.6851851851851852,0.929368681658758,0.740874006913292,0.08395179052980273
0.8714517437145174,0.5165562913907285,0.7048192771084337,0.5961783439490446,0.9123838371292103,0.6568845903977535,0.09128733998693632
0.8832116788321168,0.5903361344537815,0.7513368983957219,0.6611764705882353,0.9282497111481478,0.7517753341677482,0.08409425791879735
0.8779399837793999,0.5699588477366255,0.7506775067750677,0.6479532163742691,0.9192290444602109,0.713959841287464,0.0904643359308948
0.894566098945661,0.6078028747433265,0.810958904109589,0.6948356807511737,0.9352493594048497,0.7591147468879232,0.07897172859963245
0.8819951338199513,0.6099009900990099,0.7661691542288557,0.679162072767365,0.923014530062864,0.7433939433171634,0.08675980931528061
0.8698296836982968,0.5659655831739961,0.7589743589743589,0.6484118291347207,0.9187577194802629,0.7267533369246767,0.09245118164731647
0.884022708840227,0.5789473684210527,0.7857142857142857,0.6666666666666666,0.9256385859620875,0.7348960078089168,0.0855423706103485
0.8738848337388483,0.5868725868725869,0.7581047381546134,0.661588683351469,0.9255312082988654,0.7429871957258843,0.08904990149332048
0.8746958637469586,0.5596868884540117,0.772972972972973,0.6492622020431328,0.9265602434495566,0.7219674585133726,0.08908305012708749
0.8746958637469586,0.601145038167939,0.7590361445783133,0.670926517571885,0.9228245992257671,0.7377517781706171,0.09023050518732804
0.8860502838605029,0.6081370449678801,0.743455497382199,0.6690223792697291,0.9274376702073138,0.7387963516594257,0.0822361614970644
0.8625304136253041,0.5583173996175909,0.73,0.6327193932827736,0.9073838334946758,0.7015162964845221,0.09644034669924297
0.8706407137064072,0.5772357723577236,0.7189873417721518,0.6403607666290868,0.9120891882475903,0.7089938003918249,0.092298380077272
0.8759124087591241,0.588957055214724,0.732824427480916,0.6530612244897959,0.9169400838847708,0.7188988932838742,0.09069215314583183
0.8852392538523925,0.603515625,0.794344473007712,0.6859045504994451,0.9325381550659506,0.7598222530119859,0.0826630949917647
0.8759124087591241,0.556745182012848,0.724233983286908,0.6295399515738499,0.9046195662951324,0.6592251990535962,0.09193761509968802
0.8791565287915653,0.6059405940594059,0.7555555555555555,0.6725274725274726,0.9271958356545127,0.744404787865105,0.08507069497365902
0.8742903487429035,0.5654008438818565,0.7204301075268817,0.6335697399527187,0.9186256688336363,0.7002026538143987,0.08905069255647947
0.864963503649635,0.5219123505976095,0.7380281690140845,0.6114352392065344,0.9152234105723874,0.7130549476636935,0.09122673274429219
0.8815896188158961,0.5862745098039216,0.7868421052631579,0.6719101123595506,0.9305722359590252,0.7422840561350594,0.08698230183607442
0.8791565287915653,0.5940803382663847,0.7260981912144703,0.6534883720930232,0.9146292505465632,0.7186345801217332,0.08883465737895589
0.8686131386861314,0.5888030888030888,0.7331730769230769,0.6531049250535332,0.91906308630394,0.7282853443061346,0.09106435927072402
0.8872668288726683,0.5867237687366167,0.7632311977715878,0.6634382566585957,0.924632442858597,0.7177779150296999,0.08443739419045537
0.8819951338199513,0.5640495867768595,0.773371104815864,0.6523297491039427,0.9263911922551478,0.7198886231353256,0.08409421273227985
0.8706407137064072,0.5697211155378487,0.7352185089974294,0.6419753086419753,0.9240970700028344,0.7229141870631769,0.09010414785983563
0.875506893755069,0.5676767676767677,0.7513368983957219,0.6467203682393556,0.9227487449003589,0.7119975689484186,0.08830232985574646
0.8763179237631792,0.5517970401691332,0.7372881355932204,0.6311970979443773,0.9232593412942989,0.7324492050362968,0.08321132821119795
0.8815896188158961,0.5651260504201681,0.7598870056497176,0.6481927710843374,0.9268506034925527,0.733780701366984,0.0858419306756022
0.8791565287915653,0.611764705882353,0.7572815533980582,0.6767895878524945,0.9236807649766972,0.7558104068012338,0.086906711203496
0.8811841038118411,0.5944333996023857,0.770618556701031,0.6711560044893379,0.9271677763114811,0.7277247612913172,0.08632409825990632
0.8718572587185726,0.5784313725490197,0.7449494949494949,0.6512141280353201,0.9215158834724052,0.7321231929102687,0.09071961448566966
0.883617193836172,0.6008230452674898,0.7584415584415585,0.6704936854190585,0.9273650904597563,0.7487857037383735,0.08312031539141203
0.8860502838605029,0.5911016949152542,0.7602179836512262,0.66507747318236,0.9329497762655891,0.7599781182338817,0.07983797642942415
0.8742903487429035,0.5396825396825397,0.7771428571428571,0.6370023419203747,0.9213705103969755,0.6925779317441941,0.08842027205701423
0.883617193836172,0.5853658536585366,0.7252747252747253,0.6478527607361964,0.9203858700766407,0.7285653839895152,0.08246728335781507
0.8888888888888888,0.5934782608695652,0.7583333333333333,0.6658536585365854,0.9234132636910415,0.70163323327678,0.08404719722185694
0.8856447688564477,0.5831622176591376,0.7823691460055097,0.668235294117647,0.9259918599822633,0.7261809466388115,0.08374615637003506
0.8779399837793999,0.5862745098039216,0.7686375321336761,0.6651835372636262,0.9268435168877397,0.7434079045323774,0.08724979157521177
0.8832116788321168,0.6083499005964215,0.7707808564231738,0.68,0.9226740427541993,0.7381505447797835,0.08580947382578398
0.8815896188158961,0.604040404040404,0.7569620253164557,0.6719101123595506,0.9179054941965294,0.730713503672406,0.08758192132537278
0.8718572587185726,0.563265306122449,0.7301587301587301,0.6359447004608295,0.9179007277666282,0.7019253235721389,0.0897901849872671
0.8775344687753447,0.572938689217759,0.7304582210242587,0.6421800947867299,0.9208988156887468,0.7177133103525702,0.08796416272833786
0.8852392538523925,0.5899581589958159,0.7642276422764228,0.6658795749704841,0.9314390282672498,0.7410556347550533,0.08404334462848
0.8763179237631792,0.5728744939271255,0.7506631299734748,0.6498277841561424,0.9230908903908689,0.7357344368134637,0.0877212899112614
0.8860502838605029,0.6170212765957447,0.7935323383084577,0.6942328618063112,0.9313570230244128,0.761368274014589,0.08325544806428897
0.8759124087591241,0.5705521472392638,0.744,0.6458333333333334,0.9172886975928582,0.6943823802019206,0.09011358521191529
0.8852392538523925,0.5849056603773585,0.7664835164835165,0.6634958382877527,0.9335784339352369,0.7446436154925645,0.08094457767607692
0.8791565287915653,0.6056338028169014,0.7468982630272953,0.6688888888888889,0.9229867125978333,0.7403873863058196,0.08555187207714271
0.878345498783455,0.5876288659793815,0.7402597402597403,0.6551724137931034,0.9204852811772561,0.7376277321436444,0.08798653856714937
0.8799675587996756,0.6171079429735234,0.7372262773722628,0.6718403547671841,0.9217705317870485,0.7359104461318771,0.08683181067716526
0.884022708840227,0.59958071278826,0.7506561679790026,0.6666666666666666,0.9193136829119382,0.7332297107432088,0.08519443668521506
0.8799675587996756,0.5897959183673469,0.7526041666666666,0.6613272311212814,0.9265942703330131,0.7372652865273316,0.0852540103495151
0.8888888888888888,0.6314699792960663,0.7605985037406484,0.6900452488687783,0.9270033149571593,0.7542871179163374,0.08356852457371312
0.8730738037307381,0.5935114503816794,0.7566909975669099,0.66524064171123,0.9242628210820443,0.7323171248844195,0.09195789437606866
0.8746958637469586,0.5661914460285132,0.7433155080213903,0.6427745664739885,0.9142148342041492,0.7013606206798123,0.09127014131664435
0.8901054339010543,0.6206896551724138,0.7519582245430809,0.680047225501771,0.9323505337877558,0.7555259810386873,0.08023361325256329
0.8803730738037308,0.5835051546391753,0.7526595744680851,0.6573751451800233,0.9301600834775527,0.7465903668051583,0.08342969345329186
0.8738848337388483,0.570264765784114,0.7368421052631579,0.642939150401837,0.9120098904980571,0.7032757929996698,0.09107692096238953
0.8799675587996756,0.5878661087866108,0.7394736842105263,0.655011655011655,0.9218461422011404,0.7238302566575424,0.08819343283828283
0.8751013787510138,0.5722543352601156,0.7754569190600522,0.6585365853658537,0.9182427935205926,0.7158815131555031,0.0908736025111027
0.8860502838605029,0.5940803382663847,0.7594594594594595,0.6666666666666666,0.9181955333195791,0.7393120878373431,0.08504872832219731
0.8665855636658556,0.5642570281124498,0.7150127226463104,0.6307519640852974,0.9110102137134539,0.6942366351769773,0.0947513326375751
0.8722627737226277,0.6064030131826742,0.7523364485981309,0.6715328467153284,0.9248828336375226,0.7561189848103251,0.08943057108509646
0.8645579886455799,0.5499021526418787,0.7298701298701299,0.6272321428571429,0.9199760354974195,0.7093436547205745,0.09212228811016336
0.8734793187347932,0.5478615071283096,0.7493036211699164,0.6329411764705882,0.9265136902723777,0.7186393426900102,0.08641114214805677
0.8759124087591241,0.5918762088974855,0.7630922693266833,0.6666666666666666,0.9170210068050213,0.7324474441153948,0.08850632705684758
0.8807785888077859,0.5946502057613169,0.7487046632124352,0.6628440366972477,0.9200378636907134,0.7307186824394165,0.08753677371791849
0.8828061638280617,0.5929752066115702,0.7572559366754618,0.6651216685979142,0.9167139712733556,0.7349132034932061,0.08607291495374184
0.8872668288726683,0.6228571428571429,0.8034398034398035,0.7017167381974249,0.9263770371104028,0.7449158362353727,0.0857096262972246
0.8759124087591241,0.5840336134453782,0.7202072538860104,0.6450116009280742,0.9161057692307693,0.7126946156989993,0.0888835558125559
0.875506893755069,0.5493827160493827,0.752112676056338,0.6349583828775267,0.9214723680786756,0.7237080761716659,0.08878811085055067
0.8787510137875101,0.5869120654396728,0.7473958333333334,0.6575028636884307,0.9266993375760487,0.7146463294541846,0.0859530758983445
0.884022708840227,0.5898989898989899,0.7786666666666666,0.671264367816092,0.9278737446197991,0.7307927559328808,0.08603804590414638
0.8763179237631792,0.6070726915520629,0.7463768115942029,0.6695557963163596,0.9275056266538596,0.7327714609852362,0.08745039051974303
0.8787510137875101,0.5819672131147541,0.7493403693931399,0.6551326412918108,0.9227230259439956,0.7274959004799147,0.08700126025004107
0.8763179237631792,0.561122244488978,0.7650273224043715,0.6473988439306358,0.9205217278168097,0.7035120425380906,0.09069520440484531
0.8787510137875101,0.5648535564853556,0.7479224376731302,0.6436233611442194,0.9288490008619499,0.7134764083318713,0.08478637294599242
0.8690186536901865,0.5607843137254902,0.7428571428571429,0.6391061452513966,0.9125645138139131,0.7029828644640967,0.09386612358581911
0.8775344687753447,0.5737704918032787,0.7486631016042781,0.6496519721577726,0.9266482449054714,0.7235805038224317,0.08479349301074582
0.8714517437145174,0.5651302605210421,0.7382198952879581,0.6401816118047673,0.9170883118449218,0.7187627856301686,0.09035213480297559
0.894566098945661,0.6099585062240664,0.8032786885245902,0.6933962264150944,0.9271649752797293,0.7459881306419806,0.0817961648830556
0.8807785888077859,0.561822125813449,0.7378917378917379,0.6379310344827587,0.9155267287654993,0.6958431489393676,0.08785981689587036
0.8811841038118411,0.5673469387755102,0.7743732590529248,0.6548881036513545,0.9245002399482822,0.7036109630247679,0.08720016369238659
0.8665855636658556,0.5695732838589982,0.7599009900990099,0.6511134676564156,0.9114996974964228,0.6994968112156413,0.09719493346342181
0.8694241686942417,0.5326530612244897,0.7372881355932204,0.6184834123222749,0.913935434857045,0.7007411460793872,0.09257663704799259
0.8901054339010543,0.6063829787234043,0.7681940700808625,0.6777645659928656,0.9306679361076623,0.7384167312741897,0.08166980960378088
0.8775344687753447,0.6095617529880478,0.7427184466019418,0.6695842450765864,0.9191336345846608,0.7378534054363425,0.0891138185441808
0.8767234387672344,0.5964566929133859,0.753731343283582,0.6659340659340659,0.9241269428053531,0.7406093730962481,0.08689189591392911
0.8742903487429035,0.5838264299802761,0.7493670886075949,0.656319290465632,0.9171219187208528,0.7334610359082607,0.09059396621969923
0.8852392538523925,0.6141414141414141,0.7676767676767676,0.6823793490460157,0.9312155370126384,0.7510661116304274,0.08258350343829349
0.8771289537712895,0.5281124497991968,0.7945619335347432,0.6344993968636912,0.9200633945817444,0.6958134267945206,0.08940643889452025
0.8775344687753447,0.580952380952381,0.7881136950904393,0.668859649122807,0.9268307537041387,0.7565157084102997,0.0884153179079093
0.8856447688564477,0.5919661733615222,0.7588075880758808,0.665083135391924,0.9250238758944576,0.721173342183626,0.08458443062312275
0.8742903487429035,0.591715976331361,0.7444168734491315,0.6593406593406593,0.9234654295402032,0.7393876383923421,0.09084681717921962
0.8661800486618005,0.5570342205323194,0.7512820512820513,0.6397379912663755,0.918667555950793,0.7106158389981471,0.09425969197490792
0.8828061638280617,0.614314115308151,0.7648514851485149,0.681367144432194,0.926402800318829,0.740154223660627,0.08655073987276404
0.8661800486618005,0.5401174168297456,0.7439353099730458,0.6258503401360545,0.909386358226814,0.6964060031161341,0.0962786394128523
0.8795620437956204,0.5595744680851064,0.7450424929178471,0.6391251518833536,0.9210003096975555,0.7027535909397222,0.08638735134939661
0.8852392538523925,0.6143410852713178,0.7905236907730673,0.6913849509269356,0.9394238375006793,0.7734801738004737,0.08179642696255025
0.8864557988645579,0.5991902834008097,0.783068783068783,0.6788990825688074,0.9289743355835309,0.7328606395852543,0.08521418412874472
0.8811841038118411,0.5665236051502146,0.7436619718309859,0.6431181485992692,0.9152581047631121,0.6987126855713615,0.08806415255423554
0.8734793187347932,0.5890688259109311,0.7275,0.6510067114093959,0.9236846563407551,0.7383784404254891,0.08716907076268465
0.8718572587185726,0.5570866141732284,0.7566844919786097,0.6417233560090703,0.9201835870798867,0.6948417299197562,0.09163746195138163
0.870235198702352,0.5638095238095238,0.7648578811369509,0.6491228070175439,0.9227677289692793,0.7187788322247493,0.09185576276529586
0.8795620437956204,0.6011029411764706,0.8034398034398035,0.6876971608832808,0.9292516941861284,0.7454880645164836,0.08870111913856407
0.8852392538523925,0.6120331950207469,0.7544757033248082,0.6758304696449027,0.9260752472806828,0.7344035431785589,0.0832686899183713
0.8811841038118411,0.5843373493975904,0.7718832891246684,0.6651428571428571,0.9283387911670706,0.7323236645123093,0.08462908725400747
0.8811841038118411,0.5864077669902913,0.7905759162303665,0.673355629877369,0.9226291565756549,0.7321675572505584,0.08825672958616419
0.8722627737226277,0.5636363636363636,0.7380952380952381,0.6391752577319587,0.9206982707940563,0.7020084302171685,0.09049761967573235
0.8694241686942417,0.5491803278688525,0.7243243243243244,0.6247086247086248,0.9099726635031979,0.6819746042728201,0.09659692329542967
0.8803730738037308,0.6109936575052854,0.7225,0.6620847651775487,0.9134898354307841,0.7125257485131338,0.08979037407841788
0.8803730738037308,0.6076923076923076,0.7764127764127764,0.6817691477885652,0.9287910808066224,0.750961287702713,0.08488752359047295
0.8779399837793999,0.5493562231759657,0.7377521613832853,0.6297662976629766,0.9231408431740817,0.7068334031417854,0.08695318976984522
0.8751013787510138,0.5831663326653307,0.7442455242966752,0.6539325842696629,0.9163923212029703,0.7093889975727683,0.0898969472615291
0.8710462287104623,0.5653021442495126,0.7532467532467533,0.6458797327394209,0.9174310552494118,0.7065748099257632,0.09256619873594114
0.8787510137875101,0.5650485436893203,0.7950819672131147,0.6606129398410897,0.9282812906583399,0.7184016047127164,0.08737964504780692
0.8771289537712895,0.5647969052224371,0.7891891891891892,0.6583990980834273,0.9286298225706622,0.7342507355837236,0.08554927363261922
0.8775344687753447,0.5844402277039848,0.7877237851662404,0.6710239651416122,0.9194490493945089,0.7140749107795881,0.09106470942431023
0.8844282238442822,0.6068548387096774,0.7698209718670077,0.6786922209695603,0.927061288632792,0.7494609659077989,0.08344034874841247
0.8714517437145174,0.5817843866171004,0.7728395061728395,0.6638388123011665,0.9193343756177332,0.7395938687530296,0.09073312374555342
0.8828061638280617,0.5893909626719057,0.7894736842105263,0.6749156355455568,0.9229083615077963,0.7462787500860604,0.08741051112297146
0.8828061638280617,0.5845213849287169,0.771505376344086,0.6651216685979142,0.929439976995204,0.7314152908800203,0.08419748085746669
0.883617193836172,0.5824847250509165,0.7771739130434783,0.6658905704307334,0.9241371181663697,0.7381291103571858,0.08522104046443542
0.8868613138686131,0.5862068965517241,0.7939560439560439,0.6744457409568262,0.9280525611400967,0.7170742627175734,0.08384955370665553
0.8848337388483374,0.5878787878787879,0.784366576819407,0.6720554272517321,0.9298329355608592,0.7631058005203042,0.08252101867210376
0.8824006488240065,0.5978494623655914,0.7296587926509186,0.6572104018912529,0.9256418487257438,0.7372083757021907,0.0830378500832714
0.8791565287915653,0.5749486652977412,0.7547169811320755,0.6526806526806527,0.9197331600717921,0.7210685293717735,0.08666869387432502
0.884022708840227,0.5983263598326359,0.7526315789473684,0.6666666666666666,0.9156519654841802,0.7214080324057897,0.0877770925990412
0.8706407137064072,0.5537848605577689,0.7453083109919572,0.6354285714285715,0.9131164906896344,0.6984234475558898,0.09149175950822196
0.878345498783455,0.5888030888030888,0.7780612244897959,0.6703296703296703,0.9300240588038493,0.7519195952945263,0.0865920772500927
0.8637469586374696,0.5831739961759083,0.7210401891252955,0.6448202959830867,0.9143404972754803,0.7319139363941416,0.0931436835884321
0.8759124087591241,0.5598290598290598,0.7237569060773481,0.6313253012048192,0.9132998445476126,0.6961021424164697,0.08989568440139538
0.8637469586374696,0.5581854043392505,0.7164556962025317,0.6274944567627494,0.908479362382265,0.7131293373140405,0.09619488194690987
0.8795620437956204,0.5883575883575883,0.7408376963350786,0.6558516801853997,0.9253361437429029,0.714323176213893,0.08751607350996958
0.8852392538523925,0.5620767494356659,0.7366863905325444,0.6376440460947503,0.9285324998887752,0.7246723285444739,0.08059295942445743
0.8824006488240065,0.5792682926829268,0.7744565217391305,0.6627906976744186,0.9375621710117296,0.7660394243439993,0.08021765919790141
0.8815896188158961,0.5708502024291497,0.7790055248618785,0.6588785046728972,0.9252948868768776,0.7154970888682516,0.08587260944994468
0.8787510137875101,0.5862785862785863,0.7382198952879581,0.6535341830822712,0.921194641798394,0.7155334788368223,0.08764701490793977
0.884022708840227,0.5845511482254697,0.7629427792915532,0.6619385342789598,0.9207394724099838,0.7350931084257202,0.08352899955160613
0.8872668288726683,0.6029723991507431,0.7573333333333333,0.6713947990543735,0.9294729794356767,0.7365001289290982,0.08139959032355555
0.8767234387672344,0.5741444866920152,0.7905759162303665,0.6651982378854625,0.9320175658972376,0.7517819913492587,0.08567474795212392
0.8673965936739659,0.5750487329434698,0.7301980198019802,0.64340239912759,0.9133555329344767,0.6917567414603062,0.09532635146228431
0.8811841038118411,0.5833333333333334,0.7653333333333333,0.6620530565167243,0.9241294436473777,0.7415932025231585,0.08464609324512415
0.8819951338199513,0.5691382765531062,0.7888888888888889,0.6612339930151339,0.9308457317716577,0.7266902131704109,0.08636937816060265
0.8734793187347932,0.5428571428571428,0.751412429378531,0.6303317535545023,0.9191183551617873,0.6859249891275425,0.09052872584171026
0.8815896188158961,0.5950095969289827,0.7928388746803069,0.6798245614035088,0.9287757680337718,0.7626528759439017,0.0848469763377764
0.8775344687753447,0.5777777777777777,0.7546174142480211,0.6544622425629291,0.9185686489930756,0.7317249668752389,0.08796168293392162
0.8771289537712895,0.5870445344129555,0.7455012853470437,0.6568516421291053,0.9248211220207115,0.7240684381545869,0.0871665494006096
0.883617193836172,0.5849462365591398,0.7431693989071039,0.6546329723225031,0.9281303669008587,0.7307954439735082,0.08328025110692856
0.8698296836982968,0.562,0.7336814621409922,0.636466591166478,0.920218253197274,0.720362645423205,0.09028335789801727
0.8832116788321168,0.6103092783505155,0.7493670886075949,0.6727272727272727,0.9294244204169697,0.7439183227954091,0.08454878463212677
0.875506893755069,0.5594262295081968,0.7479452054794521,0.6400937866354045,0.9191852542494442,0.7206666375096761,0.08858349407494462
0.8746958637469586,0.5772994129158513,0.7603092783505154,0.6562847608453838,0.9240286060149033,0.7321667011129339,0.09041334448430463
0.8852392538523925,0.5923566878980892,0.754054054054054,0.6634958382877527,0.922725397152878,0.7184752273295354,0.08498222061175721
0.8751013787510138,0.581573896353167,0.7709923664122137,0.6630196936542669,0.9197767491644051,0.7403201609267607,0.09005968033331488
0.8710462287104623,0.5714285714285714,0.7633587786259542,0.6535947712418301,0.9217996069665847,0.7189149981203903,0.09091502749890187
0.8909164639091647,0.6062639821029083,0.7445054945054945,0.6683107274969173,0.9222953545027761,0.7167987022525637,0.08369117315336204
0.8678021086780211,0.5632411067193676,0.7307692307692307,0.6361607142857143,0.9083679166049109,0.7208181221265904,0.09607419791179031
0.8844282238442822,0.5868263473053892,0.7903225806451613,0.6735395189003437,0.931850859085354,0.7447792874794634,0.08233685839790571
0.8799675587996756,0.5917602996254682,0.8020304568527918,0.6810344827586207,0.9316423475687434,0.7550758086986165,0.08686907182480726
0.8872668288726683,0.6020833333333333,0.7686170212765957,0.6752336448598131,0.9287374020156776,0.7375313717729288,0.08141923952074588
0.8824006488240065,0.5843373493975904,0.7780748663101604,0.6674311926605505,0.9253266837762395,0.7398866113643667,0.08618272044010455
0.8730738037307381,0.5714285714285714,0.7395833333333334,0.64472190692395,0.9184928354146654,0.7280852010690441,0.08987614878676288
0.8722627737226277,0.5611650485436893,0.7645502645502645,0.6472564389697648,0.9168972612459202,0.7100218707849429,0.09237064932550373
0.8791565287915653,0.5866141732283464,0.772020725388601,0.6666666666666666,0.9300455858907931,0.7523261043212325,0.08690620592604655
0.8665855636658556,0.5491329479768786,0.75,0.6340378197997776,0.9198882272796084,0.7191511879280649,0.0932108745195775
0.8852392538523925,0.6159695817490495,0.8,0.6960257787325457,0.926431493761269,0.7332910268916144,0.08494152137445202
0.8828061638280617,0.5910064239828694,0.7379679144385026,0.6563614744351962,0.9199803682988926,0.722421143698491,0.08737820537552278
0.8880778588807786,0.5882352941176471,0.7777777777777778,0.6698564593301436,0.9295386198163975,0.7312562919960148,0.08218216933265579
0.8856447688564477,0.609942638623327,0.8035264483627204,0.6934782608695652,0.9395173808396224,0.7887652720395639,0.08186969213037923
0.8791565287915653,0.5850202429149798,0.756544502617801,0.6598173515981736,0.925167820642944,0.7295228464080448,0.08621678718323711
0.878345498783455,0.5676767676767677,0.7656675749318801,0.6519721577726219,0.9256685095926047,0.7385892575792825,0.0859232003941233
0.8856447688564477,0.6007984031936128,0.7859007832898173,0.6809954751131222,0.9306307808204926,0.7690200353986705,0.08263348125333961
0.8730738037307381,0.5756972111553785,0.7429305912596401,0.6487093153759821,0.9180373115762923,0.7266148613303465,0.09102000869081177
0.8759124087591241,0.5537848605577689,0.7722222222222223,0.6450116009280742,0.9246702542998839,0.7156022902607035,0.08805328814246495
0.8734793187347932,0.5722772277227722,0.7506493506493507,0.6494382022471911,0.9144666962062445,0.7069159175925348,0.0927440074502699
0.8726682887266829,0.5717092337917485,0.751937984496124,0.6495535714285714,0.9225589225589226,0.7215293296730896,0.08835686336360486
0.8901054339010543,0.610204081632653,0.7889182058047494,0.6881472957422324,0.9284084286062861,0.7518843195455526,0.08491550417158296
0.8819951338199513,0.5928270042194093,0.741424802110818,0.6588511137162955,0.9283565937143241,0.7323151001014137,0.08352211262150551
0.8888888888888888,0.5630434782608695,0.7801204819277109,0.6540404040404041,0.927717900656045,0.730932727048851,0.07936504458282898
0.8824006488240065,0.5845213849287169,0.7694369973190348,0.6643518518518519,0.9231281598690387,0.7339016522447304,0.08540852029367635
0.8771289537712895,0.5658914728682171,0.7870619946091644,0.6583990980834273,0.929422511563278,0.7372490798162603,0.08778054133901447
0.8722627737226277,0.5848303393213573,0.7325,0.6503884572697003,0.9100653436592449,0.7094999977699312,0.0932418094715905
0.878345498783455,0.6011904761904762,0.753731343283582,0.6688741721854304,0.9195145879131474,0.719774858843774,0.09133424104492592
0.8787510137875101,0.6098039215686275,0.7566909975669099,0.6753528773072747,0.9201070322813623,0.7397208864569815,0.08878851512322229
0.8791565287915653,0.6007984031936128,0.7543859649122807,0.6688888888888889,0.9179055524636458,0.7284023969833506,0.08933780607957939
0.8819951338199513,0.5966735966735967,0.7473958333333334,0.6635838150289017,0.9242052413544668,0.7334712942514331,0.08464023798532917
0.8872668288726683,0.610655737704918,0.772020725388601,0.6819221967963387,0.9299534176962934,0.7522433543063537,0.08182142423295306
0.8775344687753447,0.5918762088974855,0.7707808564231738,0.6695842450765864,0.9224366411693307,0.7535803322115457,0.08897704408934111
0.8746958637469586,0.5664621676891616,0.7406417112299465,0.641946697566628,0.9190959192646293,0.7236274696947945,0.0892721245781085
0.8738848337388483,0.5652173913043478,0.7586206896551724,0.6477916194790487,0.9195317648463024,0.7237756498785866,0.090114854748509
0.878345498783455,0.6146616541353384,0.7748815165876777,0.6855345911949685,0.9265727455690449,0.7549476358489343,0.08831288090920654
0.8751013787510138,0.585635359116022,0.7930174563591023,0.673728813559322,0.9252776050189296,0.7247920476448867,0.09037585409284703
0.8767234387672344,0.5516528925619835,0.7542372881355932,0.6372315035799523,0.9219592642526964,0.7019653878610057,0.0881485638426618
0.8710462287104623,0.5872093023255814,0.7426470588235294,0.6558441558441559,0.9201644943691762,0.727827027607827,0.09141483466282231
0.8828061638280617,0.591182364729459,0.7763157894736842,0.6712172923777019,0.9270903769490841,0.7300153204012358,0.0853339797061254
0.8661800486618005,0.5511811023622047,0.7329842931937173,0.6292134831460674,0.9160645556772617,0.717371231168828,0.09171076672208507
0.8678021086780211,0.5568862275449101,0.7284595300261096,0.6312217194570136,0.9176010198185234,0.7113898989487977,0.09150679212575952
0.8844282238442822,0.6055226824457594,0.7831632653061225,0.6829810901001112,0.9272061283529806,0.7490699642046796,0.08650164677505272
0.8706407137064072,0.5599173553719008,0.7188328912466844,0.629500580720093,0.9141226050818168,0.7096645563090691,0.09079808783466925
0.8844282238442822,0.6120331950207469,0.7506361323155216,0.6742857142857143,0.9250842959706097,0.7280968460644011,0.08500778502359166
0.8799675587996756,0.5819672131147541,0.7553191489361702,0.6574074074074074,0.92425557365367,0.7239695356770122,0.08540308311468782
0.8949716139497161,0.6303030303030303,0.8041237113402062,0.7066817667044167,0.9343564886935296,0.7595638550496169,0.0783779580473974
0.8844282238442822,0.604602510460251,0.7506493506493507,0.6697566628041715,0.9201083395220828,0.7108074844627997,0.08733497787804997
0.8828061638280617,0.5931477516059958,0.7367021276595744,0.6571767497034401,0.919633767688079,0.7166309621170864,0.08671711445634399
0.8734793187347932,0.5528942115768463,0.7589041095890411,0.6397228637413395,0.9199181081415895,0.6983303709796265,0.09149875028500959
0.8807785888077859,0.5582959641255605,0.7196531791907514,0.6287878787878788,0.9168557094557749,0.7075933460521276,0.08610486089236036
0.8726682887266829,0.5736434108527132,0.7589743589743589,0.6534216335540839,0.9193135220591868,0.7339141655177748,0.0918793402643076
0.883617193836172,0.5957894736842105,0.7486772486772487,0.6635404454865181,0.9254660037706015,0.7545304994690233,0.08364129366398229
0.8751013787510138,0.5834970530451866,0.7557251908396947,0.6585365853658537,0.9207930879145294,0.743472960851651,0.08827335783337638
0.8811841038118411,0.604989604989605,0.7385786802030457,0.6651428571428571,0.9273109676028458,0.7474636459346529,0.08555350858640873
0.8779399837793999,0.6059405940594059,0.75,0.6703176341730559,0.9265765830141581,0.7588634922433416,0.08558878766830333
0.8726682887266829,0.5805168986083499,0.739240506329114,0.6503340757238307,0.9094022944948016,0.687288888243747,0.09390760517885527
0.8718572587185726,0.57,0.7383419689119171,0.6433408577878104,0.9164271123953767,0.7244302453853008,0.09000044040334593
0.8694241686942417,0.5925233644859813,0.7529691211401425,0.6631799163179917,0.9201342710626115,0.7338986101756225,0.09221066973474597
0.8844282238442822,0.5876288659793815,0.7702702702702703,0.6666666666666666,0.9212915205281618,0.7237502890344726,0.08505755473993797
0.8706407137064072,0.5323590814196242,0.7285714285714285,0.6151990349819059,0.9032379152038887,0.6631608666672519,0.09430761905829778
0.883617193836172,0.6171079429735234,0.753731343283582,0.6786114221724524,0.9285802094180262,0.761332662602523,0.08267766503088658
0.8669910786699108,0.5324165029469549,0.7506925207756233,0.6229885057471264,0.9212006764003395,0.7003555527384397,0.09246216486922607
0.8682076236820763,0.5705996131528046,0.7412060301507538,0.644808743169399,0.9185992826803262,0.7220978754432987,0.09483649370922444
0.8718572587185726,0.5510204081632653,0.7377049180327869,0.6308411214953271,0.9198907103825137,0.6984219913486402,0.09065319705361165
0.864963503649635,0.55765595463138,0.748730964467005,0.6392199349945829,0.9122087097975423,0.7044064093571665,0.09526891613490115
0.8803730738037308,0.5851703406813628,0.7684210526315789,0.664391353811149,0.9298973103900691,0.7415630729839479,0.08404050838989986
0.8734793187347932,0.5547169811320755,0.7945945945945946,0.6533333333333333,0.9276034144831855,0.7321200967804297,0.08916206231204679
0.8815896188158961,0.6032719836400818,0.7506361323155216,0.6689342403628118,0.9231314035171703,0.7261037833183356,0.08624514897337517
0.8730738037307381,0.5796545105566219,0.7626262626262627,0.658669574700109,0.9236068413604646,0.7360058025234314,0.08938221771838653
0.8832116788321168,0.5855670103092784,0.7654986522911051,0.6635514018691588,0.9282246910562306,0.7314933500800052,0.08375298121347767
0.878345498783455,0.5676190476190476,0.8032345013477089,0.6651785714285714,0.9298586674729332,0.7390210348329996,0.08838058989605385
0.8738848337388483,0.5804597701149425,0.7670886075949367,0.6608505997818975,0.925225384911588,0.7430235764582083,0.08827046961027635
0.8734793187347932,0.5708661417322834,0.7552083333333334,0.6502242152466368,0.9286493355747678,0.7347833663121686,0.08794011953166367
0.8698296836982968,0.5856573705179283,0.7223587223587223,0.6468646864686468,0.9153616948663087,0.7257176416592243,0.09234580548764572
0.8864557988645579,0.5803571428571429,0.7386363636363636,0.65,0.9252332931968693,0.7437946392200574,0.08038657143248316
0.8763179237631792,0.5911949685534591,0.7193877551020408,0.6490218642117376,0.9159282565485211,0.7202391531966127,0.08791969304728738
0.8795620437956204,0.5655021834061136,0.7254901960784313,0.6355828220858896,0.9149928344974784,0.7031067556073889,0.0865835587121337
0.8868613138686131,0.6327800829875518,0.7493857493857494,0.6861642294713161,0.9330237120426532,0.7494005651309549,0.08054430822733584
0.8722627737226277,0.5842911877394636,0.7568238213399504,0.6594594594594595,0.9136433125769045,0.7237689596555786,0.09539785873350323
0.870235198702352,0.5697445972495089,0.7416879795396419,0.6444444444444445,0.92072227529042,0.7163762067451644,0.09123277208955476
0.8787510137875101,0.5972222222222222,0.7581863979848866,0.6681465038845728,0.9252988520720289,0.7490423560064818,0.0873097293080309
0.8803730738037308,0.5827814569536424,0.7135135135135136,0.6415552855407047,0.9135960387868786,0.6952836615702529,0.08819428518010672
0.8832116788321168,0.6196911196911197,0.779126213592233,0.6903225806451613,0.9275909662415746,0.761743392529553,0.08620897185861036
0.8767234387672344,0.5509761388286334,0.7236467236467237,0.625615763546798,0.9130239168064226,0.6772818993757586,0.08991334795414485
0.8751013787510138,0.5816733067729084,0.7487179487179487,0.6547085201793722,0.9231893187095499,0.7216912910772493,0.08941866587055855
0.8722627737226277,0.5643153526970954,0.7214854111405835,0.6332945285215367,0.9179153656960231,0.7143836187936781,0.08918219586999233
0.884022708840227,0.6096153846153847,0.7925,0.6891304347826087,0.9280215392061955,0.7595660297434231,0.08524592183212579
0.884022708840227,0.5720338983050848,0.7627118644067796,0.6537530266343826,0.9290588619243281,0.7076162883940935,0.0825749195170135
0.884022708840227,0.6044624746450304,0.7660668380462725,0.6757369614512472,0.9274747417238378,0.7476572297809192,0.08293321878983799
0.8807785888077859,0.5916334661354582,0.7694300518134715,0.668918918918919,0.9180375647668393,0.7268703858553399,0.08771636567513982
0.889294403892944,0.6117886178861789,0.7859007832898173,0.688,0.9285149331464837,0.7517463239840136,0.0834558062918816
0.870235198702352,0.5636007827788649,0.7480519480519481,0.6428571428571429,0.9186280322272634,0.7071780338680227,0.09286567248471883
0.8884833738848338,0.6193415637860082,0.7698209718670077,0.6864310148232611,0.9277441222691276,0.7473155607477759,0.08343996967984318
0.884022708840227,0.575107296137339,0.7528089887640449,0.6520681265206812,0.9235382608232601,0.71740930219076,0.08395639856016499
0.8884833738848338,0.6318082788671024,0.7323232323232324,0.6783625730994152,0.9214670863221588,0.7399226238491327,0.08354090232374123
0.8795620437956204,0.5636743215031316,0.7541899441340782,0.6451612903225806,0.9167563312944569,0.720908663366752,0.08868619843267679
0.8779399837793999,0.5464135021097046,0.7507246376811594,0.6324786324786325,0.9133304634811307,0.6899299170187982,0.08864356891592552
0.8742903487429035,0.5708661417322834,0.7591623036649214,0.651685393258427,0.9243010822924098,0.7289917714124587,0.08903510288849163
0.8856447688564477,0.5907172995780591,0.7608695652173914,0.665083135391924,0.9271550026940771,0.7443092305922169,0.08318515101940903
0.8767234387672344,0.5953307392996109,0.7611940298507462,0.6681222707423581,0.9238846947433376,0.7352352650406752,0.08865563984319445
0.8819951338199513,0.5875,0.752,0.6596491228070176,0.9226386099155109,0.7169066854991994,0.08643920851181823
0.8751013787510138,0.5683168316831683,0.7612732095490716,0.6507936507936508,0.9214846492870956,0.7051380165334348,0.0884797119125365
0.8791565287915653,0.5705394190871369,0.7513661202185792,0.6485849056603774,0.9256999739786625,0.7387380140376348,0.08746770036157638
0.8953771289537713,0.6336842105263157,0.7818181818181819,0.7,0.9392424970512429,0.7695927201009599,0.07484131295901168
0.8864557988645579,0.6199186991869918,0.7663316582914573,0.6853932584269663,0.9278755965514225,0.7659748095753766,0.08260584549841905
0.8751013787510138,0.5688259109311741,0.7473404255319149,0.6459770114942529,0.9229130611829379,0.7015369327717356,0.09038778504897325
0.8767234387672344,0.576,0.7578947368421053,0.6545454545454545,0.918022405005803,0.6954938998378866,0.09047497582278546
0.884022708840227,0.5863453815261044,0.7849462365591398,0.671264367816092,0.9298186831808238,0.7241184730033696,0.08473546015366448
0.8824006488240065,0.6031746031746031,0.7715736040609137,0.6770601336302895,0.9318726358700977,0.7479462572832527,0.0851202698052455
0.8734793187347932,0.5578512396694215,0.7336956521739131,0.6338028169014085,0.9151844924773075,0.7113719239345965,0.090772819771207
0.8657745336577454,0.5977443609022557,0.7310344827586207,0.6577042399172699,0.9170183987277656,0.7451032738057385,0.09346620255511505
0.8811841038118411,0.5843373493975904,0.7718832891246684,0.6651428571428571,0.9263071818658554,0.7333065641665305,0.08733734396303017
0.8799675587996756,0.5934959349593496,0.7525773195876289,0.6636363636363637,0.9202109978865483,0.7094695929432671,0.08908644559413778
0.8791565287915653,0.6011673151750972,0.7686567164179104,0.6746724890829694,0.9259444058775889,0.7511326582184695,0.08598016613615073
0.8803730738037308,0.5767634854771784,0.7533875338753387,0.6533490011750881,0.9179845255772539,0.7226019702199351,0.08890597722996536
0.8832116788321168,0.596,0.7760416666666666,0.6742081447963801,0.930229096621838,0.7322220774893288,0.08401063854125976
0.8860502838605029,0.6066252587991718,0.7630208333333334,0.6758938869665513,0.9246842979506884,0.7430315653741547,0.08508799490672529
0.875506893755069,0.6027944111776448,0.7365853658536585,0.6630076838638859,0.9233119009205656,0.7478647589445652,0.08811373585944994
0.8738848337388483,0.5818181818181818,0.7346938775510204,0.649379932356257,0.9166182866589259,0.7024955403928664,0.09224480264201398
0.8710462287104623,0.5588235294117647,0.753968253968254,0.6418918918918919,0.9166261225648198,0.7189073122636206,0.09227119641560827
0.8832116788321168,0.5717299578059072,0.7612359550561798,0.653012048192771,0.923407795942276,0.713537695285179,0.0864933259071275
0.8860502838605029,0.6024340770791075,0.7774869109947644,0.6788571428571428,0.925803428766669,0.7164570364894526,0.08619234490580517
0.8771289537712895,0.6053639846743295,0.7651331719128329,0.6759358288770053,0.9194682322804046,0.7386717718041759,0.09016337863387036
0.8759124087591241,0.5845213849287169,0.7377892030848329,0.6522727272727272,0.9147524670370677,0.7040186193878627,0.08992424827345265
0.8722627737226277,0.5534979423868313,0.7329700272479565,0.6307151230949589,0.9148394265856454,0.6826585744716394,0.0917937339227789
0.8819951338199513,0.5735607675906184,0.7472222222222222,0.6489746682750301,0.9197412155745488,0.6957167110854221,0.08643770709739458
0.8807785888077859,0.5613305613305614,0.7648725212464589,0.6474820143884892,0.9205417964335175,0.7106957481604499,0.08602083402967724
0.8852392538523925,0.592436974789916,0.7601078167115903,0.6658795749704841,0.9282105385045899,0.7396647082604272,0.08109015753875595
0.8852392538523925,0.6162570888468809,0.8029556650246306,0.6973262032085561,0.9394435410588742,0.789859748916213,0.08128381303887158
0.8807785888077859,0.5918762088974855,0.7866323907455013,0.6754966887417219,0.9229707668639141,0.7254310864005397,0.08930950523446186
0.8824006488240065,0.6193415637860082,0.7413793103448276,0.6748878923766816,0.9219737911903966,0.7233345218451,0.08630920341975813
0.8795620437956204,0.6019230769230769,0.7766749379652605,0.6782231852654388,0.9272073602128486,0.7573417978893121,0.08505287399001799
0.8779399837793999,0.5480572597137015,0.7701149425287356,0.6403823178016727,0.9256183994876971,0.7066954260875786,0.08484925502938812
0.8690186536901865,0.5665467625899281,0.7934508816120907,0.6610703043022036,0.9266477800516927,0.7480988827503288,0.0937639325057755
0.8767234387672344,0.5611650485436893,0.7874659400544959,0.655328798185941,0.9305287453607726,0.7450244645893344,0.08679121845430944
0.878345498783455,0.6088709677419355,0.7401960784313726,0.668141592920354,0.9187151050896549,0.7285637895834145,0.08863734968221332
0.8852392538523925,0.6008064516129032,0.7780678851174935,0.6780432309442548,0.9323605615018508,0.7546344917094079,0.0812613490955443
0.8738848337388483,0.5781893004115226,0.7260981912144703,0.6437571592210768,0.918328106958598,0.7195323632985069,0.09020854662955698
0.8824006488240065,0.5875251509054326,0.7745358090185677,0.6681922196796338,0.9186721401607256,0.7181758056649402,0.08877550985930446
0.8856447688564477,0.590818363273453,0.7935656836461126,0.6773455377574371,0.9334754300368009,0.7526775146836531,0.08329186831280175
0.8763179237631792,0.5725338491295938,0.7789473684210526,0.6599777034559643,0.9153138719281426,0.6966562767212727,0.09314770860764443
0.8763179237631792,0.6098039215686275,0.7458033573141487,0.6709816612729234,0.919761994211366,0.7502753593884611,0.08743441797238521
0.8852392538523925,0.5831622176591376,0.7802197802197802,0.6674500587544065,0.9228638868267793,0.7378163332645885,0.08400171908644787
0.8811841038118411,0.6094674556213018,0.7648514851485149,0.6783754116355654,0.9254172628708071,0.7492360827583817,0.08699953383765666
0.8726682887266829,0.5674044265593562,0.7401574803149606,0.642369020501139,0.9094494483153635,0.6939030313996211,0.09202784034722535
0.8775344687753447,0.592814371257485,0.7518987341772152,0.6629464285714286,0.9231081419726298,0.7328688037435668,0.08777453372155729
0.8763179237631792,0.5428571428571428,0.7665706051873199,0.6356033452807647,0.9170031538447938,0.7007137125832663,0.09164274223319156
0.8799675587996756,0.5838383838383838,0.762532981530343,0.6613272311212814,0.92825798099303,0.744817788159495,0.08620033230330311
0.883617193836172,0.5869120654396728,0.771505376344086,0.6666666666666666,0.9250880652350288,0.7379651726892844,0.08526433626982766
0.8807785888077859,0.5923694779116466,0.7642487046632125,0.667420814479638,0.91924446990833,0.7080597541019729,0.08799780187381562
0.8819951338199513,0.5913555992141454,0.7838541666666666,0.6741321388577828,0.9351209774255524,0.7563128442913069,0.08218623877248442
0.8698296836982968,0.5632183908045977,0.7596899224806202,0.6468646864686468,0.9201278193526254,0.7147982762844642,0.09279144843432349
0.878345498783455,0.598,0.7512562814070352,0.6659242761692651,0.9240800229386779,0.7442032083955133,0.08752833445415181
0.8686131386861314,0.5650406504065041,0.7164948453608248,0.6318181818181818,0.9131487949356538,0.6930749112107132,0.09288009187389298
0.8933495539334956,0.6052060737527115,0.775,0.679658952496955,0.9337092434314658,0.7552971285936971,0.07727508884548767
0.8815896188158961,0.5797413793103449,0.7349726775956285,0.6481927710843374,0.9213400988810825,0.7261670278501648,0.08470718033680769
0.8698296836982968,0.568738229755179,0.766497461928934,0.652972972972973,0.9204745898908335,0.7263459692936475,0.09171257422836496
0.8751013787510138,0.574757281553398,0.7688311688311689,0.6577777777777778,0.9229416426917629,0.7364665022644677,0.08891493752305793
0.8815896188158961,0.6097087378640776,0.7753086419753087,0.6826086956521739,0.9276594725082515,0.7627786088811016,0.08554235639932395
0.8852392538523925,0.6044624746450304,0.772020725388601,0.6780432309442548,0.9266440813072938,0.7609416232905426,0.08227722939426917
0.8896999188969992,0.6051502145922747,0.7621621621621621,0.6746411483253588,0.9302983804415104,0.7364522778118725,0.08105157392409887
0.870235198702352,0.5621414913957935,0.7636363636363637,0.6475770925110133,0.9166197569849659,0.7095369063360969,0.09362751983052604
0.8657745336577454,0.5725971370143149,0.6965174129353234,0.6285072951739619,0.9042384974353042,0.6925757400801722,0.09621346522712788
0.8844282238442822,0.615071283095723,0.7587939698492462,0.6794150731158605,0.9297296443532945,0.7400577062231469,0.08455891481141645
0.8682076236820763,0.5589430894308943,0.7180156657963447,0.6285714285714286,0.91125598372502,0.6948831319588203,0.09354149632600983
0.8763179237631792,0.5770020533880903,0.7394736842105263,0.6482122260668973,0.9207498612302569,0.7174909976112633,0.08822305600323048
0.8819951338199513,0.5876494023904383,0.7783641160949868,0.6696935300794552,0.921814018936171,0.7324860908217726,0.08748805414235852
0.8868613138686131,0.622680412371134,0.7587939698492462,0.6840317100792752,0.9283166315134668,0.7441940651435546,0.08276210449556348
0.8868613138686131,0.6049382716049383,0.7716535433070866,0.6782006920415224,0.931672929373037,0.7574680117737759,0.08214948002961368
0.8844282238442822,0.5894308943089431,0.7774798927613941,0.6705202312138728,0.9342260490412957,0.7402974382575409,0.08215144504007592
0.8799675587996756,0.5888429752066116,0.7460732984293194,0.6581986143187067,0.918867009677322,0.7075184954643999,0.08674877344276384
0.8706407137064072,0.562,0.7375328083989501,0.637911464245176,0.9153533865820729,0.720747875250447,0.0916491511154021
0.8775344687753447,0.5683297180043384,0.7178082191780822,0.6343825665859564,0.915537936925013,0.6993572403710882,0.086884438047865
0.8860502838605029,0.576036866359447,0.7204610951008645,0.6402048655569782,0.9198509981735172,0.6737516605355938,0.08511083568565044
0.8734793187347932,0.5728155339805825,0.7622739018087855,0.6541019955654102,0.9196306612327285,0.736567078535513,0.09234876035482724
0.8730738037307381,0.5622489959839357,0.7466666666666667,0.6414662084765178,0.9115600191296029,0.7025518634689356,0.09219940505470464
0.8714517437145174,0.5401606425702812,0.7535014005602241,0.6292397660818714,0.9150605714073207,0.6751312247496042,0.09218430318717641
0.8933495539334956,0.6119402985074627,0.779891304347826,0.6857825567502986,0.9307958925684917,0.7326214747421019,0.08110161738804966
0.8799675587996756,0.588957055214724,0.7519582245430809,0.6605504587155964,0.9211470702153075,0.7262109290163404,0.08753473352910773
0.8807785888077859,0.6063157894736843,0.7291139240506329,0.6620689655172414,0.9216962392044448,0.7493655484526651,0.08593423024433615
0.8779399837793999,0.6065259117082533,0.7669902912621359,0.677384780278671,0.9280967281458863,0.7467560494699388,0.08657611040591978
0.8775344687753447,0.5811088295687885,0.7427821522309711,0.652073732718894,0.9228145043020702,0.7318346126903252,0.08754440611798327
0.8657745336577454,0.5564516129032258,0.7131782945736435,0.6251415628539071,0.9075609049769257,0.7011245314414929,0.09425100636686737
0.883617193836172,0.6011904761904762,0.7789203084832905,0.6786114221724524,0.9293944078430305,0.7377935843256829,0.08419685259403623
0.8751013787510138,0.5744234800838575,0.7229551451187335,0.6401869158878505,0.9138579951528055,0.705360062819876,0.09121746854840188
0.8787510137875101,0.5587628865979382,0.7612359550561798,0.6444708680142688,0.9162947973800522,0.7128858576408189,0.08749505321372175
0.8791565287915653,0.5968992248062015,0.7738693467336684,0.6739606126914661,0.9256351875431315,0.7556948237848413,0.08687609979747814
0.8738848337388483,0.5870841487279843,0.75,0.6586169045005489,0.9211507744433689,0.7254885346994002,0.0911232363710815
0.8896999188969992,0.6069868995633187,0.7513513513513513,0.6714975845410628,0.9277865174334641,0.7420669402942174,0.08127948207312302
0.8746958637469586,0.5817805383022774,0.7242268041237113,0.6452353616532721,0.9178011172519176,0.7144162561352417,0.08967968740752201
0.8872668288726683,0.613588110403397,0.7506493506493507,0.6752336448598131,0.9227606607712325,0.73173608243067,0.08601583418520457
0.8852392538523925,0.5929752066115702,0.7694369973190348,0.6697782963827305,0.9276638968910795,0.7410451748519713,0.08448792472562973
0.8722627737226277,0.5764705882352941,0.7480916030534351,0.6511627906976745,0.9216572213445867,0.7373918123318867,0.09012992401474973
0.8795620437956204,0.5857740585774058,0.7387862796833773,0.6534422403733956,0.9205940025765734,0.7270852250112039,0.0877288438334598
0.870235198702352,0.5532786885245902,0.7258064516129032,0.627906976744186,0.9168117303920057,0.6858003496945996,0.09139029262450975
0.8791565287915653,0.6030534351145038,0.7783251231527094,0.6795698924731183,0.9215134631020135,0.7335411179471167,0.0887836562570921
0.8864557988645579,0.5885947046843177,0.7874659400544959,0.6736596736596736,0.9269991029853324,0.7208568196298657,0.08481940902524884
0.8844282238442822,0.6079664570230608,0.7474226804123711,0.6705202312138728,0.9209179623547622,0.7198650823499012,0.08537712231673847
0.8799675587996756,0.5792811839323467,0.738544474393531,0.6492890995260664,0.9201641695990324,0.7041905405821278,0.08648930471835863
0.8661800486618005,0.5771428571428572,0.7372262773722628,0.6474358974358975,0.9200371771419775,0.7390814191270885,0.09264712100051171
0.8872668288726683,0.622,0.7775,0.6911111111111111,0.9296369796708617,0.7456166855729754,0.08192004367783982
0.8706407137064072,0.5944444444444444,0.7624703087885986,0.668054110301769,0.9243203688969679,0.7508986690232294,0.08926724504742262
0.8751013787510138,0.5981308411214953,0.774818401937046,0.6751054852320675,0.9309095884013119,0.7549141892441659,0.08689809984110317
0.8807785888077859,0.5942622950819673,0.7512953367875648,0.6636155606407322,0.9214888899960144,0.7511357613481987,0.08522289263290078
0.8686131386861314,0.5572815533980583,0.7493472584856397,0.6391982182628062,0.9134332511478599,0.7132960764773287,0.09469311673590175
0.8953771289537713,0.6075388026607539,0.7718309859154929,0.6799007444168734,0.9289823259786096,0.7475417521384654,0.0769088009124782
0.8738848337388483,0.562874251497006,0.7540106951871658,0.6445714285714286,0.9218885798713715,0.7118019159485124,0.0890756999117536
0.8832116788321168,0.5830039525691699,0.793010752688172,0.6719817767653758,0.9230507543313717,0.7197620898322756,0.08694559415182306
0.8613138686131386,0.5010615711252654,0.6880466472303207,0.5798525798525799,0.8983176071047488,0.6595760654929897,0.0986314947881956
0.878345498783455,0.5688259109311741,0.7635869565217391,0.6519721577726219,0.9245425249720229,0.7101249838943442,0.08847993735254205
0.8884833738848338,0.6182212581344902,0.7421875,0.6745562130177515,0.9238500140089657,0.7192628383768126,0.08315930609333098
0.884022708840227,0.58125,0.7664835164835165,0.6611374407582938,0.9286968977739672,0.7347376843920136,0.08469157882615669
0.8832116788321168,0.6011673151750972,0.7882653061224489,0.6821192052980133,0.9279871784779486,0.7484867229233508,0.08512845072483163
0.8734793187347932,0.5773809523809523,0.7461538461538462,0.6510067114093959,0.9184106516476458,0.7346426742283776,0.08938501218173875
0.8706407137064072,0.5876685934489403,0.7439024390243902,0.6566200215285253,0.9270214482300465,0.7479584934225552,0.08794741934622224
0.8799675587996756,0.5833333333333334,0.7736842105263158,0.665158371040724,0.9275899480244234,0.7211592709631048,0.08757807096893253
0.889294403892944,0.6023622047244095,0.8116710875331565,0.6915254237288135,0.9337377928850503,0.7686341318247363,0.08098774567085539
0.8815896188158961,0.5893223819301848,0.7572559366754618,0.6628175519630485,0.9193752504826335,0.7220530130410255,0.08789095766089045
0.8824006488240065,0.6027944111776448,0.7684478371501272,0.6756152125279642,0.9230847599513434,0.7478522121810961,0.08545105653695421
0.8767234387672344,0.6114285714285714,0.7624703087885986,0.678646934460888,0.9213283078477719,0.7547998976690792,0.08810333560701471
0.8759124087591241,0.5768463073852296,0.7545691906005222,0.6538461538461539,0.9287606121418068,0.7184692730417911,0.08754691018336731
0.8811841038118411,0.5796812749003984,0.7801608579088471,0.6651428571428571,0.9279597893655476,0.7122684021920236,0.08634268757204104
0.878345498783455,0.5612903225806452,0.7310924369747899,0.635036496350365,0.9117454473491624,0.706751422760784,0.08764024792991855
0.8803730738037308,0.5434782608695652,0.746268656716418,0.6289308176100629,0.9125195234526569,0.6631090054521266,0.08880525984819336
0.8819951338199513,0.5987780040733197,0.7577319587628866,0.6689419795221843,0.9239690721649485,0.733297958400607,0.0850087649420204
0.8799675587996756,0.5726315789473684,0.7452054794520548,0.6476190476190476,0.9186427858879986,0.7057335581122623,0.08971827018957251
0.8815896188158961,0.569327731092437,0.7569832402234636,0.6498800959232613,0.9179489150138339,0.6983053797476411,0.08762850343742554
0.8746958637469586,0.591919191919192,0.7325,0.6547486033519553,0.9195728460793805,0.7371929317903558,0.08820790556015162
0.8771289537712895,0.5816733067729084,0.7584415584415585,0.6583990980834273,0.9302370863158945,0.7463386831446102,0.08504243821391305
0.8791565287915653,0.5764705882352941,0.7819148936170213,0.6636568848758465,0.9312455461671587,0.7380005176146629,0.08590203256141493
0.8763179237631792,0.5772357723577236,0.7454068241469817,0.6506300114547537,0.9140165033327668,0.6963186578113779,0.08983873545933799
0.8633414436334145,0.5678119349005425,0.7621359223300971,0.6507772020725389,0.9171448558814911,0.7280328801365135,0.09516573614357414
0.8852392538523925,0.6007905138339921,0.7896103896103897,0.6823793490460157,0.9325149622122231,0.761026708341581,0.0825684684176884
0.8710462287104623,0.5595238095238095,0.746031746031746,0.6394557823129252,0.9262439437247866,0.7282556706858334,0.0880491495056866
0.8815896188158961,0.5653104925053534,0.7478753541076487,0.6439024390243903,0.9246496462610388,0.7219757264702038,0.08454501150989759
0.878345498783455,0.5927342256214149,0.7808564231738035,0.6739130434782609,0.9293444185669953,0.7499056544135507,0.08755499436425725
0.883617193836172,0.579957356076759,0.7513812154696132,0.6546329723225031,0.9227674726382792,0.7238921370783032,0.08427250414359906
0.8779399837793999,0.5793650793650794,0.7664041994750657,0.6598870056497175,0.9220566853603731,0.7286529703832229,0.08606405021454862
0.8807785888077859,0.5992217898832685,0.7777777777777778,0.676923076923077,0.925250085395013,0.7518349104206643,0.08518135706213753
0.8844282238442822,0.5987654320987654,0.7637795275590551,0.671280276816609,0.9239726329172883,0.7277635921672726,0.08525048405847303
0.8787510137875101,0.5850860420650096,0.788659793814433,0.6717892425905598,0.9259064028655627,0.7358743350914476,0.08806709666579646
0.8763179237631792,0.5821782178217821,0.7577319587628866,0.658454647256439,0.9260068662373615,0.7429036633947974,0.08562661393325818
0.8686131386861314,0.5722772277227722,0.7279596977329975,0.6407982261640798,0.9085188210759041,0.6852509351533145,0.0950397867670585
0.8856447688564477,0.6,0.744,0.6642857142857143,0.9227138530208832,0.7413338474144907,0.0850188469826883
0.8742903487429035,0.5904761904761905,0.7654320987654321,0.6666666666666666,0.9186574897718356,0.7161214971319071,0.0928081108131291
0.8819951338199513,0.615071283095723,0.7475247524752475,0.6748603351955307,0.9207956804409829,0.747006880041882,0.08649245924278642
0.8848337388483374,0.5910064239828694,0.7479674796747967,0.6602870813397129,0.9256713358740645,0.7115161509431892,0.08381110311697297
0.8726682887266829,0.5901328273244781,0.7603911980440098,0.6645299145299145,0.9167955326971056,0.7161691813679133,0.09326266355307154
0.875506893755069,0.5654008438818565,0.7262872628726287,0.6358244365361803,0.9100185708580977,0.6834062380931282,0.09063631435085218
0.878345498783455,0.5871369294605809,0.7369791666666666,0.6535796766743649,0.9172733049151457,0.7080735444175994,0.08998153294202509
0.8799675587996756,0.5667351129363449,0.7645429362880887,0.6509433962264151,0.9250037833676579,0.7196141620952792,0.08675007946754379
0.8726682887266829,0.5488069414316703,0.7047353760445683,0.6170731707317073,0.9103227998461159,0.6816744251089538,0.0923208461788177
0.8722627737226277,0.5881226053639846,0.7542997542997543,0.6609257265877287,0.9228114599654182,0.7407478522276282,0.08875415351021602
0.8872668288726683,0.5961945031712473,0.7642276422764228,0.669833729216152,0.9253585907342144,0.738194056989828,0.08239617257909615
0.8815896188158961,0.5954356846473029,0.7473958333333334,0.6628175519630485,0.9257024495677233,0.7294362549769473,0.08599726038233517
0.8848337388483374,0.6031746031746031,0.7835051546391752,0.6816143497757847,0.9279479178035978,0.7428510087715231,0.08343105587011417
0.8791565287915653,0.6023856858846919,0.7556109725685786,0.6703539823008849,0.9195679083163761,0.7227582423328368,0.08833995661034305
0.8860502838605029,0.5822510822510822,0.7535014005602241,0.6568986568986569,0.9185842188938165,0.6913491337235745,0.08639588416001724
0.8730738037307381,0.5390781563126252,0.7642045454545454,0.6321974148061105,0.9193955878558528,0.7264640743708117,0.09001556761316513
0.8694241686942417,0.5557729941291585,0.7493403693931399,0.6382022471910113,0.9218114904048558,0.7241148372595985,0.09006666121357479
0.8779399837793999,0.5996204933586338,0.7783251231527094,0.677384780278671,0.9271007700033478,0.7602478223059915,0.08924279000483999
0.8746958637469586,0.5811623246492986,0.7435897435897436,0.6524184476940382,0.9187280766760535,0.7227419939979903,0.09040426101231655
0.8848337388483374,0.582441113490364,0.7534626038781164,0.6570048309178744,0.9296096222554135,0.7219080250454853,0.08327496565812521
0.8787510137875101,0.5750528541226215,0.7351351351351352,0.6453143534994069,0.9230787084794718,0.7067786614679339,0.08746606905664395
0.8791565287915653,0.5753138075313807,0.7432432432432432,0.6485849056603774,0.9152929647204457,0.6985165085882998,0.08882598937705459
0.8913219789132197,0.6289978678038379,0.7583547557840618,0.6876456876456877,0.9203394256844146,0.7343809123168092,0.08447902204552153
0.8718572587185726,0.5697211155378487,0.7409326424870466,0.6441441441441441,0.914343363889996,0.7060408419110618,0.0927010787311687
0.883617193836172,0.5954356846473029,0.7572559366754618,0.6666666666666666,0.9250252537065109,0.7208107285413364,0.08418335434227225
0.8787510137875101,0.5865580448065173,0.75,0.6582857142857143,0.9203865473903299,0.7109315216782541,0.08849182771455112
0.8714517437145174,0.562015503875969,0.7611548556430446,0.6465997770345596,0.9126481491971776,0.7118351669783567,0.09346555167772631
0.8742903487429035,0.5548780487804879,0.75,0.6378504672897196,0.9153997762465889,0.7001036201542729,0.08979977744425606
0.862124898621249,0.5299806576402321,0.738544474393531,0.6171171171171171,0.9146768393492399,0.7060162575918204,0.09392200890508891
0.8905109489051095,0.6276150627615062,0.7653061224489796,0.6896551724137931,0.9335160293625647,0.7581051443801623,0.08010640873924058
0.884022708840227,0.600418410041841,0.7513089005235603,0.6674418604651163,0.9267216689612203,0.7355548121032219,0.08338461762957988
0.8730738037307381,0.5811623246492986,0.7360406091370558,0.6494960806270996,0.914669609783823,0.7162893559653231,0.09127274025749162
0.8787510137875101,0.5607675906183369,0.7387640449438202,0.6375757575757576,0.9206014697268226,0.7133542388464873,0.08623379866037538
0.8872668288726683,0.6432637571157496,0.7902097902097902,0.7092050209205021,0.9288512175110114,0.7712205427984153,0.08440014533866277
0.8706407137064072,0.5988593155893536,0.7446808510638298,0.6638566912539515,0.9171026245416223,0.7286676518645205,0.09320603672544965
0.8706407137064072,0.5571142284569138,0.7393617021276596,0.6354285714285715,0.922337880484577,0.7143921885029204,0.08914239178651484
0.8682076236820763,0.5571142284569138,0.7277486910994765,0.6311010215664018,0.9152317331752269,0.7076115804723657,0.09432509637981965
0.8815896188158961,0.5819327731092437,0.7486486486486487,0.6548463356973995,0.9310488446461729,0.746513131302845,0.08373821866863679
0.8864557988645579,0.6086105675146771,0.7953964194373402,0.6895787139689579,0.9319902628416479,0.7519650175996657,0.08410160309613397
0.8669910786699108,0.5574712643678161,0.75,0.6395604395604395,0.9132864669636744,0.7021175054353177,0.0953245908710947
0.8848337388483374,0.5855130784708249,0.7886178861788617,0.6720554272517321,0.9278062737708923,0.7394091034338045,0.08466186556018583
0.8682076236820763,0.572265625,0.7343358395989975,0.6432491767288694,0.9078028889349643,0.7133779387444091,0.09644956914151566
0.884022708840227,0.579175704989154,0.7437325905292479,0.651219512195122,0.9269063329160128,0.7289701462014772,0.0826751346096856
0.8884833738848338,0.6211812627291242,0.7741116751269036,0.6892655367231638,0.9321580463712444,0.7687106023725447,0.08049774045059398
0.8811841038118411,0.5664488017429193,0.7344632768361582,0.6396063960639606,0.9143353556753981,0.6944116751014208,0.08737459206531657
0.8876723438767234,0.5932539682539683,0.8059299191374663,0.6834285714285714,0.9346448031187078,0.7416786470187587,0.08374282844398791
0.8880778588807786,0.5967078189300411,0.7837837837837838,0.677570093457944,0.9344246441097587,0.7606039062373798,0.07983845214781053
0.8811841038118411,0.58004158004158,0.754054054054054,0.6556991774383079,0.9172761501959976,0.7185249147965662,0.0884121206261653
0.8787510137875101,0.5696969696969697,0.7663043478260869,0.6535341830822712,0.9215699734737017,0.7132396425108264,0.08841931991551712
0.8763179237631792,0.5801980198019802,0.7590673575129534,0.6576879910213244,0.9234206855320846,0.73325485695097,0.08809774760623038
0.878345498783455,0.5688259109311741,0.7635869565217391,0.6519721577726219,0.9253300244539313,0.7399392460827875,0.08557623780254228
0.8803730738037308,0.5866388308977035,0.7433862433862434,0.6557759626604434,0.9171253218188085,0.6895220990979986,0.08925231252888498
0.8730738037307381,0.5389344262295082,0.7492877492877493,0.6269368295589988,0.9154580294060198,0.6687604416861538,0.09162871038888006
0.8779399837793999,0.5846153846153846,0.781491002570694,0.6688668866886689,0.9240562260428515,0.7250801097476975,0.08929834268042272
0.8726682887266829,0.5826271186440678,0.701530612244898,0.6365740740740741,0.9123071359691417,0.7038824234871609,0.08962951525601164
0.8824006488240065,0.5829787234042553,0.7445652173913043,0.6539379474940334,0.9227589940730303,0.7008371684749137,0.0855048930199147
0.8896999188969992,0.5968379446640316,0.8162162162162162,0.6894977168949772,0.9339965442541778,0.7577559477724091,0.07941021841805448
0.8791565287915653,0.5897435897435898,0.7225130890052356,0.6494117647058824,0.9174563616082645,0.7082152339372233,0.08790959371909822
0.8759124087591241,0.5490196078431373,0.7865168539325843,0.6466512702078522,0.9261502209915331,0.7296345139642393,0.08845448147793633
0.883617193836172,0.6031746031746031,0.7774936061381074,0.6793296089385474,0.9216553169198534,0.7449900657387719,0.08656896038516355
0.875506893755069,0.5906432748538012,0.7575,0.6637458926615553,0.9197519361084221,0.7445493988936647,0.08854886544181093
0.883617193836172,0.621031746031746,0.7652811735941321,0.6856516976998904,0.9265814268886847,0.7489047380252295,0.08366995458822594
0.8856447688564477,0.6153846153846154,0.7676767676767676,0.6831460674157304,0.9281632752647245,0.7547579411914624,0.0818283319787625
0.8779399837793999,0.6047904191616766,0.7463054187192119,0.6681367144432194,0.9219582476445549,0.745754197955929,0.08587634641851906
0.8592862935928629,0.5688405797101449,0.7423167848699763,0.6441025641025641,0.9069347098840648,0.6963278347695443,0.10113605603423842
0.8844282238442822,0.567287784679089,0.7828571428571428,0.6578631452581032,0.9217674858223062,0.7330782124079049,0.0851984077581564
0.8779399837793999,0.564755838641189,0.7348066298342542,0.6386554621848739,0.9254708211667333,0.7134355505525376,0.085844737544521
0.8600973236009732,0.5400372439478585,0.7474226804123711,0.6270270270270271,0.9157534008711787,0.6971960319487573,0.09695482720183259
0.8734793187347932,0.5708661417322834,0.7552083333333334,0.6502242152466368,0.9205453990553955,0.7216477903770872,0.08908951065410473
0.8690186536901865,0.5575757575757576,0.7263157894736842,0.6308571428571429,0.9199159812282383,0.7300811080509522,0.08997246936185026
0.8832116788321168,0.5976331360946746,0.7829457364341085,0.6778523489932886,0.9261807194623732,0.7421766124747001,0.08659428425642665
0.8730738037307381,0.565922920892495,0.7380952380952381,0.6406429391504018,0.9184974862656854,0.7092191131428753,0.08936694414322624
0.8751013787510138,0.5640495867768595,0.7378378378378379,0.639344262295082,0.9117160099030328,0.6803937702435032,0.09187893321148367
0.8759124087591241,0.5599214145383105,0.776566757493188,0.6506849315068494,0.9271613704722503,0.7085425251209692,0.08606198463971286
0.8775344687753447,0.6110056925996205,0.7684964200477327,0.6807610993657506,0.9242514512768555,0.7556727446461253,0.08949684281992586
0.8807785888077859,0.5826771653543307,0.783068783068783,0.6681715575620768,0.9263136288998357,0.7377774660059276,0.0890327555307053
0.8828061638280617,0.5777310924369747,0.7575757575757576,0.6555423122765197,0.9232959867118862,0.720669007095047,0.08661960528461282
0.8726682887266829,0.5766129032258065,0.7333333333333333,0.6455981941309256,0.9112494441974212,0.7022202877573754,0.0909456827369424
0.8751013787510138,0.572265625,0.7670157068062827,0.6554809843400448,0.9261337942539016,0.7413913648613211,0.08708153364859089
0.8738848337388483,0.5717054263565892,0.7662337662337663,0.6548279689234184,0.918976266405387,0.7218345910809129,0.09136887524143317
0.8807785888077859,0.5734989648033126,0.7589041095890411,0.6533018867924528,0.9155366329145287,0.690192327905204,0.09034993221944672
0.8673965936739659,0.5677290836653387,0.7215189873417721,0.6354515050167224,0.9096797853418821,0.7188077992412577,0.09263086667843926
0.870235198702352,0.5595463137996219,0.7728459530026109,0.6491228070175439,0.9215782619213853,0.7327604945576078,0.09175744242311036
0.8856447688564477,0.60625,0.7578125,0.6736111111111112,0.9311571906019853,0.7423869313651913,0.08245566786244224
0.8819951338199513,0.577639751552795,0.7622950819672131,0.657243816254417,0.9190814467863648,0.7130288481653438,0.087688009528515
0.8767234387672344,0.5603112840466926,0.7868852459016393,0.6545454545454545,0.9249817850637523,0.7432280095243124,0.0873022226817849
0.8751013787510138,0.5758157389635317,0.7751937984496124,0.6607929515418502,0.9138437407171256,0.737985051729656,0.09033509391789767
0.8844282238442822,0.5836909871244635,0.7493112947658402,0.6562123039806996,0.9269179933166447,0.7164301456833285,0.08278556364121602
0.8791565287915653,0.5772532188841202,0.727027027027027,0.6435406698564593,0.9162471631937281,0.7149340597138846,0.08788646629030439
0.8738848337388483,0.563265306122449,0.739946380697051,0.6396292004634995,0.9161471469432769,0.7057396243330604,0.0904352938192375
0.8759124087591241,0.5814432989690722,0.7324675324675325,0.6482758620689655,0.9178803896727972,0.7216510177375406,0.08899190996137815
0.8690186536901865,0.5578093306288032,0.7236842105263158,0.6300114547537228,0.9097756976333451,0.6901469647317001,0.09521728012687725
0.8767234387672344,0.5626283367556468,0.7506849315068493,0.6431924882629108,0.9192139424800976,0.7122728540195968,0.089537059520078
0.8734793187347932,0.5814889336016097,0.7353689567430025,0.6494382022471911,0.9141377875483774,0.7289764972411278,0.09191193823764875
0.8824006488240065,0.6072144288577155,0.7632241813602015,0.6763392857142857,0.9215284279267051,0.733569723979679,0.08712014130894363
0.8779399837793999,0.5836575875486382,0.7751937984496124,0.6659267480577137,0.9303195608105169,0.774167361643314,0.08467133601363724
0.8799675587996756,0.6029106029106029,0.7341772151898734,0.6621004566210046,0.9238525997958548,0.7265422913771903,0.08761599431183266
0.8686131386861314,0.5785288270377733,0.7220843672456576,0.6423841059602649,0.9147474888409638,0.716190911744672,0.09246227154089641
0.8803730738037308,0.5807770961145194,0.7593582887700535,0.6581691772885284,0.9297003609370047,0.7308855990996793,0.08589949199822113
0.8832116788321168,0.5959183673469388,0.7643979057591623,0.6697247706422018,0.9265885178522978,0.7478269183919266,0.08410873496577946
0.8828061638280617,0.5853658536585366,0.7721179624664879,0.6658959537572254,0.9263227738574515,0.7161019944710881,0.08512716494104342
0.8909164639091647,0.6216216216216216,0.7746113989637305,0.6897347174163783,0.9309784774810681,0.7448146883142349,0.08070189878602971
0.8698296836982968,0.5686274509803921,0.7416879795396419,0.6437291897891232,0.9168508304317012,0.743150781207524,0.0902905629157187
0.8645579886455799,0.5742753623188406,0.7620192307692307,0.6549586776859504,0.9202990150093808,0.7201983683856765,0.0949034005553585
0.8759124087591241,0.5682730923694779,0.7566844919786097,0.6490825688073395,0.9187930082514495,0.6927929282797504,0.08852817136853339
0.8746958637469586,0.5705645161290323,0.7467018469656992,0.6468571428571429,0.9192172172754316,0.7170962347183625,0.08874911102805448
0.8690186536901865,0.5650485436893203,0.7461538461538462,0.6430939226519337,0.9142100192678227,0.6924301418256942,0.09350959883047892
0.8856447688564477,0.596116504854369,0.8057742782152231,0.6852678571428571,0.9286517242898594,0.7390837714961924,0.08521181983009055
0.8832116788321168,0.5877551020408164,0.7700534759358288,0.6666666666666666,0.9214783079927609,0.7177765857800603,0.08670705926177157
0.870235198702352,0.5616161616161616,0.7296587926509186,0.634703196347032,0.9126280078299565,0.6767536424426969,0.09274883819394834
0.8751013787510138,0.5573440643863179,0.7589041095890411,0.642691415313225,0.9174522243158835,0.7132466054426655,0.08970879000131368
0.8811841038118411,0.5826612903225806,0.7706666666666667,0.6636050516647531,0.9286746373346086,0.7440717065442469,0.08482048033717175
0.8771289537712895,0.5894538606403014,0.7864321608040201,0.673842841765339,0.9272571756266828,0.7344390923063964,0.08766180647277658
0.8856447688564477,0.6069868995633187,0.7315789473684211,0.6634844868735084,0.9250365847504669,0.7212256333973923,0.08416395312362085
0.8746958637469586,0.5962264150943396,0.7688564476885644,0.6716259298618491,0.9202988379183169,0.7370975897429285,0.09086500871280888
0.8828061638280617,0.621832358674464,0.7705314009661836,0.6882416396979504,0.927357308999821,0.754695034225101,0.08689547260675418
0.8746958637469586,0.5506958250497018,0.7694444444444445,0.641946697566628,0.9297786746860821,0.7458440480819497,0.08608602087672045
0.8669910786699108,0.5540275049115914,0.7362924281984334,0.6322869955156951,0.9126473290556776,0.7041904244371778,0.09399176766055765
0.889294403892944,0.6073619631901841,0.7857142857142857,0.6851211072664359,0.9295495550284822,0.7550115544268434,0.08242679804097987
0.8742903487429035,0.576017130620985,0.7060367454068242,0.6344339622641509,0.9120942615985951,0.7086867311109125,0.09012925671403296
0.875506893755069,0.611214953271028,0.7676056338028169,0.6805411030176899,0.926028721347694,0.7499035284494233,0.08905586292809574
0.8803730738037308,0.5869980879541109,0.7953367875647669,0.6754675467546755,0.9322414308489437,0.7656617298921531,0.0849572597905047
0.8718572587185726,0.5555555555555556,0.7866666666666666,0.6512141280353201,0.9254978479196557,0.7262023639829684,0.09206595631880299
0.8718572587185726,0.581081081081081,0.7525,0.6557734204793029,0.9249165053242981,0.7451158998709843,0.08805934364274319
0.8819951338199513,0.5756385068762279,0.7961956521739131,0.6681870011402509,0.929171674887056,0.725698799840176,0.08719730585518698
0.8734793187347932,0.5697674418604651,0.765625,0.6533333333333333,0.9267981508165226,0.7512213200723322,0.08784727838309452
0.8779399837793999,0.6108949416342413,0.7566265060240964,0.6759956942949408,0.9301428042741419,0.745781930693905,0.08608632876460959
0.8775344687753447,0.6018691588785047,0.7834549878345499,0.6807610993657506,0.9284091379994198,0.76102370706466,0.08686316514871639
0.8815896188158961,0.6077235772357723,0.7512562814070352,0.6719101123595506,0.927792978431811,0.7502465249164957,0.08429479148330898
0.8791565287915653,0.597979797979798,0.7493670886075949,0.6651685393258427,0.9260786387056947,0.7579838769291389,0.08493642578708165
0.8799675587996756,0.5760649087221096,0.7654986522911051,0.6574074074074074,0.9241873540518112,0.7263891912177183,0.08734357571452403
0.875506893755069,0.5768463073852296,0.7526041666666666,0.6531073446327683,0.9179900136087095,0.71894087780512,0.09113523023168642
0.878345498783455,0.5818540433925049,0.7702349869451697,0.6629213483146067,0.924802172002873,0.7185946441094876,0.08708004335850317
0.8767234387672344,0.566,0.7648648648648648,0.6505747126436782,0.9187203424798844,0.7068051751679918,0.09054086363659916
0.8815896188158961,0.5877862595419847,0.8020833333333334,0.6784140969162996,0.9383217759365994,0.7722816414258694,0.08435893180720373
0.8872668288726683,0.5970149253731343,0.7588075880758808,0.6682577565632458,0.9264105516591646,0.7400459387479992,0.08045425764974522
0.8807785888077859,0.5675675675675675,0.7604456824512534,0.65,0.923804852640026,0.7457070533607116,0.08542879972045236
0.8815896188158961,0.5821501014198783,0.7694369973190348,0.6628175519630485,0.9229129653421531,0.70688448745063,0.0897181101650204
0.8690186536901865,0.568359375,0.7404580152671756,0.6430939226519337,0.9090045403828946,0.7125394004853987,0.09405055275713503
0.8759124087591241,0.5945945945945946,0.7623762376237624,0.6681127982646421,0.932069940747712,0.7444961462826668,0.0865959339910801
0.8771289537712895,0.5863453815261044,0.7506426735218509,0.6583990980834273,0.9225214833041031,0.7384678489924711,0.08760123661684899
0.8698296836982968,0.5833333333333334,0.725925925925926,0.6468646864686468,0.9073600852995968,0.7005776594253655,0.09557806169163215
0.8706407137064072,0.538,0.7535014005602241,0.6277712952158693,0.9134202756493778,0.6961890741770891,0.09366588316700575
0.8710462287104623,0.5926640926640927,0.7415458937198067,0.6587982832618026,0.9219142865214566,0.7350255300534556,0.09055245327388459
0.8657745336577454,0.5443548387096774,0.72,0.6199770378874856,0.9130164195759605,0.7104958134076573,0.0934749638534045
0.8828061638280617,0.602020202020202,0.764102564102564,0.6734463276836158,0.9254742848673485,0.7463965111435403,0.08410590421780831
0.8625304136253041,0.5444234404536862,0.7461139896373057,0.6295081967213115,0.9122135312873655,0.6829403262342761,0.097520224209624
0.8718572587185726,0.5555555555555556,0.7297297297297297,0.6308411214953271,0.9169731277078604,0.7057006165210523,0.09023057814580988
0.8726682887266829,0.5506958250497018,0.7589041095890411,0.6382488479262672,0.9182685348790205,0.694922758330607,0.08977891789921942
0.8803730738037308,0.5873684210526315,0.7380952380952381,0.6541617819460727,0.9196225850919337,0.7018812470569642,0.08853201033822594
0.875506893755069,0.5603448275862069,0.7162534435261708,0.6287787182587666,0.9210428759125426,0.7140978852080717,0.08763794594310148
0.8669910786699108,0.5526838966202783,0.7296587926509186,0.6289592760180995,0.9179679878144729,0.7120667654434366,0.09248560705746921
0.8771289537712895,0.5614035087719298,0.713091922005571,0.6282208588957056,0.9119951666615989,0.6885262279474331,0.08856445522725585
0.870235198702352,0.5614754098360656,0.7210526315789474,0.631336405529954,0.9046475248523995,0.6955740579927429,0.0963003819731978
0.8933495539334956,0.6408602150537634,0.7563451776649747,0.6938300349243306,0.9337541402896733,0.7548964397961324,0.07725660306852009
0.8828061638280617,0.5905511811023622,0.7874015748031497,0.6749156355455568,0.9252176211786476,0.7154865891014759,0.08556433923262587
0.8775344687753447,0.5535714285714286,0.7837078651685393,0.6488372093023256,0.9304009798178817,0.745417887636386,0.08627981003029672
0.8779399837793999,0.6007827788649707,0.7599009900990099,0.6710382513661202,0.9265636553956075,0.7380361681279165,0.0860948279979327
0.8710462287104623,0.5766283524904214,0.7562814070351759,0.6543478260869565,0.9163916779254104,0.7147035561968822,0.09224236188508157
0.8799675587996756,0.5964214711729622,0.7633587786259542,0.6696428571428571,0.9290293596697636,0.7498260741895371,0.08534080457014266
0.889294403892944,0.6247464503042597,0.7777777777777778,0.6929133858267716,0.9364307324452252,0.775770179599558,0.08077778717213462
0.8872668288726683,0.6167664670658682,0.7822784810126582,0.6897321428571429,0.9280039606623108,0.7489592696506159,0.08371121071176925
0.8811841038118411,0.5894308943089431,0.7611548556430446,0.6643757159221076,0.9203434103111212,0.7298646597424663,0.08635878664238303
0.889294403892944,0.611439842209073,0.8031088082901554,0.6942889137737962,0.9252976783579115,0.7416516025743545,0.08321013997989768
0.8864557988645579,0.6168421052631579,0.7493606138107417,0.6766743648960739,0.9301512957199644,0.7539289935370952,0.08220172045166273
0.8819951338199513,0.567287784679089,0.7696629213483146,0.6531585220500596,0.9272365408168699,0.7276266015375156,0.08450299075770396
0.883617193836172,0.6037344398340249,0.751937984496124,0.669735327963176,0.9324548549354752,0.7505686048619215,0.08244187431766903
0.8714517437145174,0.5614754098360656,0.726790450928382,0.6335260115606937,0.9089813637939288,0.7044160033044768,0.09357839816709787
0.8718572587185726,0.6106719367588933,0.7219626168224299,0.6616702355460385,0.9183825080480221,0.7437043804971465,0.0908782050807472
0.8852392538523925,0.5642105263157895,0.7790697674418605,0.6544566544566545,0.9278913596212437,0.720734294094166,0.08461549672988211
0.8678021086780211,0.5708661417322834,0.7286432160804021,0.6401766004415012,0.9139629482032989,0.7241463913541376,0.09372510260443151
0.8807785888077859,0.5741127348643006,0.7534246575342466,0.6516587677725119,0.9197707549568699,0.7068394915366628,0.08741208587499871
0.8775344687753447,0.5631469979296067,0.7493112947658402,0.6430260047281324,0.915204437056337,0.7188193679452716,0.0896573602230897
0.8682076236820763,0.5717017208413002,0.7475,0.647887323943662,0.9100484027105518,0.7051070545075551,0.09663706338527263
0.8807785888077859,0.5774647887323944,0.7735849056603774,0.6612903225806451,0.9269496748129611,0.7389197482250379,0.08493015531474396
0.884022708840227,0.6058700209643606,0.7467700258397932,0.6689814814814815,0.9212252959022984,0.7333410833731074,0.08334819901836843
0.8868613138686131,0.5717344753747323,0.7716763005780347,0.6568265682656826,0.9304054422510634,0.7482670524537781,0.0806931899641022
0.8730738037307381,0.592,0.7308641975308642,0.6541436464088398,0.9117580462558629,0.714276026746464,0.09254687760624193
0.8876723438767234,0.6210526315789474,0.7525510204081632,0.6805074971164936,0.932664869226379,0.7535250928439313,0.0811403224066325
0.8864557988645579,0.5846153846153846,0.7450980392156863,0.6551724137931034,0.9282453616818942,0.7215695219660485,0.0809510165993071
0.875506893755069,0.5555555555555556,0.7479224376731302,0.6375442739079102,0.9117297556931458,0.6994241221694437,0.08985401504255533
0.8815896188158961,0.5772357723577236,0.7717391304347826,0.6604651162790698,0.9303451527334521,0.7420584817710913,0.08294936410890415
0.8799675587996756,0.5917525773195876,0.7454545454545455,0.6597701149425287,0.9234334142551346,0.7251946663141563,0.08598175111801531
0.8771289537712895,0.5621181262729125,0.7582417582417582,0.6456140350877193,0.920349274892567,0.7098822756603658,0.08980315170685342
0.8682076236820763,0.558,0.7284595300261096,0.6319365798414496,0.9125457984504676,0.6992956185551119,0.09139593471702388
0.8779399837793999,0.5839552238805971,0.8005115089514067,0.6752966558791802,0.9340954611284011,0.7653597578294713,0.08602897658084115
0.8653690186536902,0.5496957403651116,0.7112860892388452,0.620137299771167,0.9094192362645317,0.6739711000635095,0.09585366905082146
0.8779399837793999,0.6065259117082533,0.7669902912621359,0.677384780278671,0.928758472693584,0.7515535111311594,0.0859369348900166
0.8856447688564477,0.5814432989690722,0.7811634349030471,0.6666666666666666,0.9300333594330871,0.7428742702951175,0.08380815292151007
0.8844282238442822,0.6095238095238096,0.8,0.6918918918918919,0.9363419651500484,0.7730081801047343,0.08235753687545143
0.8844282238442822,0.582,0.7929155313351499,0.671280276816609,0.9349268433261979,0.7439740253446978,0.08145380825035727
0.883617193836172,0.5936329588014981,0.8191214470284238,0.6883821932681867,0.9417976989036421,0.7736290612952128,0.08270734501505621
0.8775344687753447,0.5893909626719057,0.7633587786259542,0.6651884700665188,0.9269021675756024,0.7570135140281136,0.08549809812755473
0.8759124087591241,0.5936254980079682,0.745,0.6607538802660754,0.9200169409486931,0.7434595410048107,0.08940552887382285
0.8690186536901865,0.56,0.7310704960835509,0.6342015855039638,0.9202984749100325,0.7112979642346638,0.09227219614125272
0.8795620437956204,0.5898989898989899,0.7564766839378239,0.662883087400681,0.927585691510562,0.7505302936604972,0.08478673729240921
0.8730738037307381,0.5722543352601156,0.7654639175257731,0.6549062844542448,0.9236738834922555,0.740533642524597,0.09021635452765947
0.875506893755069,0.5855130784708249,0.7423469387755102,0.6546681664791901,0.9186576269852204,0.7271118766808495,0.08837361191082385
0.8815896188158961,0.6,0.7822784810126582,0.6791208791208792,0.9254246404537648,0.744298415960267,0.08547850290663007
0.875506893755069,0.5711422845691383,0.753968253968254,0.6499429874572406,0.9211353868920918,0.7234160134727022,0.08990044981554307
0.8824006488240065,0.5959183673469388,0.7604166666666666,0.6681922196796338,0.9291859289945565,0.7364561058793965,0.08451519839592661
0.8629359286293593,0.5475728155339806,0.7286821705426356,0.6252771618625277,0.914953646219796,0.7048929554830133,0.09550382783253847
0.8807785888077859,0.5954198473282443,0.7918781725888325,0.6797385620915033,0.9274114125002451,0.7404095426355835,0.0864911539150806
0.8832116788321168,0.6008230452674898,0.7564766839378239,0.6697247706422018,0.920210990434436,0.7126098728825219,0.08719946569375674
0.8738848337388483,0.5818965517241379,0.6976744186046512,0.6345475910693302,0.9019803050810802,0.6769159392052497,0.09371492308141789
0.8673965936739659,0.5333333333333333,0.713091922005571,0.6102502979737783,0.9084283321413038,0.6756407212425366,0.09551309428216584
0.8803730738037308,0.5962616822429907,0.8015075376884422,0.6838156484458735,0.9305521806323687,0.7574797761751342,0.0867671068002963
0.8759124087591241,0.5777310924369747,0.7236842105263158,0.6425233644859814,0.9145985769793612,0.6939599238750238,0.09239996971294409
0.875506893755069,0.6040816326530613,0.7237163814180929,0.6585094549499444,0.9195162799100929,0.7371485043075292,0.09039478518150186
0.8742903487429035,0.5621301775147929,0.7640750670241286,0.6477272727272727,0.9152940543545509,0.7089173400363868,0.09088055886604385
0.8815896188158961,0.5676767676767677,0.7827298050139275,0.65807962529274,0.9336817320696498,0.7262781371681477,0.08393100597799807
0.8815896188158961,0.5988372093023255,0.7842639593908629,0.6791208791208792,0.9326908943025694,0.752529611286662,0.08249975595828704
0.8746958637469586,0.5780590717299579,0.7154046997389034,0.6394399066511085,0.9085422335981068,0.6882434244107607,0.0936408727233952
0.8896999188969992,0.6012269938650306,0.7924528301886793,0.6837209302325581,0.9283752227418638,0.749952861816782,0.08059005545961956
0.8779399837793999,0.5711382113821138,0.7574123989218329,0.6512166859791425,0.9258792272706804,0.7372341129940067,0.08623327033119269
0.884022708840227,0.599601593625498,0.7797927461139896,0.6779279279279279,0.9253275707453169,0.73191762918993,0.08688343140909288
0.8888888888888888,0.5874730021598272,0.7661971830985915,0.6650366748166259,0.9301952882620212,0.7342890243664223,0.08147561154440595
0.889294403892944,0.6103092783505155,0.7789473684210526,0.684393063583815,0.9314212544784781,0.7565604429102952,0.0795967687932172
0.889294403892944,0.6122881355932204,0.762532981530343,0.6792009400705052,0.9339724617654458,0.7482856064545976,0.08033938865015514
0.8746958637469586,0.5861423220973783,0.7805486284289277,0.6695187165775401,0.923839312131294,0.7280264029731329,0.08911750237660755
0.8706407137064072,0.5625,0.7519582245430809,0.6435754189944134,0.9206105875112341,0.7165701373033082,0.0909868431776814
0.8726682887266829,0.5804597701149425,0.7613065326633166,0.658695652173913,0.9176904833645986,0.7190609013435656,0.09136992107507975
0.8872668288726683,0.6121212121212121,0.7789203084832905,0.6855203619909502,0.9322757635654548,0.7564086428053534,0.08203826747883818
0.8868613138686131,0.5867768595041323,0.7823691460055097,0.6706021251475797,0.931591888277143,0.7403690517356412,0.08161742062377998
0.8787510137875101,0.5893909626719057,0.7692307692307693,0.6674082313681868,0.9286337137493206,0.7426269047511318,0.08483447168116343
0.8775344687753447,0.592,0.751269035532995,0.6621923937360179,0.9247888207279071,0.7587534778665586,0.08463738448840472
0.8795620437956204,0.5873983739837398,0.7545691906005222,0.6605714285714286,0.9255091258465584,0.7463018894441329,0.08690582194920592
0.8645579886455799,0.522633744855967,0.7134831460674157,0.6033254156769596,0.903937909366846,0.6826854264176894,0.09728557674765363
0.875506893755069,0.5705996131528046,0.7763157894736842,0.6577480490523969,0.9173815411010748,0.7281486549519004,0.09178529744428682
0.8909164639091647,0.6197478991596639,0.7702349869451697,0.6868451688009313,0.9390026686254135,0.7661554792434683,0.07851265329441351
0.8779399837793999,0.5809935205183585,0.7154255319148937,0.6412395709177592,0.9195268756998881,0.7070225423957388,0.08656654164715216
0.8694241686942417,0.5770750988142292,0.73,0.6445916114790287,0.9115258954501452,0.7067375594604399,0.09440570591591918
0.878345498783455,0.5811088295687885,0.7467018469656992,0.6535796766743649,0.9233867654142429,0.7033478506780064,0.08720254353349872
0.8844282238442822,0.5803921568627451,0.8065395095367848,0.6750285062713797,0.9366871210242844,0.7691954226922919,0.0820229639644107
0.8832116788321168,0.5987124463519313,0.7342105263157894,0.6595744680851063,0.9266135136498965,0.7415401265639522,0.08229992838473099
0.8710462287104623,0.5650485436893203,0.7558441558441559,0.6466666666666666,0.9129551851320232,0.6962556016805541,0.09528213922827851
0.8868613138686131,0.6097087378640776,0.8010204081632653,0.6923925027563396,0.9345652195304353,0.765355801791596,0.08218942561847857
0.8746958637469586,0.5456349206349206,0.7746478873239436,0.640279394644936,0.9251833120942614,0.7113508047829983,0.08982548367973764
0.8799675587996756,0.5972222222222222,0.7639593908629442,0.6703786191536748,0.924203300472336,0.7183225268140756,0.08829550462793322
0.8791565287915653,0.5975855130784709,0.7518987341772152,0.6659192825112108,0.916367681484515,0.7239219109216966,0.08922798666896486
0.8694241686942417,0.5637450199203188,0.7331606217616581,0.6373873873873874,0.9065103128736548,0.6852573261232026,0.09529611031129931
0.8868613138686131,0.627151051625239,0.7961165048543689,0.7016042780748664,0.9289889015985857,0.764241989532322,0.08339563421315264
0.875506893755069,0.5634615384615385,0.7855227882037533,0.6562150055991042,0.9168414054764445,0.7247755847864198,0.09155178518505284
0.8686131386861314,0.5528942115768463,0.7347480106100795,0.6309794988610479,0.9140286431516356,0.708252875682203,0.09157385177950851
0.8807785888077859,0.5808383233532934,0.776,0.6643835616438356,0.925842180774749,0.7287782705762138,0.08592167551727624
0.883617193836172,0.5888429752066116,0.7640750670241286,0.6651108518086347,0.9292419900882426,0.7411267788299126,0.0822209890828065
0.8686131386861314,0.5551020408163265,0.7195767195767195,0.6267281105990783,0.9127376897970767,0.6912607132544588,0.09398472997647835
0.8742903487429035,0.580896686159844,0.7582697201017812,0.6578366445916115,0.9204052098408104,0.7233847924638612,0.09156817918240301
0.8791565287915653,0.6040816326530613,0.74,0.6651685393258427,0.9171212487899322,0.72751284719917,0.08923906561425671
0.8710462287104623,0.5562248995983936,0.7406417112299465,0.6353211009174312,0.9169487019560127,0.7136915025497931,0.09071556023015111
0.8775344687753447,0.5916334661354582,0.7538071065989848,0.6629464285714286,0.9287049467887032,0.7581689721702,0.08563737087598447
0.8682076236820763,0.524008350730689,0.7212643678160919,0.6070133010882709,0.9151891830288822,0.6966262328585618,0.09235950462485949
0.8803730738037308,0.574757281553398,0.7956989247311828,0.6674182638105975,0.9268724774316789,0.7607705777081505,0.0858963907332127
0.8807785888077859,0.6070726915520629,0.7667493796526055,0.6776315789473685,0.9235219614404329,0.74875177772254,0.08562153283598777
0.8726682887266829,0.5603271983640081,0.7345844504021448,0.6357308584686775,0.9136890618415272,0.7080846379892354,0.09123353952088241
0.884022708840227,0.5942028985507246,0.7612732095490716,0.6674418604651163,0.93030183365437,0.7520410459175056,0.08260176400935725
0.8763179237631792,0.5878787878787879,0.7423469387755102,0.6561443066516347,0.9194878771180603,0.7215974981901846,0.08999182662078861
0.8738848337388483,0.5862068965517241,0.7630922693266833,0.6630552546045504,0.9230954091768158,0.751636429815959,0.0888302806863937
0.875506893755069,0.581532416502947,0.7589743589743589,0.6585094549499444,0.9245281853663356,0.6997536047163243,0.08956240452431731
0.8905109489051095,0.598343685300207,0.7917808219178082,0.6816037735849056,0.9285089292117908,0.7240289735314658,0.08387454019173081
0.8819951338199513,0.579476861167002,0.7783783783783784,0.6643598615916955,0.9214024138642458,0.7218913921288307,0.08698977403280099
0.8682076236820763,0.5514563106796116,0.7513227513227513,0.6360582306830908,0.915120922783758,0.7037486827535069,0.09337842750427705
0.8734793187347932,0.5491803278688525,0.7444444444444445,0.6320754716981132,0.9136752136752138,0.6902724515759616,0.09110872984741104
0.8759124087591241,0.5846774193548387,0.7435897435897436,0.654627539503386,0.9233498838990168,0.7260928424677145,0.08831784251920928
0.8714517437145174,0.5691382765531062,0.7357512953367875,0.6418079096045197,0.9191111996811479,0.7221585616758707,0.08953547942457646
0.8763179237631792,0.5681341719077568,0.7324324324324324,0.6399055489964581,0.918234217041469,0.7195839590093004,0.08844685446920263
0.8698296836982968,0.5792452830188679,0.7580246913580246,0.6566844919786097,0.9249052060308731,0.7408989453698624,0.09083041539941697
0.8848337388483374,0.5822784810126582,0.7624309392265194,0.6602870813397129,0.9250204819024012,0.7240893512179417,0.08563305628112852
0.8868613138686131,0.5861344537815126,0.7728531855955678,0.6666666666666666,0.9270474598798534,0.7379584376341969,0.08335088283611157
0.8824006488240065,0.598,0.770618556701031,0.6734234234234234,0.9278362918349324,0.7696501717910238,0.08443029547120734
0.8807785888077859,0.5846456692913385,0.781578947368421,0.668918918918919,0.9245117828127365,0.7462075958111613,0.08712432066045536
0.8661800486618005,0.5772058823529411,0.7584541062801933,0.6555323590814196,0.9160510306899832,0.7075606866545653,0.09557552067119905
0.8645579886455799,0.5794392523364486,0.7398568019093079,0.649895178197065,0.907878460008418,0.7135037445943654,0.09764615398982875
0.8738848337388483,0.5764705882352941,0.7557840616966581,0.6540600667408232,0.9216897517553619,0.7094275292634007,0.08823958841908652
0.8678021086780211,0.5236220472440944,0.76,0.62004662004662,0.9199878476910612,0.6876950484014805,0.09264931111774677
0.875506893755069,0.5909090909090909,0.7240506329113924,0.6507394766780432,0.91887854580127,0.7363545598080494,0.08769935510715643
0.8832116788321168,0.6475247524752475,0.7482837528604119,0.6942675159235668,0.9202265096602693,0.7580668944369536,0.08584149519015101
0.8751013787510138,0.5790513833992095,0.7551546391752577,0.6554809843400448,0.9201254179772382,0.7380246729032818,0.08851409384122907
0.8706407137064072,0.5597609561752988,0.741424802110818,0.637911464245176,0.9140906200338066,0.7137622679006423,0.09376044152794313
0.8803730738037308,0.562152133580705,0.8370165745856354,0.6725860155382908,0.9333524147637754,0.7603623971242652,0.08685087443509272
0.8730738037307381,0.5884615384615385,0.7555555555555555,0.6616216216216216,0.9242546768019839,0.7416972512317543,0.09083879067003464
0.8726682887266829,0.5610236220472441,0.7579787234042553,0.6447963800904978,0.9171930672910517,0.7349142545455256,0.09089280765685424
0.8698296836982968,0.5591182364729459,0.7342105263157894,0.6348122866894198,0.9178218196497956,0.715699856661975,0.09043048897821994
0.8832116788321168,0.5695364238410596,0.7350427350427351,0.6417910447761194,0.9235079778815003,0.7183930692160334,0.08490737352879796
0.8856447688564477,0.5923694779116466,0.7887700534759359,0.676605504587156,0.9216227339188761,0.7136912541133283,0.08653118044526982
0.8653690186536902,0.5411764705882353,0.7379679144385026,0.6244343891402715,0.9239361049478021,0.7086868630878165,0.09002051818747081
0.8726682887266829,0.5776031434184676,0.7480916030534351,0.6518847006651884,0.9126525582154663,0.7015122291933092,0.09537438539128419
0.8690186536901865,0.5425742574257426,0.7486338797814208,0.6291618828932262,0.9139227166276347,0.7003661018603569,0.09285237756654426
0.8872668288726683,0.6125,0.7616580310880829,0.6789838337182448,0.9278846153846154,0.7453599662609012,0.08339595270361565
0.878345498783455,0.5853658536585366,0.75,0.6575342465753424,0.9239363192443164,0.726502298254797,0.08729797234791979
0.8698296836982968,0.5469728601252609,0.7158469945355191,0.6201183431952663,0.9184712464220661,0.7088240080156561,0.08875572498348822
0.8868613138686131,0.6294117647058823,0.781021897810219,0.6970684039087948,0.9303852096542169,0.7586768381377392,0.08328127302575873
0.8714517437145174,0.5768463073852296,0.733502538071066,0.6458100558659218,0.9164420947415872,0.7190782639801275,0.09257195731910442
0.8726682887266829,0.5876494023904383,0.7338308457711443,0.6526548672566371,0.9118723244243897,0.7043876251706351,0.09339951396586021
0.8722627737226277,0.5651302605210421,0.7421052631578947,0.6416382252559727,0.9177953272442854,0.7177969433774958,0.0909999537302733
0.8811841038118411,0.5988023952095808,0.7653061224489796,0.671892497200448,0.9251876980300318,0.7413294778154171,0.08490810309943359
0.8799675587996756,0.5933852140077821,0.7780612244897959,0.673289183222958,0.9262295081967213,0.7375611892152432,0.08588514588202696
0.8629359286293593,0.53,0.720108695652174,0.6105990783410138,0.9076980664815352,0.6692165768368754,0.09690123103474775
0.8832116788321168,0.5926680244399185,0.7678100263852242,0.6689655172413793,0.9254083262007677,0.7307454332991544,0.08654845689385986
0.8751013787510138,0.5211864406779662,0.75,0.615,0.918960619681033,0.6724849722931762,0.0894236964250263
0.8698296836982968,0.5625,0.7480519480519481,0.6421404682274248,0.9143680922633348,0.7210434934539134,0.09363480374847852
0.8803730738037308,0.5825426944971537,0.8036649214659686,0.6754675467546755,0.9311194239832783,0.7498240964607655,0.08638809228578298
0.8698296836982968,0.5498981670061099,0.7297297297297297,0.627177700348432,0.9165592118836394,0.7078870739360061,0.08870473147945948
0.8779399837793999,0.5948103792415169,0.7525252525252525,0.6644370122630993,0.9196713511930903,0.7334009544877733,0.08720556016560992
0.8848337388483374,0.6152263374485597,0.7550505050505051,0.6780045351473923,0.9327892451080857,0.7496845646670888,0.0827561543552557
0.8694241686942417,0.5814814814814815,0.7658536585365854,0.6610526315789473,0.9280120053146057,0.7355387413492883,0.08854989886166939
0.8746958637469586,0.5743380855397149,0.7382198952879581,0.6460481099656358,0.9207524796253681,0.7083226949595489,0.08891837711659918
0.8860502838605029,0.6133603238866396,0.7709923664122137,0.6832018038331454,0.931754325883865,0.7451498980056701,0.08300971392236015
0.8759124087591241,0.5828220858895705,0.7364341085271318,0.6506849315068494,0.9180223547148612,0.7375464398157707,0.08773683319932009
0.8824006488240065,0.6,0.7634961439588689,0.6719457013574661,0.9228507103754798,0.7152344198245822,0.08676304719508393
0.878345498783455,0.5687103594080338,0.736986301369863,0.6420047732696897,0.9195425531221271,0.739809467510153,0.08710200470146176
0.8779399837793999,0.5873320537428023,0.7806122448979592,0.6703176341730559,0.9255468580874973,0.7246451188638205,0.08906483802406742
0.8710462287104623,0.5966850828729282,0.7659574468085106,0.6708074534161491,0.9233628291959283,0.75238800031025,0.09040162907788646
0.8824006488240065,0.5732758620689655,0.7430167597765364,0.6472019464720195,0.9260465584684046,0.7340131327961007,0.08346762625623752
0.878345498783455,0.567193675889328,0.779891304347826,0.6567505720823799,0.9241837464251668,0.7187398544404296,0.08738477080958795
0.8884833738848338,0.5974304068522484,0.7622950819672131,0.6698679471788715,0.9291582097319802,0.7276122626168946,0.08172651385750286
0.878345498783455,0.5755102040816327,0.7540106951871658,0.6527777777777778,0.9273397000030674,0.7356039192401177,0.0861578735739419
0.8852392538523925,0.6117136659436009,0.7305699481865285,0.6658795749704841,0.9206157831805499,0.712151380685113,0.08701872487471594
0.8811841038118411,0.6052631578947368,0.7531486146095718,0.6711560044893379,0.923725914391771,0.7368454578061362,0.08720380707974938
