Accuracy,Precision,Recall,F1-score,ROC-AUC,PR-AUC,Brier Score
0.8929440389294404,0.6750700280112045,0.6195372750642674,0.646112600536193,0.9206080056636958,0.7102057380788821,0.0856536947233319
0.894566098945661,0.6727272727272727,0.6590330788804071,0.6658097686375322,0.925024150319938,0.7240953745754876,0.08785436431432235
0.8978102189781022,0.7127659574468085,0.6504854368932039,0.6802030456852792,0.9307141641693688,0.760720786455058,0.08346128488645456
0.8913219789132197,0.6582914572864321,0.6649746192893401,0.6616161616161617,0.9230151108323696,0.7275264855642284,0.08792270827007743
0.8933495539334956,0.6597402597402597,0.6580310880829016,0.6588845654993515,0.9175219210840972,0.7156976486712684,0.09145767320736636
0.889294403892944,0.6314363143631436,0.6297297297297297,0.6305818673883626,0.9204881885702497,0.7082984774115817,0.08884577893551393
0.9002433090024331,0.6910994764397905,0.673469387755102,0.6821705426356589,0.9276968984315037,0.7483930994866337,0.0843553031925506
0.8953771289537713,0.6146788990825688,0.6036036036036037,0.6090909090909091,0.91555549924045,0.694055756666421,0.08693636315357965
0.8917274939172749,0.65,0.624,0.636734693877551,0.9187540251873106,0.7113007091268574,0.08949102252751007
0.8982157339821574,0.653179190751445,0.6330532212885154,0.6429587482219061,0.9138107590119974,0.704660660582023,0.08654953293553942
0.894566098945661,0.6310160427807486,0.659217877094972,0.644808743169399,0.9158221407142781,0.7109048271578498,0.09014257053326023
0.8856447688564477,0.6666666666666666,0.5685279187817259,0.6136986301369863,0.9060962703094683,0.685098586350885,0.09225508747035177
0.8921330089213301,0.6526610644257703,0.6213333333333333,0.6366120218579235,0.9104505021520803,0.7123931390134317,0.0933506079269184
0.897404703974047,0.6616161616161617,0.6876640419947506,0.6743886743886743,0.9205032824134394,0.7140406897693994,0.09290926655496677
0.8937550689375506,0.6354166666666666,0.6666666666666666,0.6506666666666666,0.9148256570387718,0.6991903208921363,0.09246213485007139
0.8990267639902676,0.6539440203562341,0.6945945945945946,0.6736566186107471,0.9339591499896844,0.7329027568657708,0.08419057166983446
0.9030819140308192,0.7018970189701897,0.6675257731958762,0.6842800528401585,0.93147033725926,0.7660901303466017,0.08369394339683746
0.8872668288726683,0.6266666666666667,0.6300268096514745,0.6283422459893048,0.9142872513894778,0.6832022437195997,0.09155119434180874
0.9014598540145985,0.6694444444444444,0.6602739726027397,0.6648275862068965,0.9312708234174203,0.7310090694254311,0.0814235104725143
0.8949716139497161,0.6525198938992043,0.6577540106951871,0.6551264980026631,0.9215230416866903,0.7127797132601994,0.08902961809613978
0.9091646390916464,0.7016574585635359,0.6864864864864865,0.6939890710382514,0.9356792861563854,0.7552411347057421,0.07959365073123832
0.9002433090024331,0.6898395721925134,0.6649484536082474,0.6771653543307087,0.9225725072680908,0.7293464128249864,0.08795137894780296
0.8994322789943228,0.6666666666666666,0.6843501326259946,0.675392670157068,0.937767997836336,0.7453146480351923,0.08313434029777123
0.8941605839416058,0.6639566395663956,0.6413612565445026,0.6524633821571239,0.9223867210660128,0.7251898172139141,0.08829673281926093
0.8909164639091647,0.6209677419354839,0.6434540389972145,0.6320109439124487,0.9103241218752189,0.7163980411253689,0.09279325767998502
0.8998377939983779,0.6630727762803235,0.6684782608695652,0.6657645466847091,0.9243391739544908,0.7370620846631807,0.08456301428273336
0.8998377939983779,0.6976744186046512,0.675,0.6861499364675985,0.923920619554695,0.7504644534180409,0.08608835986426992
0.8852392538523925,0.6497326203208557,0.6151898734177215,0.6319895968790638,0.9096736732086865,0.7209952234974196,0.09283879526038452
0.8929440389294404,0.6786632390745502,0.6550868486352357,0.6666666666666666,0.9218500605613016,0.736978612393751,0.08939696975611734
0.8896999188969992,0.6693548387096774,0.6256281407035176,0.6467532467532467,0.9053257097868452,0.6870686197295233,0.09606747893988106
0.8937550689375506,0.6701298701298701,0.6564885496183206,0.6632390745501285,0.9252720976961761,0.7288372879052525,0.0892218083446115
0.8953771289537713,0.6464379947229552,0.6639566395663956,0.6550802139037433,0.920228019638327,0.7053060809544159,0.0892007495668393
0.9006488240064883,0.6878453038674033,0.6535433070866141,0.6702557200538358,0.9212233362915967,0.7156410976086266,0.08579310912951084
0.8876723438767234,0.6225490196078431,0.6737400530503979,0.6471337579617834,0.922405222251709,0.7190027531660351,0.09373821420230202
0.8961881589618816,0.648,0.662125340599455,0.6549865229110512,0.9216325926579804,0.712277266183728,0.08702253357992064
0.9055150040551501,0.7041884816753927,0.6915167095115681,0.6977950713359273,0.9314452697124709,0.7535807611997921,0.08161340718761476
0.8917274939172749,0.649616368286445,0.6614583333333334,0.655483870967742,0.9202164385206533,0.7121580466082541,0.09134455011603673
0.9014598540145985,0.647239263803681,0.6224188790560472,0.6345864661654136,0.9184109905929245,0.7084663643797535,0.08501191275859536
0.8998377939983779,0.6494565217391305,0.6694677871148459,0.6593103448275862,0.9225461640322321,0.7176938516134881,0.08700975704779303
0.8815896188158961,0.6326530612244898,0.6262626262626263,0.6294416243654822,0.9130605572634558,0.669501104885163,0.09704745310908888
0.8961881589618816,0.6178861788617886,0.6647230320699709,0.6404494382022472,0.9181036791272595,0.6828646572287695,0.08978225334906052
0.8990267639902676,0.6569920844327177,0.6766304347826086,0.6666666666666666,0.9231786484022051,0.7110881861313806,0.08787436300790702
0.8933495539334956,0.6728232189973615,0.6472081218274112,0.6597671410090556,0.9115484683378084,0.7225047414234131,0.0924700242996574
0.9103811841038119,0.7107438016528925,0.6898395721925134,0.7001356852103121,0.9313708448788867,0.7554355071978534,0.08187097888479677
0.9067315490673155,0.6933333333333334,0.6933333333333334,0.6933333333333334,0.926738721504862,0.7562847936286945,0.08479283589296889
0.8994322789943228,0.6573033707865169,0.65,0.6536312849162011,0.9288369209665507,0.7233492500609191,0.083904859079012
0.8876723438767234,0.660574412532637,0.6325,0.6462324393358876,0.9196805421103582,0.7256110738848124,0.08931152812231218
0.8933495539334956,0.6842105263157895,0.6237373737373737,0.6525759577278731,0.9304689406138682,0.745138664516396,0.0846239926449691
0.8860502838605029,0.6434108527131783,0.6352040816326531,0.6392811296534018,0.9113538858166218,0.7029379394375399,0.0938405372546929
0.9010543390105434,0.6864406779661016,0.6462765957446809,0.6657534246575343,0.9240137941565714,0.7320834141372818,0.0823419041892299
0.9014598540145985,0.6684210526315789,0.6846361185983828,0.6764314247669774,0.927192841382061,0.7296779252792732,0.08388560815530771
0.8901054339010543,0.6716791979949874,0.6568627450980392,0.6641883519206939,0.9114157567789021,0.7034282951854629,0.09393257357854465
0.8933495539334956,0.6620879120879121,0.6325459317585301,0.6469798657718121,0.9272556757743411,0.7220202667952683,0.08713261794827334
0.8905109489051095,0.656,0.6356589147286822,0.6456692913385826,0.9275292608625941,0.724745051924892,0.0864837151373795
0.9014598540145985,0.6581920903954802,0.6563380281690141,0.6572637517630465,0.9218553385685978,0.7108466472728366,0.08566171958362745
0.8953771289537713,0.654054054054054,0.6505376344086021,0.6522911051212938,0.9143764570560023,0.7130712491294113,0.08949383982654624
0.8937550689375506,0.6698564593301436,0.693069306930693,0.681265206812652,0.9246646051608071,0.7501904713195887,0.08939064816848186
0.9055150040551501,0.6675824175824175,0.6845070422535211,0.6759388038942976,0.9258665207731467,0.752747886849967,0.08337895426821362
0.8884833738848338,0.6711590296495957,0.6194029850746269,0.6442432082794308,0.9091461298160362,0.7179321222181503,0.09465120588876681
0.8990267639902676,0.6724137931034483,0.6341463414634146,0.6527196652719666,0.9214441071449342,0.7191507722564224,0.0840882801267054
0.9006488240064883,0.7037037037037037,0.6666666666666666,0.6846846846846847,0.9229653718233658,0.7454273799592583,0.08638565810855454
0.9038929440389294,0.7164948453608248,0.6864197530864198,0.7011349306431274,0.9300986576095747,0.7484520572698777,0.08437533851763118
0.8791565287915653,0.625,0.6375,0.6311881188118812,0.9138347047434656,0.7194121057649682,0.0979816926693271
0.9006488240064883,0.6847545219638242,0.6829896907216495,0.6838709677419355,0.9242828651657522,0.7420133952010753,0.08786608330503387
0.8888888888888888,0.692090395480226,0.5975609756097561,0.6413612565445026,0.919690139508399,0.7222036071432618,0.08838479504199587
0.8844282238442822,0.6116751269035533,0.646112600536193,0.6284224250325945,0.9112924608903161,0.684559427065883,0.0984150173200473
0.8917274939172749,0.654639175257732,0.6563307493540051,0.655483870967742,0.9139232860163093,0.7047279758726348,0.09219391461189791
0.8880778588807786,0.6236559139784946,0.6304347826086957,0.6270270270270271,0.9182632527873338,0.6921926920132357,0.08995538816254649
0.8921330089213301,0.6596306068601583,0.6459948320413437,0.6527415143603134,0.9253181501243517,0.7278086924777648,0.08660109704978781
0.9071370640713706,0.7289972899728997,0.6758793969849246,0.7014341590612777,0.9326625875995063,0.7528806494699213,0.08025262862926444
0.9030819140308192,0.6878453038674033,0.664,0.6757123473541384,0.9273750996333492,0.7405433932628324,0.08347689358087061
0.9047039740470397,0.6846153846153846,0.7044854881266491,0.694408322496749,0.9314110595431198,0.7547306122555684,0.08434802498385569
0.9087591240875912,0.7052341597796143,0.6844919786096256,0.694708276797829,0.9332713878181205,0.7647179256182515,0.07860667421343435
0.8949716139497161,0.6694214876033058,0.6361256544502618,0.6523489932885906,0.9166825778054688,0.7151835582295616,0.08874785647651597
0.9034874290348743,0.6612021857923497,0.6797752808988764,0.6703601108033241,0.9313994355396985,0.7353357765469154,0.08333605838857104
0.9018653690186537,0.7165354330708661,0.6707616707616708,0.6928934010152284,0.9244784985435787,0.7666737084400352,0.0854459016699606
0.9038929440389294,0.6717791411042945,0.6275071633237822,0.6488888888888888,0.924487671774271,0.716902169015546,0.08165593445163415
0.8990267639902676,0.696969696969697,0.6454081632653061,0.6701986754966888,0.9282417885186861,0.7602578392883146,0.08319283363612448
0.894566098945661,0.6631578947368421,0.65625,0.6596858638743456,0.9215072646493756,0.72192555869927,0.08940348941973494
0.8896999188969992,0.6410256410256411,0.6544502617801047,0.6476683937823834,0.9192526454361829,0.7234457187683098,0.09246422740967455
0.8978102189781022,0.6837606837606838,0.6299212598425197,0.6557377049180327,0.914358906575527,0.7016084682498486,0.08821894405646805
0.8969991889699919,0.6657060518731989,0.6260162601626016,0.6452513966480447,0.9134613520670257,0.6914450684780088,0.08936827997041535
0.9051094890510949,0.6684636118598383,0.6908077994428969,0.6794520547945205,0.9217993344905494,0.7315491031020546,0.08634802429931275
0.894566098945661,0.6398891966759003,0.6398891966759003,0.6398891966759003,0.9112086379218455,0.6733902169538708,0.09319808416206445
0.8864557988645579,0.6476683937823834,0.6345177664974619,0.6410256410256411,0.9137656057072301,0.6894296049735275,0.09359298942882276
0.9006488240064883,0.6693121693121693,0.67828418230563,0.6737683089214381,0.9299977327719489,0.7449779578030575,0.08520728955530972
0.8998377939983779,0.7014563106796117,0.6997578692493946,0.7006060606060606,0.9345574715558286,0.7778451496873026,0.08435102063875753
0.8884833738848338,0.6347607052896725,0.6596858638743456,0.6469833119383825,0.9162567454854237,0.7084987770384543,0.09397608913836474
0.8933495539334956,0.6871794871794872,0.6552567237163814,0.6708385481852316,0.9250766361627598,0.7292374087511331,0.08821373392162361
0.8961881589618816,0.6684491978609626,0.6544502617801047,0.6613756613756614,0.9244555878244616,0.733305499984131,0.08558329463289856
0.8933495539334956,0.6220238095238095,0.6057971014492753,0.6138032305433186,0.9146259967611667,0.6956969570866799,0.08886249648761588
0.8986212489862125,0.6389684813753582,0.6426512968299711,0.6408045977011494,0.9191138770530931,0.6982844139127623,0.0863303891795005
0.8815896188158961,0.6311688311688312,0.6183206106870229,0.6246786632390745,0.9058671468499022,0.6869213254390573,0.09543714312742754
0.8819951338199513,0.6455026455026455,0.6084788029925187,0.6264441591784339,0.9131710674886633,0.7123094701151109,0.0937893135384241
0.8937550689375506,0.6649746192893401,0.6683673469387755,0.6666666666666666,0.9260376281660205,0.7347362508335821,0.0896375025074382
0.9042984590429846,0.6569148936170213,0.6977401129943502,0.6767123287671233,0.9241153590994693,0.7191650072436917,0.08704658686443915
0.8941605839416058,0.6556473829201102,0.6363636363636364,0.6458616010854816,0.9123935338084479,0.6838401824435228,0.09206698896906294
0.8896999188969992,0.7007672634271099,0.6386946386946387,0.6682926829268293,0.9242441407389861,0.7448956509011161,0.0876107083654964
0.8965936739659367,0.6329787234042553,0.6704225352112676,0.6511627906976745,0.9197870310446288,0.6935241273650627,0.09036300417891402
0.8860502838605029,0.6717557251908397,0.6346153846153846,0.6526576019777504,0.9194863977485929,0.7318443418715788,0.09145690927386257
0.8969991889699919,0.6824146981627297,0.6615776081424937,0.6718346253229974,0.9293926884983104,0.7452116426287416,0.08560649933237065
0.8921330089213301,0.6666666666666666,0.6253229974160207,0.6453333333333333,0.9229442201018428,0.7240992703183668,0.08742796026149324
0.8998377939983779,0.6721763085399449,0.6559139784946236,0.6639455782312925,0.9225077281736862,0.7188150068697255,0.08426228416842016
0.8872668288726683,0.6880222841225627,0.5980629539951574,0.6398963730569949,0.9204105726103298,0.7339193295601264,0.08838769206871337
0.8941605839416058,0.6666666666666666,0.6717557251908397,0.6692015209125475,0.9216338995616733,0.7453911412123954,0.09023094881940061
0.8965936739659367,0.6807387862796834,0.6581632653061225,0.669260700389105,0.9317927990868479,0.7545389079556727,0.08358022228048861
0.8949716139497161,0.6567567567567567,0.648,0.6523489932885906,0.9201364578351665,0.7177007520501814,0.08875075375758758
0.8965936739659367,0.6812339331619537,0.6691919191919192,0.6751592356687898,0.9224601083296735,0.7326150203401025,0.08830789491436584
0.8998377939983779,0.6760204081632653,0.6883116883116883,0.6821106821106822,0.9252944076586556,0.7307636869481285,0.08886201689019897
0.8982157339821574,0.6852367688022284,0.640625,0.6621803499327052,0.9237249339577329,0.7454730168087806,0.08425257026697164
0.9067315490673155,0.6910569105691057,0.6873315363881402,0.6891891891891891,0.9350346415866297,0.7782422952954976,0.08084109471478747
0.8969991889699919,0.6692307692307692,0.6761658031088082,0.6726804123711341,0.9291948983658829,0.7358762162803775,0.08431715940710785
0.8909164639091647,0.6614583333333334,0.6463104325699746,0.6537966537966537,0.9232357378091516,0.7335277785175857,0.08757722289020677
0.9042984590429846,0.6784741144414169,0.6784741144414169,0.6784741144414169,0.9244923948474232,0.7314724482690546,0.08475314934375672
0.8876723438767234,0.6754807692307693,0.6643026004728132,0.6698450536352801,0.9202824845028112,0.7689517126431634,0.0914694919385402
0.8998377939983779,0.670299727520436,0.6612903225806451,0.6657645466847091,0.9288186421008309,0.7394196749575328,0.08455353520282398
0.9063260340632603,0.6976744186046512,0.6539509536784741,0.6751054852320675,0.9265499465815433,0.7150503115654637,0.08151159083658507
0.8921330089213301,0.6229508196721312,0.6404494382022472,0.631578947368421,0.9169524468821556,0.7001040630981019,0.0901354082456791
0.8921330089213301,0.636604774535809,0.6504065040650406,0.6434316353887399,0.9176097483435492,0.6978331200457403,0.09152025275504727
0.8909164639091647,0.6383561643835617,0.6297297297297297,0.6340136054421769,0.9179660099030328,0.7011306619756499,0.08972522159215474
0.9063260340632603,0.6927710843373494,0.6406685236768802,0.6657018813314037,0.9232205157764344,0.7254821214136464,0.08035255624866151
0.8888888888888888,0.6454293628808865,0.6147757255936676,0.6297297297297297,0.9119843534482213,0.6970892673172425,0.09248168311430684
0.8888888888888888,0.6524064171122995,0.6288659793814433,0.6404199475065617,0.9141013365349315,0.6991039698389965,0.09011134464020885
0.907948094079481,0.6898550724637681,0.664804469273743,0.6770981507823614,0.9280447987448719,0.7480854207681755,0.08265091938934882
0.9014598540145985,0.7013333333333334,0.6675126903553299,0.6840052015604682,0.9305533778884032,0.7574800693424922,0.08176789811385649
0.8982157339821574,0.6840490797546013,0.601078167115903,0.6398852223816356,0.9216090164619908,0.7205388547319032,0.08280837071198732
0.8986212489862125,0.6873385012919897,0.6734177215189874,0.680306905370844,0.9283560195343776,0.7383390656080072,0.0859276794976356
0.8982157339821574,0.6781609195402298,0.6293333333333333,0.65283540802213,0.9169379882034114,0.7040077559466837,0.08684204773995374
0.8994322789943228,0.6740331491712708,0.6524064171122995,0.6630434782608695,0.9249023527366795,0.7349902261195668,0.08484502941306007
0.8896999188969992,0.6379746835443038,0.6614173228346457,0.6494845360824743,0.9132372841883972,0.6977145132330529,0.09727557517101296
0.8921330089213301,0.6641604010025063,0.6675062972292192,0.6658291457286433,0.9168729219752298,0.7189579294409312,0.09297870685058891
0.9059205190592052,0.7067039106145251,0.6657894736842105,0.6856368563685636,0.9248902457485997,0.7259866146394048,0.08380526094396641
0.9002433090024331,0.6886075949367089,0.6886075949367089,0.6886075949367089,0.9291029222108809,0.7445083663740606,0.0865066825280861
0.8941605839416058,0.6649874055415617,0.673469387755102,0.6692015209125475,0.9303143388502942,0.7487797225514219,0.08773496150331898
0.9022708840227088,0.6892230576441103,0.701530612244898,0.695322376738306,0.9341851494696239,0.766305367693032,0.08350737002843958
0.8982157339821574,0.6595174262734584,0.6648648648648648,0.6621803499327052,0.9253829688467093,0.7268075502196838,0.08629642474006553
0.8884833738848338,0.6455696202531646,0.6538461538461539,0.6496815286624203,0.9180252951929253,0.7119598437969943,0.09283278244681692
0.8937550689375506,0.6702702702702703,0.6391752577319587,0.6543535620052771,0.922825526130399,0.7274939289054406,0.0874049873999006
0.8998377939983779,0.6337209302325582,0.6430678466076696,0.6383601756954612,0.9154680723885762,0.6928961498444642,0.08885972815886956
0.8905109489051095,0.659400544959128,0.6253229974160207,0.6419098143236074,0.9178321917340005,0.7130789264984074,0.09297744549238313
0.8941605839416058,0.6395348837209303,0.6162464985994398,0.6276747503566333,0.9176704346982985,0.705040275061005,0.08564571119112979
0.8978102189781022,0.6622340425531915,0.6657754010695187,0.664,0.9228599400824122,0.7282124331352915,0.08945545925093182
0.897404703974047,0.6704225352112676,0.6363636363636364,0.6529492455418381,0.9167966073966524,0.6980572465008024,0.08718539271061204
0.8929440389294404,0.6657681940700808,0.6382428940568475,0.6517150395778364,0.919298808187697,0.7215364896860292,0.09005462097579421
0.9067315490673155,0.7057142857142857,0.660427807486631,0.6823204419889503,0.9345482152534228,0.7581892928164098,0.07848474814724919
0.8978102189781022,0.687192118226601,0.6905940594059405,0.6888888888888889,0.9227475487606956,0.7561155470592611,0.08952155371297671
0.9120032441200324,0.6975476839237057,0.7071823204419889,0.7023319615912208,0.9377914732264774,0.7584524624751774,0.0771891112639257
0.8905109489051095,0.6959798994974874,0.6502347417840375,0.6723300970873787,0.9243878302494706,0.7506432319264299,0.08993194174768344
0.8957826439578265,0.6573604060913706,0.6797900262467191,0.6683870967741935,0.9310447704828264,0.7254390521340127,0.08647620546779168
0.8925385239253852,0.659400544959128,0.6335078534031413,0.6461949265687583,0.9210125011305283,0.7181983953533795,0.08665684970644033
0.8937550689375506,0.6649874055415617,0.6717557251908397,0.6683544303797468,0.9142249373687383,0.7181001160763827,0.09341620914734376
0.8949716139497161,0.6557377049180327,0.6434316353887399,0.6495263870094723,0.9162547442067199,0.7129647428208519,0.09023167676185084
0.884022708840227,0.6074270557029178,0.6239782016348774,0.6155913978494624,0.9091444868647715,0.6734661227818974,0.09595374077870383
0.8929440389294404,0.6997518610421837,0.6635294117647059,0.6811594202898551,0.9065360117589416,0.719769111329423,0.09796897519254953
0.9002433090024331,0.6721311475409836,0.6612903225806451,0.6666666666666666,0.9287595896108698,0.7348113084009659,0.08479463154987148
0.8978102189781022,0.6378378378378379,0.6666666666666666,0.6519337016574586,0.9266058359013868,0.7205520363544944,0.08530401357851328
0.8978102189781022,0.6675461741424802,0.6675461741424802,0.6675461741424802,0.9274956288014888,0.7198572385867457,0.08613203028733864
0.8986212489862125,0.6457765667574932,0.6638655462184874,0.6546961325966851,0.9204755396705862,0.7202434045011872,0.08836965525263712
0.8896999188969992,0.6443298969072165,0.6510416666666666,0.6476683937823834,0.9092719340377842,0.6811281866348862,0.09376552148841084
0.8909164639091647,0.6590909090909091,0.660759493670886,0.6599241466498104,0.9273536296902982,0.7366627016552076,0.08976909104461167
0.8832116788321168,0.6527093596059114,0.6432038834951457,0.6479217603911981,0.9146751306945482,0.7199532345306113,0.09598518361864342
0.8905109489051095,0.649867374005305,0.639686684073107,0.6447368421052632,0.9223980275486375,0.7190796315013908,0.08894068541764646
0.8888888888888888,0.6703601108033241,0.6095717884130982,0.6385224274406333,0.9205861262513803,0.728470053980259,0.08821949169793411
0.8901054339010543,0.655,0.6632911392405063,0.6591194968553459,0.9177294647604961,0.7179674979214555,0.0944067977303142
0.9115977291159773,0.6906077348066298,0.702247191011236,0.6963788300835655,0.936076202140689,0.7528289073786467,0.07836293681975762
0.8990267639902676,0.7,0.6523929471032746,0.6753585397653195,0.9195293848377086,0.7386014075505841,0.08828250765952761
0.8978102189781022,0.6810810810810811,0.6528497409326425,0.6666666666666666,0.9201175767237944,0.7315444130872213,0.088472537377648
0.9002433090024331,0.6413043478260869,0.6742857142857143,0.6573816155988857,0.9152862543883338,0.6940214135002254,0.09054996720304637
0.902676399026764,0.6801075268817204,0.6764705882352942,0.67828418230563,0.9263146593593112,0.7364948458187474,0.0850150157607331
0.9063260340632603,0.6761658031088082,0.7111716621253406,0.6932270916334662,0.92761312315583,0.7392956174675064,0.0858217556915876
0.8832116788321168,0.6550868486352357,0.639225181598063,0.6470588235294118,0.9109010731357525,0.6997030638132651,0.09629552394081782
0.8961881589618816,0.675531914893617,0.654639175257732,0.6649214659685864,0.9233452070289632,0.7311349470152015,0.08950011084011547
0.8913219789132197,0.6642685851318945,0.6839506172839506,0.6739659367396593,0.9315470735169911,0.7494435100714775,0.09012385896022514
0.8933495539334956,0.6497326203208557,0.648,0.6488651535380507,0.9252147297943567,0.7155598623977606,0.08788402545317452
0.8929440389294404,0.6444444444444445,0.6304347826086957,0.6373626373626373,0.9204418286566917,0.7216218491079612,0.08787064259564002
0.897404703974047,0.656084656084656,0.6684636118598383,0.6622162883845126,0.9251046967172513,0.7330559180622481,0.08722464731320444
0.8880778588807786,0.6430379746835443,0.6529562982005142,0.6479591836734694,0.9156114278924641,0.7109375934180514,0.0921913346227019
0.8978102189781022,0.6795865633074936,0.6726342710997443,0.6760925449871465,0.9308612454934828,0.7515297001231195,0.08494836172425138
0.9010543390105434,0.712468193384224,0.681265206812652,0.6965174129353234,0.9308931393965226,0.7628929720561644,0.08498637483091188
0.9030819140308192,0.7005649717514124,0.6509186351706037,0.6748299319727891,0.924818570340578,0.7436041497288813,0.08425455009724267
0.897404703974047,0.6815642458100558,0.6370757180156658,0.6585695006747638,0.9284284441124158,0.7325942688462672,0.08464105819907901
0.9022708840227088,0.6906077348066298,0.6596306068601583,0.6747638326585695,0.9299204903327927,0.7330879532657142,0.08354167029893898
0.8913219789132197,0.6271186440677966,0.6201117318435754,0.6235955056179775,0.9135019028335789,0.6897398702243739,0.09033540228894517
0.889294403892944,0.6481012658227848,0.6564102564102564,0.6522292993630573,0.9216725952275084,0.7175802843431661,0.09190687026419031
0.894566098945661,0.6422764227642277,0.6493150684931507,0.6457765667574932,0.9169658284052604,0.713688064961137,0.09066871956422956
0.894566098945661,0.6507936507936508,0.6577540106951871,0.6542553191489362,0.9238095724992588,0.6992630412239461,0.0889625576642992
0.9006488240064883,0.6710875331564987,0.6764705882352942,0.6737683089214381,0.9305630821770738,0.7361269338550703,0.08519745598785196
0.897404703974047,0.6710875331564987,0.662303664921466,0.6666666666666666,0.9276172985901057,0.7496450931335751,0.08423176723392702
0.8986212489862125,0.675,0.6462765957446809,0.6603260869565217,0.9183281584037464,0.6995337952883798,0.08917184857341945
0.8876723438767234,0.6353887399463807,0.626984126984127,0.6311584553928096,0.9140236980275294,0.7055685126021156,0.09507029437978293
0.8901054339010543,0.6741293532338308,0.6593673965936739,0.6666666666666666,0.922396860070684,0.7320462988292219,0.09140409435807453
0.8925385239253852,0.6628242074927954,0.6084656084656085,0.6344827586206897,0.918187070485921,0.7155005810442938,0.08872328757611198
0.9022708840227088,0.6820809248554913,0.6430517711171662,0.6619915848527349,0.9301704587496576,0.7521967204588622,0.08179155538084204
0.9038929440389294,0.7217847769028871,0.6773399014778325,0.6988564167725541,0.9267217466162897,0.759166827767802,0.0870993604467311
0.8969991889699919,0.7040816326530612,0.6666666666666666,0.684863523573201,0.9363211100752418,0.7695666849209396,0.08123233480662279
0.8921330089213301,0.6852367688022284,0.6165413533834586,0.6490765171503958,0.9267302266309216,0.7377690659221227,0.08469081242535667
0.8876723438767234,0.6284153005464481,0.6199460916442049,0.6241519674355496,0.9091817895258252,0.6835571211690189,0.09544335980122112
0.8888888888888888,0.6544502617801047,0.6377551020408163,0.6459948320413437,0.9178138468502155,0.7193828054369018,0.0912592393991201
0.8917274939172749,0.7115902964959568,0.6226415094339622,0.6641509433962264,0.9159501875704544,0.740895989370981,0.08937634105272832
0.8868613138686131,0.6358974358974359,0.6441558441558441,0.64,0.9192845597458763,0.7340393967846799,0.09201404644731731
0.9002433090024331,0.7090909090909091,0.6707616707616708,0.6893939393939394,0.9289521761595584,0.750047035971105,0.08309944043040428
0.889294403892944,0.6193029490616622,0.638121546961326,0.6285714285714286,0.9120866857130854,0.6604805149641872,0.09494966201090121
0.8978102189781022,0.6729222520107239,0.6587926509186351,0.6657824933687002,0.9168602126173078,0.7201957571955466,0.08852662550669303
0.8921330089213301,0.6866096866096866,0.6070528967254408,0.6443850267379679,0.9184616864278123,0.7242583335042699,0.08822826363671707
0.8982157339821574,0.6666666666666666,0.6648936170212766,0.6657789613848203,0.9268451593199634,0.7234181839801332,0.08634195389375057
0.8969991889699919,0.6760204081632653,0.6760204081632653,0.6760204081632653,0.9247473579595773,0.7504161237230784,0.0861887195652123
0.8884833738848338,0.6556962025316456,0.6507537688442211,0.6532156368221942,0.910981406063198,0.7146916906411852,0.095409692772413
0.8986212489862125,0.7008310249307479,0.640506329113924,0.6693121693121693,0.9228599893648882,0.7567180006147445,0.08579692039112805
0.8969991889699919,0.6563380281690141,0.6383561643835617,0.6472222222222223,0.9130929172670549,0.6865369639381047,0.08770127638789438
0.902676399026764,0.6956521739130435,0.6666666666666666,0.6808510638297872,0.9345643711975664,0.7506160369586428,0.08116294063397024
0.8901054339010543,0.6956521739130435,0.6651270207852193,0.680047225501771,0.9221187587258275,0.7508834391200138,0.08826854257418505
0.894566098945661,0.6683673469387755,0.6683673469387755,0.6683673469387755,0.921009387361502,0.7238093673500217,0.09012900409773278
0.8949716139497161,0.6519480519480519,0.6675531914893617,0.6596583442838371,0.9197457497709457,0.7236383166635589,0.09146527834226878
0.9010543390105434,0.6693989071038251,0.6657608695652174,0.667574931880109,0.9237537302607037,0.731495164215543,0.08409288863229096
0.8978102189781022,0.6897435897435897,0.6725,0.6810126582278481,0.9274939496611811,0.7629566279338678,0.08469073474215975
0.8876723438767234,0.6456043956043956,0.6135770234986945,0.6291834002677377,0.9134884035753814,0.7172328119737442,0.09304525104105908
0.8978102189781022,0.6408839779005525,0.655367231638418,0.6480446927374302,0.922656116247218,0.7083026280258072,0.08695904740696613
0.8913219789132197,0.6995073891625616,0.6604651162790698,0.6794258373205742,0.9200678484945402,0.7524630675413482,0.08866070145805137
0.902676399026764,0.7270408163265306,0.6818181818181818,0.7037037037037037,0.9267718301435406,0.7757847171053949,0.08271668714649877
0.8917274939172749,0.6114130434782609,0.6446991404011462,0.6276150627615062,0.9140306402123348,0.6792614324839735,0.09275472008861528
0.8933495539334956,0.6740196078431373,0.6790123456790124,0.6765067650676507,0.9181974470022343,0.7225631913551486,0.09297019052112317
0.8937550689375506,0.6573816155988857,0.6293333333333333,0.6430517711171662,0.9172886975928584,0.71333575852839,0.08933867931874628
0.8982157339821574,0.6811989100817438,0.6510416666666666,0.6657789613848203,0.9268994656580211,0.7303928878354884,0.08397331099527333
0.9111922141119222,0.711864406779661,0.6829268292682927,0.6970954356846473,0.9327313635558865,0.7470377360673973,0.07724718147297263
0.8929440389294404,0.6449704142011834,0.6022099447513812,0.6228571428571429,0.9130149360334432,0.6919184713939742,0.08914874002320011
0.902676399026764,0.7108108108108108,0.6641414141414141,0.6866840731070496,0.9276057678231591,0.7590669750102981,0.08302740698764488
0.8901054339010543,0.6057441253263708,0.6590909090909091,0.6312925170068027,0.9123726025629999,0.6668080061185473,0.09390607789300212
0.8965936739659367,0.646112600536193,0.6620879120879121,0.6540027137042063,0.9255836931859768,0.7069998418112278,0.08757067618820942
0.8937550689375506,0.6898263027295285,0.6698795180722892,0.6797066014669927,0.9265030869455394,0.7403823248104151,0.08736384336820381
0.8925385239253852,0.649616368286445,0.6649214659685864,0.6571798188874515,0.9134027896413461,0.7085899889964465,0.09379980412751063
0.9006488240064883,0.6684350132625995,0.6774193548387096,0.6728971962616822,0.9257992626141254,0.7479586509889166,0.08839001339173984
0.9047039740470397,0.6900269541778976,0.6808510638297872,0.6854082998661312,0.9278733584444671,0.7517642817320768,0.08236948792267575
0.8909164639091647,0.6071428571428571,0.5982404692082112,0.6026587887740029,0.9072085561497326,0.6720795345144854,0.0917905498257925
0.8876723438767234,0.6649076517150396,0.6268656716417911,0.645326504481434,0.9179622719734659,0.721468605061011,0.0905142707346121
0.9010543390105434,0.6561679790026247,0.6887052341597796,0.6720430107526881,0.9212878362145642,0.7254415526935722,0.09145873388916437
0.8884833738848338,0.6624685138539043,0.650990099009901,0.6566791510611736,0.921790821177171,0.7254628489651362,0.09042476389509765
0.8978102189781022,0.7027027027027027,0.6467661691542289,0.6735751295336787,0.9238147923174824,0.7554227135563527,0.08633153733271241
0.9030819140308192,0.7027027027027027,0.7079207920792079,0.7053020961775586,0.9321635728073292,0.7518851414586452,0.08372618202142164
0.9095701540957015,0.7138810198300283,0.6737967914438503,0.6932599724896836,0.9351898242349259,0.7604751578781209,0.07877496479910416
0.8990267639902676,0.6454293628808865,0.6581920903954802,0.6517482517482518,0.9177607644239,0.6968829618104879,0.0892225998899801
0.897404703974047,0.7008086253369272,0.6467661691542289,0.6727037516170763,0.9309159146129816,0.758927578392452,0.08559375668096814
0.8917274939172749,0.6353591160220995,0.6301369863013698,0.6327372764786795,0.9141582938326824,0.7003321341565834,0.0914681871355945
0.8961881589618816,0.706989247311828,0.6414634146341464,0.6726342710997443,0.9199440068330644,0.7345789523702166,0.08789511500763045
0.8953771289537713,0.6801007556675063,0.6733167082294265,0.6766917293233082,0.9239467916166002,0.7381675061696538,0.09016867550951896
0.8925385239253852,0.6724565756823822,0.6707920792079208,0.6716232961586122,0.9230680585032316,0.7279580933204021,0.09000781357153909
0.9059205190592052,0.6942148760330579,0.675603217158177,0.6847826086956522,0.9339339993262362,0.7403274704472074,0.0784554250277759
0.897404703974047,0.6586666666666666,0.6639784946236559,0.6613119143239625,0.9249237452629633,0.7295781292009642,0.08668854734823234
0.9010543390105434,0.712707182320442,0.6482412060301508,0.6789473684210526,0.9261442609566206,0.7494207289634839,0.08387148973726592
0.8957826439578265,0.6808510638297872,0.6513994910941476,0.6657997399219766,0.9216461741842594,0.7385449813819682,0.08741982907321766
0.902676399026764,0.66,0.65625,0.6581196581196581,0.9153599918293628,0.7165770603127635,0.08827363858919202
0.9002433090024331,0.6649214659685864,0.6827956989247311,0.6737400530503979,0.9260123650778979,0.7285208938769869,0.08678231478742489
0.8929440389294404,0.6666666666666666,0.6564885496183206,0.6615384615384615,0.9252978744036069,0.730896320991347,0.08841222860710098
0.9047039740470397,0.6747311827956989,0.6876712328767123,0.6811397557666214,0.9254771048359229,0.7352468078390823,0.08597683175838466
0.9063260340632603,0.7198795180722891,0.6339522546419099,0.6741889985895627,0.9297367923174694,0.7497664085060535,0.07966492394632162
0.8941605839416058,0.6853333333333333,0.6425,0.6632258064516129,0.9227408034849952,0.7219672260735257,0.08913126263130694
0.9018653690186537,0.6610644257703081,0.6610644257703081,0.6610644257703081,0.9214729988723798,0.7190096040534827,0.08630163255716924
0.8933495539334956,0.5905292479108635,0.6463414634146342,0.6171761280931587,0.9062492870017568,0.6733276188831679,0.09229178557957479
0.8872668288726683,0.6539440203562341,0.6441102756892231,0.648989898989899,0.9155023504576634,0.711784677138478,0.09431227765989686
0.8969991889699919,0.638961038961039,0.6814404432132964,0.6595174262734584,0.9201544929958351,0.6982704378188801,0.09078861442698817
0.8982157339821574,0.6615384615384615,0.6843501326259946,0.6727509778357236,0.9319245815837156,0.7515549236957422,0.08529718940284464
0.8982157339821574,0.6902887139107612,0.6641414141414141,0.676962676962677,0.9259381252134876,0.7480552645397203,0.08528457952587944
0.9034874290348743,0.6390532544378699,0.6506024096385542,0.6447761194029851,0.9264193606666591,0.710214002286661,0.08382067307796301
0.9022708840227088,0.652542372881356,0.66189111747851,0.6571834992887624,0.9254703024905493,0.7202307568150296,0.08496448539181663
0.9030819140308192,0.6916890080428955,0.675392670157068,0.6834437086092715,0.9244945282431087,0.7454025006338683,0.08556795900370373
0.9030819140308192,0.6974358974358974,0.6921119592875318,0.6947637292464879,0.9284954135872707,0.7568972812882084,0.0848631852552901
0.8965936739659367,0.6966580976863753,0.6642156862745098,0.6800501882057717,0.9302054154995332,0.7683936899044089,0.08470947388473486
0.907948094079481,0.6798866855524079,0.6779661016949152,0.6789250353606789,0.9310985918507106,0.7351154008448022,0.08167836206414558
0.9014598540145985,0.680327868852459,0.664,0.6720647773279352,0.9268611509644508,0.7483863131503793,0.08285688984593154
0.8961881589618816,0.6511627906976745,0.6222222222222222,0.6363636363636364,0.9299593753297457,0.7363669025307864,0.08206789948719723
0.8949716139497161,0.6470588235294118,0.6558265582655827,0.6514131897711979,0.9225025297463275,0.7128030140642522,0.08722531232395506
0.9051094890510949,0.6685236768802229,0.676056338028169,0.6722689075630253,0.9283951935201926,0.7490727107534768,0.08339071257281097
0.8998377939983779,0.6507936507936508,0.6814404432132964,0.6657645466847091,0.9249774642882991,0.7253092383516464,0.08726007673341117
0.8998377939983779,0.6824146981627297,0.6735751295336787,0.6779661016949152,0.9290703467516939,0.7394097898440429,0.08525010693706554
0.8888888888888888,0.6368159203980099,0.6666666666666666,0.6513994910941476,0.925850044028178,0.7162951148791938,0.09113930861785292
0.8941605839416058,0.6569148936170213,0.6517150395778364,0.6543046357615894,0.9208620268959876,0.7180668113523406,0.08863198439678033
0.902676399026764,0.670487106017192,0.6518105849582173,0.6610169491525424,0.9247738999726339,0.7283696440014595,0.08326508995111767
0.9042984590429846,0.6906077348066298,0.6684491978609626,0.6793478260869565,0.9304442183617755,0.7363577611873511,0.08385933267293401
0.8982157339821574,0.6827195467422096,0.6342105263157894,0.6575716234652115,0.9217363879497401,0.720632037368599,0.0852293983901354
0.9103811841038119,0.6791907514450867,0.6811594202898551,0.6801736613603473,0.9238874197978804,0.7559765799601579,0.08400216582138523
0.9030819140308192,0.6802030456852792,0.7034120734908137,0.6916129032258065,0.9349673017491518,0.7636988535096809,0.0831532187086925
0.9018653690186537,0.723404255319149,0.6634146341463415,0.6921119592875318,0.9264318591629496,0.7661098054707484,0.08359507278135955
0.8929440389294404,0.635,0.6827956989247311,0.6580310880829016,0.9199992811001221,0.7206972314305587,0.08936236378301625
0.9067315490673155,0.6955380577427821,0.6992084432717678,0.6973684210526315,0.9384466979277422,0.758392309256985,0.07926039462336637
0.8986212489862125,0.6682692307692307,0.7128205128205128,0.6898263027295285,0.9297724914776938,0.7330584244900538,0.08871142962166773
0.8901054339010543,0.6657824933687002,0.6338383838383839,0.6494178525226391,0.9148965500414776,0.697348714427626,0.09176746540431208
0.8888888888888888,0.6363636363636364,0.6193029490616622,0.6277173913043478,0.91746393250065,0.6911447854221245,0.09045418766154813
0.8994322789943228,0.6909090909090909,0.6734177215189874,0.6820512820512821,0.9252058260853621,0.7421493557708588,0.08674733731759747
0.8925385239253852,0.6666666666666666,0.5978835978835979,0.6304044630404463,0.9142112144985708,0.6960771256431805,0.08906309697485115
0.8913219789132197,0.6557377049180327,0.6282722513089005,0.6417112299465241,0.922013646732522,0.7205507605401812,0.08617718155846112
0.9030819140308192,0.6871508379888268,0.6595174262734584,0.6730506155950753,0.9165544794405966,0.715934258307563,0.08719338926143244
0.8921330089213301,0.6787564766839378,0.6485148514851485,0.6632911392405063,0.9194032036569322,0.7336929024776918,0.09075091836810113
0.8982157339821574,0.6821917808219178,0.6484375,0.664886515353805,0.9180700648414986,0.7129268266109839,0.08966336966511536
0.9071370640713706,0.7021857923497268,0.6816976127320955,0.6917900403768507,0.9261789365287162,0.7441854225028351,0.08259059434655872
0.8876723438767234,0.6576819407008087,0.6192893401015228,0.6379084967320261,0.9115447935244889,0.6974908186424097,0.09376511945347807
0.8856447688564477,0.6108247422680413,0.6440217391304348,0.626984126984127,0.9125487006258548,0.6928362964675406,0.0966865041578834
0.9022708840227088,0.6891891891891891,0.6692913385826772,0.6790945406125166,0.9252390213813201,0.7567670088740633,0.08285842047409832
0.8917274939172749,0.6469002695417789,0.6382978723404256,0.642570281124498,0.9179311310190369,0.7073779448443139,0.0918717362659003
0.8957826439578265,0.6585365853658537,0.6497326203208557,0.6541049798115747,0.9213147104835329,0.713375505748528,0.08856592886404177
0.9030819140308192,0.7184986595174263,0.6666666666666666,0.6916129032258065,0.935273969300783,0.7736596723639177,0.07865248503756843
0.9038929440389294,0.6638418079096046,0.6657223796033994,0.6647807637906648,0.9186822704182527,0.7096328326257453,0.08938674598571494
0.9051094890510949,0.7154696132596685,0.6641025641025641,0.6888297872340425,0.922309915518008,0.744605959030704,0.08640551870706215
0.8913219789132197,0.6763925729442971,0.6359102244389028,0.6555269922879178,0.9189326924818704,0.7348376239221374,0.08877550899457799
0.8872668288726683,0.5995203836930456,0.6925207756232687,0.6426735218508998,0.9214796586415408,0.7048564448472743,0.09516921211224817
0.8982157339821574,0.6895674300254453,0.6775,0.6834804539722572,0.9240984995159729,0.7438830000669112,0.08611307387209846
0.8896999188969992,0.6846153846153846,0.6418269230769231,0.6625310173697271,0.9188367729831144,0.7379555170685087,0.09009431734772841
0.9034874290348743,0.6834733893557423,0.6612466124661247,0.6721763085399449,0.9311624685154816,0.7468980926376256,0.08221836119897782
0.8909164639091647,0.6621983914209115,0.6333333333333333,0.6474442988204456,0.9137592016204733,0.7140598696475797,0.09120576677986209
0.9075425790754258,0.7115902964959568,0.6857142857142857,0.6984126984126984,0.9327845628662543,0.7628707282942149,0.08140682941377264
0.8933495539334956,0.6542553191489362,0.6490765171503958,0.6516556291390728,0.9193347939815898,0.7256440082843421,0.08944171025872732
0.8994322789943228,0.6837837837837838,0.6588541666666666,0.6710875331564987,0.922576699087416,0.720505154096375,0.08714938872657187
0.902676399026764,0.7054263565891473,0.6842105263157895,0.6946564885496184,0.9340610840114316,0.7640567969167489,0.0840898957156792
0.8969991889699919,0.6475409836065574,0.6546961325966851,0.6510989010989011,0.925121578471945,0.7278682653505203,0.08882088822276965
0.8937550689375506,0.7038961038961039,0.6467780429594272,0.6741293532338308,0.9225328876416153,0.7470866322573839,0.08841012808511237
0.897404703974047,0.725,0.6289156626506024,0.6735483870967742,0.9240382299554141,0.7421967370772847,0.08404876439716592
0.9034874290348743,0.7005347593582888,0.6752577319587629,0.6876640419947506,0.923033894605241,0.7517316367235776,0.08455349377147406
0.9091646390916464,0.7243401759530792,0.6551724137931034,0.6880222841225627,0.9315436548397378,0.7558202503965005,0.07626551345368245
0.9006488240064883,0.6666666666666666,0.6079545454545454,0.6359583952451708,0.9189064247011267,0.7021119633283365,0.08391419740694604
0.8990267639902676,0.6764705882352942,0.6640419947506562,0.6701986754966888,0.9211981595825701,0.7170684741528408,0.08995452277869127
0.8884833738848338,0.6449864498644986,0.6230366492146597,0.6338215712383488,0.9124770125915728,0.7033301794822857,0.09315281919585228
0.8933495539334956,0.6989528795811518,0.6433734939759036,0.6700125470514429,0.9218283176587383,0.7474057309096824,0.08888935322397552
0.8990267639902676,0.7063492063492064,0.6592592592592592,0.6819923371647509,0.9205204233831115,0.7415609852673932,0.08626560205137779
0.9051094890510949,0.7046632124352331,0.6938775510204082,0.699228791773779,0.9300597288095566,0.7665125904589681,0.08208856341358925
0.902676399026764,0.6851851851851852,0.6815789473684211,0.683377308707124,0.9235769793611547,0.730395907861993,0.08800031080726947
0.8978102189781022,0.6676056338028169,0.6388140161725068,0.6528925619834711,0.9239390411002966,0.7358692361647424,0.08584291119484833
0.9038929440389294,0.6611111111111111,0.6742209631728046,0.667601683029453,0.9289291033920597,0.7383274840937812,0.08276745532986617
0.8961881589618816,0.6972010178117048,0.6666666666666666,0.681592039800995,0.9189467265763286,0.7235644445538176,0.08912770301760432
0.8982157339821574,0.6253776435045317,0.6197604790419161,0.6225563909774436,0.917277078113941,0.6775627262262204,0.0862590243237284
0.8949716139497161,0.6422535211267606,0.6333333333333333,0.6377622377622377,0.912037037037037,0.7026005596348678,0.09144573864423068
0.9132197891321979,0.7183908045977011,0.6830601092896175,0.7002801120448179,0.9295107988550612,0.7537172028072524,0.07998570818584175
0.8949716139497161,0.671957671957672,0.6529562982005142,0.6623207301173403,0.9259622775087164,0.7338833563630673,0.08855265539370971
0.9067315490673155,0.6997319034852547,0.6886543535620053,0.6941489361702128,0.9294350123202688,0.7530698227207976,0.08115562588496382
0.8868613138686131,0.6426666666666667,0.6243523316062176,0.633377135348226,0.9124140593862097,0.6902474905479093,0.09344630745052136
0.897404703974047,0.659846547314578,0.6825396825396826,0.6710013003901171,0.912631261529729,0.729690468866972,0.09164145171549704
0.8949716139497161,0.6694915254237288,0.6253298153034301,0.6466575716234653,0.9232236751444107,0.7247187430995865,0.08653604880982736
0.8994322789943228,0.6864406779661016,0.6394736842105263,0.662125340599455,0.9227557147903316,0.7137310437090496,0.0871080696226008
0.8994322789943228,0.670299727520436,0.6595174262734584,0.6648648648648648,0.92930731699819,0.7373120963433041,0.08637806098525751
0.8896999188969992,0.6476683937823834,0.6476683937823834,0.6476683937823834,0.9165840474292548,0.7006968436862009,0.09266986537515934
0.897404703974047,0.6623376623376623,0.6746031746031746,0.6684141546526867,0.9263516389953171,0.7447288094799168,0.08653377214706567
0.9034874290348743,0.6826666666666666,0.6826666666666666,0.6826666666666666,0.9281377331420373,0.747137348897567,0.08371033033951097
0.8949716139497161,0.6385869565217391,0.6509695290858726,0.644718792866941,0.921754693020838,0.6989424384365943,0.08791152814937873
0.894566098945661,0.7010309278350515,0.6538461538461539,0.6766169154228856,0.9165091463414634,0.7438199854490428,0.09023471878986963
0.8860502838605029,0.6356968215158925,0.6632653061224489,0.6491885143570537,0.914089406254305,0.7090461168448737,0.09525091616696704
0.8990267639902676,0.6675977653631285,0.6476964769647696,0.657496561210454,0.9242032429861733,0.7247335224559602,0.0860504567832943
0.8933495539334956,0.7142857142857143,0.6496519721577726,0.6804374240583232,0.9284345302906789,0.7772281683544059,0.0855684360554183
0.902676399026764,0.7052631578947368,0.6767676767676768,0.6907216494845361,0.9229273410432831,0.746657630954507,0.0864241800891744
0.8953771289537713,0.6876574307304786,0.6707616707616708,0.6791044776119403,0.9224570501889588,0.7565570060008902,0.08852892134562108
0.8969991889699919,0.6577540106951871,0.6612903225806451,0.6595174262734584,0.9156602068377648,0.7185198732556238,0.08970592150399175
0.8965936739659367,0.6684782608695652,0.6490765171503958,0.6586345381526104,0.9264601952279028,0.7392924538046641,0.08397594087880997
0.8921330089213301,0.654054054054054,0.6368421052631579,0.6453333333333333,0.914908916586769,0.6958795798702833,0.09023759415916399
0.8901054339010543,0.6547619047619048,0.685785536159601,0.6699147381242387,0.9233562582647498,0.7344319372855175,0.09132372563233893
0.894566098945661,0.6527415143603134,0.6631299734748011,0.6578947368421053,0.9232877025419242,0.7197388776878093,0.0883078952675486
0.8880778588807786,0.6507042253521127,0.6031331592689295,0.6260162601626016,0.917425534821864,0.6986402736517279,0.0906410421232586
0.8961881589618816,0.6527777777777778,0.6420765027322405,0.6473829201101928,0.9197215716887848,0.7234706891138825,0.08714235708290859
0.8978102189781022,0.6783783783783783,0.6536458333333334,0.6657824933687002,0.9181963956932437,0.7360928716717204,0.08665147183946598
0.8990267639902676,0.6758241758241759,0.6525198938992043,0.6639676113360324,0.9291095329457193,0.7463937121441478,0.0838570969439769
0.8961881589618816,0.7063492063492064,0.6480582524271845,0.6759493670886076,0.9196831188965882,0.7614935144406205,0.08765962457375703
0.8986212489862125,0.710455764075067,0.6511056511056511,0.6794871794871795,0.9238782691915279,0.7491123384045095,0.08516292369642331
0.8937550689375506,0.6775956284153005,0.6326530612244898,0.6543535620052771,0.9238740578198492,0.737835234279329,0.08647109527454823
0.894566098945661,0.6813186813186813,0.6326530612244898,0.656084656084656,0.9177523468403754,0.7276069238276203,0.0894947177566667
0.8909164639091647,0.6792929292929293,0.6545012165450121,0.6666666666666666,0.9307889486801524,0.7617089964359781,0.08693643847911862
0.8884833738848338,0.6375661375661376,0.6358839050131926,0.6367239101717305,0.9202071372853434,0.6842375335338643,0.09275639161377117
0.8913219789132197,0.656084656084656,0.6424870466321243,0.6492146596858639,0.920604573535273,0.7121423383007722,0.09102591020033314
0.9030819140308192,0.6509695290858726,0.6752873563218391,0.6629055007052186,0.9275110438170906,0.7361014991206257,0.08115689484880148
0.8937550689375506,0.6307277628032345,0.6518105849582173,0.6410958904109589,0.9191565983133554,0.6927769298208408,0.08859965080554184
0.8896999188969992,0.6095717884130982,0.6740947075208914,0.6402116402116402,0.9200912728892814,0.7070906322583488,0.0926269022940375
0.8913219789132197,0.6584022038567493,0.6240208877284595,0.6407506702412868,0.9139559457450529,0.6993195489190424,0.09193400094826075
0.8791565287915653,0.6377551020408163,0.6157635467980296,0.6265664160401002,0.9181584485149936,0.7062783215727626,0.09340406255333018
0.9002433090024331,0.6897506925207756,0.6501305483028721,0.6693548387096774,0.9277026883048024,0.7363912646710523,0.0839915236439652
0.9002433090024331,0.717032967032967,0.6460396039603961,0.6796875,0.9242504633586541,0.749394463891585,0.08403913582480207
0.8852392538523925,0.6666666666666666,0.6295399515738499,0.6475716064757161,0.9110909564813319,0.7184824047700951,0.09430148258535226
0.9042984590429846,0.6850393700787402,0.6923076923076923,0.6886543535620053,0.9286689276785182,0.7484900949832577,0.08434579342176356
0.8982157339821574,0.7142857142857143,0.6388206388206388,0.6744487678339819,0.9296932147830641,0.7587080357927687,0.08271474658960515
0.9006488240064883,0.6925207756232687,0.6510416666666666,0.6711409395973155,0.9275086055075249,0.7381901797208795,0.08390878963316836
0.8949716139497161,0.6609756097560976,0.6930946291560103,0.6766541822721598,0.9266311280929345,0.7387146451199766,0.08994105961761441
0.8937550689375506,0.6602739726027397,0.6358839050131926,0.6478494623655914,0.9239480993662236,0.7363358418064606,0.0855502156721115
0.8990267639902676,0.6719160104986877,0.6736842105263158,0.6727989487516426,0.9270096381894333,0.7342318676879848,0.08771627865434066
0.8929440389294404,0.6330749354005168,0.667574931880109,0.649867374005305,0.9197801470273246,0.7112884018601536,0.09031249685553114
0.8824006488240065,0.6389684813753582,0.5762273901808785,0.6059782608695652,0.9136510919456655,0.6880648236267228,0.09174292330835948
0.8933495539334956,0.6136986301369863,0.6473988439306358,0.630098452883263,0.9220171229141674,0.69100434098682,0.08919963083139783
0.8929440389294404,0.651595744680851,0.6481481481481481,0.649867374005305,0.9176967402542116,0.7188377884108615,0.09074913718583283
0.9136253041362531,0.7142857142857143,0.72,0.7171314741035857,0.93106456241033,0.7614848695888216,0.08119505112630392
0.8921330089213301,0.6348773841961853,0.6383561643835617,0.6366120218579235,0.9142391424827055,0.6967687608318521,0.0928244292439494
0.9014598540145985,0.6676557863501483,0.6320224719101124,0.6493506493506493,0.9228233665264391,0.7278978167344294,0.08408474287922549
0.8913219789132197,0.672972972972973,0.6287878787878788,0.6501305483028721,0.9222368613672961,0.7103247269991589,0.0872341855584185
0.8949716139497161,0.6836461126005362,0.6439393939393939,0.6631989596879063,0.9178829356365588,0.7267306570046823,0.08912260668311055
0.8957826439578265,0.6552706552706553,0.6284153005464481,0.6415620641562064,0.9171649752797293,0.6994794479852473,0.08899851528782585
0.8933495539334956,0.6736292428198434,0.6515151515151515,0.6623876765083441,0.9238691260430392,0.7260300146189851,0.08803735270835014
0.8978102189781022,0.6453333333333333,0.6703601108033241,0.657608695652174,0.93397332561307,0.7402214448207571,0.08234174683297904
0.9034874290348743,0.6829971181556196,0.6493150684931507,0.6657303370786517,0.9269089083476232,0.7381146491809024,0.08352726935702444
0.8953771289537713,0.6106666666666667,0.6715542521994134,0.6396648044692738,0.9207590132827325,0.6799255642394477,0.09005080810233075
0.897404703974047,0.6869806094182825,0.6391752577319587,0.6622162883845126,0.918020648323626,0.726337066842002,0.08902628242326588
0.8925385239253852,0.645083932853717,0.6968911917098446,0.6699875466998755,0.9283442108409725,0.7464352144235997,0.08985627693112452
0.8921330089213301,0.6639784946236559,0.6365979381443299,0.65,0.9234047408789181,0.7281514572008414,0.08755005238517559
0.8917274939172749,0.650990099009901,0.6760925449871465,0.6633039092055486,0.918748986636599,0.7162085150913392,0.09477918025480912
0.9034874290348743,0.6602209944751382,0.6751412429378532,0.6675977653631285,0.9358053522513268,0.7321656094943254,0.08299254785658276
0.8876723438767234,0.683046683046683,0.6525821596244131,0.6674669867947179,0.9247479977906655,0.7626269184066949,0.08920828891011261
0.8913219789132197,0.6737400530503979,0.6365914786967418,0.654639175257732,0.921236327393229,0.7285119154423187,0.08979291225305883
0.8978102189781022,0.6303724928366762,0.641399416909621,0.6358381502890174,0.9135251974418729,0.6741542979875461,0.08889202598745896
0.8941605839416058,0.6598240469208211,0.6081081081081081,0.6329113924050633,0.9163271095523003,0.699275709394663,0.08957097528351234
0.8990267639902676,0.6487252124645893,0.6468926553672316,0.6478076379066479,0.9162600582092107,0.7028256631125026,0.09055998086371247
0.8905109489051095,0.6268221574344023,0.6022408963585434,0.6142857142857143,0.9022569672724472,0.6583809378091209,0.09538247156493752
0.8986212489862125,0.6962750716332379,0.627906976744186,0.6603260869565217,0.927733095691752,0.7322900502250538,0.08105857160991826
0.8953771289537713,0.6950354609929078,0.6950354609929078,0.6950354609929078,0.9236451748402259,0.7710446693796299,0.08918847858890568
0.8876723438767234,0.6338383838383839,0.6553524804177546,0.6444159178433889,0.9168188581191268,0.7138660363461615,0.09180122827658994
0.8824006488240065,0.6380208333333334,0.6186868686868687,0.6282051282051282,0.9077001903088859,0.7006511345507701,0.09641167212485155
0.9083536090835361,0.6857923497267759,0.6933701657458563,0.6895604395604396,0.9274139760099154,0.7436600434574437,0.07978821406384669
0.8978102189781022,0.6628242074927954,0.6301369863013698,0.6460674157303371,0.9250233091874058,0.7152260451382683,0.08438869582738409
0.902676399026764,0.656084656084656,0.6927374301675978,0.6739130434782609,0.9293367644408638,0.7337413610644486,0.0862745397233294
0.8978102189781022,0.6756756756756757,0.6544502617801047,0.6648936170212766,0.9273246173789832,0.7445395900383316,0.08469140228365422
0.8937550689375506,0.6827956989247311,0.6381909547738693,0.6597402597402597,0.9136312607525052,0.7261122029331661,0.09269412652240948
0.9018653690186537,0.6735751295336787,0.6914893617021277,0.6824146981627297,0.9295441820217856,0.7479541986175269,0.08669193324326994
0.8929440389294404,0.6132596685082873,0.6416184971098265,0.6271186440677966,0.9138946449994547,0.6829202729198373,0.09047045521848264
0.8888888888888888,0.6737967914438503,0.6237623762376238,0.6478149100257069,0.9136664393888467,0.7168694310547721,0.09053536730712856
0.8905109489051095,0.6675977653631285,0.6128205128205129,0.6390374331550802,0.9210081023664838,0.7381413823739578,0.08979907719347399
0.8856447688564477,0.6380697050938338,0.6181818181818182,0.6279683377308707,0.9168107241149048,0.6981515526041395,0.09150775255011082
0.889294403892944,0.6684073107049608,0.6368159203980099,0.6522292993630573,0.9183298623163254,0.7244251900404721,0.09227867855124365
0.9071370640713706,0.6846590909090909,0.6713091922005571,0.6779184247538678,0.916841725353742,0.7151349581599941,0.08462596191025219
0.8852392538523925,0.6370757180156658,0.6288659793814433,0.6329442282749675,0.9062503100721351,0.6881182859897077,0.09790308136761167
0.9006488240064883,0.6426512968299711,0.6482558139534884,0.6454413892908828,0.9251802818753698,0.7168837227187125,0.08405173477483319
0.8937550689375506,0.6454293628808865,0.6348773841961853,0.6401098901098901,0.9148926503213546,0.7168766761688468,0.09100107476538706
0.9067315490673155,0.6866485013623979,0.6866485013623979,0.6866485013623979,0.9265590335608106,0.7326838996140564,0.084598119753678
0.9010543390105434,0.650137741046832,0.6685552407932012,0.659217877094972,0.9251443579406586,0.7306133986983617,0.08452788897474656
0.8978102189781022,0.6556122448979592,0.6871657754010695,0.6710182767624021,0.9207178351959591,0.7174385360796242,0.08923634298494892
0.8905109489051095,0.6595744680851063,0.6358974358974359,0.6475195822454308,0.9161120992045848,0.7185284704205156,0.08979808808392695
0.8986212489862125,0.6721763085399449,0.6506666666666666,0.6612466124661247,0.9258409054678782,0.7235722399704193,0.08601186015194164
0.8868613138686131,0.6553398058252428,0.6633906633906634,0.6593406593406593,0.9249772974882251,0.7350812450266943,0.09180399678143308
0.9030819140308192,0.6713483146067416,0.6620498614958449,0.6666666666666666,0.9216415209795962,0.7145669588483172,0.08575365554172676
0.8982157339821574,0.6692307692307692,0.6814621409921671,0.6752910737386805,0.9245502256862405,0.7320987130803719,0.0875256823870693
0.8949716139497161,0.6581920903954802,0.628032345013477,0.6427586206896552,0.9193947854280182,0.7237874252424211,0.08696935360314986
0.8824006488240065,0.6222222222222222,0.6478149100257069,0.6347607052896725,0.9047036151855368,0.6867951035813172,0.10159787932436408
0.8921330089213301,0.6574307304785895,0.6675191815856778,0.6624365482233503,0.9231084953625242,0.7231097696967332,0.09172368632818426
0.8990267639902676,0.701058201058201,0.6608478802992519,0.6803594351732991,0.9310211154921413,0.7593943866000463,0.08386657234406322
0.8941605839416058,0.705607476635514,0.6910755148741419,0.6982658959537572,0.9293708052461278,0.7559613108088403,0.0879853136772154
0.9002433090024331,0.7075208913649025,0.6430379746835443,0.6737400530503979,0.9263976920585054,0.7309294311142387,0.08412125656138371
0.8965936739659367,0.6256410256410256,0.6912181303116147,0.6567967698519516,0.9255063420964782,0.7146248945994405,0.08938015377762205
0.8953771289537713,0.6823204419889503,0.6333333333333333,0.6569148936170213,0.9222753322464305,0.7185589133987614,0.08653319994990206
0.8905109489051095,0.6710875331564987,0.6340852130325815,0.6520618556701031,0.921788021092887,0.7394436344940536,0.08827009912242344
0.8929440389294404,0.6745406824146981,0.6473551637279596,0.6606683804627249,0.9190947573207952,0.723110103221052,0.08806071508156378
0.9038929440389294,0.6954314720812182,0.7007672634271099,0.6980891719745222,0.9277897266816626,0.7647654723224625,0.08712913464749322
0.8953771289537713,0.6586666666666666,0.6551724137931034,0.6569148936170213,0.9244634964250025,0.7335038288480524,0.08564166471077532
0.8961881589618816,0.6532258064516129,0.6567567567567567,0.6549865229110512,0.9266376108933361,0.717117024085666,0.08665171421766353
0.8884833738848338,0.6675062972292192,0.6495098039215687,0.6583850931677019,0.9197095504868613,0.7194710970027892,0.0918604606361036
0.8994322789943228,0.6388059701492538,0.6275659824046921,0.6331360946745562,0.9243470760738313,0.7124508380677402,0.08207869560513666
0.889294403892944,0.6246575342465753,0.6263736263736264,0.6255144032921811,0.9170517874133478,0.6947669429980917,0.0918976077223791
0.8884833738848338,0.6124661246612466,0.6312849162011173,0.6217331499312242,0.9208296672426405,0.6911281875550771,0.08895164098910945
0.902676399026764,0.7150837988826816,0.649746192893401,0.6808510638297872,0.927624551672775,0.7532323592941962,0.08205823401828342
0.9051094890510949,0.6929347826086957,0.6781914893617021,0.6854838709677419,0.9257800570090604,0.7383448517662056,0.08556588100359669
0.8957826439578265,0.6694915254237288,0.6286472148541115,0.6484268125854993,0.9211214991245034,0.7212517988737887,0.08622457367130792
0.8884833738848338,0.625748502994012,0.5821727019498607,0.6031746031746031,0.9096379887706848,0.6793386056532817,0.09136844194595023
0.8994322789943228,0.7093333333333334,0.6567901234567901,0.6820512820512821,0.9276343139192889,0.7401753849888748,0.08415276326474094
0.8896999188969992,0.6846153846153846,0.6418269230769231,0.6625310173697271,0.9143269230769231,0.7332473988785546,0.09476777522040195
0.8759124087591241,0.6172839506172839,0.6234413965087282,0.6203473945409429,0.9118523304329973,0.7033924767112041,0.09973991447584771
0.8852392538523925,0.6729222520107239,0.6092233009708737,0.6394904458598726,0.9161026082188674,0.7304140004986661,0.09086467362805349
0.8990267639902676,0.6977329974811083,0.6822660098522167,0.6899128268991283,0.9224843368884212,0.7488585085564666,0.08732421455317711
0.8844282238442822,0.6180048661800487,0.6649214659685864,0.6406052963430012,0.9136238707278592,0.7076931851928588,0.09785441257050413
0.8880778588807786,0.6536585365853659,0.6666666666666666,0.6600985221674877,0.9234905896872228,0.7344975885976932,0.09096193568608098
0.8949716139497161,0.6693766937669376,0.6432291666666666,0.6560424966799469,0.9240151196765931,0.7287595472659197,0.08739222481119267
0.889294403892944,0.662269129287599,0.6338383838383839,0.6477419354838709,0.9215232030449422,0.728583313053074,0.08820760882066675
0.8961881589618816,0.6649076517150396,0.6614173228346457,0.6631578947368421,0.9196220975975126,0.7027343098268285,0.08819635994322615
0.8921330089213301,0.6929133858267716,0.639225181598063,0.6649874055415617,0.9234829087297983,0.7318588849407902,0.08798204950082113
0.8978102189781022,0.6975,0.6804878048780488,0.6888888888888889,0.9228468729239822,0.7296570783089878,0.0892634330347187
0.8925385239253852,0.6536458333333334,0.6553524804177546,0.6544980443285529,0.9206506983676135,0.7248124084501142,0.08730134565715546
0.9087591240875912,0.7094240837696335,0.7038961038961039,0.7066492829204694,0.9347528972709175,0.7552414877556163,0.08055393895732021
0.8978102189781022,0.6802030456852792,0.6802030456852792,0.6802030456852792,0.9272301217098171,0.7364361460508978,0.08841458590147372
0.9042984590429846,0.6886543535620053,0.6886543535620053,0.6886543535620053,0.9258407050556718,0.7560741445401509,0.08346754502483411
0.9067315490673155,0.6711229946524064,0.7011173184357542,0.6857923497267759,0.9329582436687055,0.7341067552837174,0.0809189124727039
0.883617193836172,0.6231527093596059,0.6537467700258398,0.6380832282471627,0.9099820650208247,0.6913059380268105,0.09751189787372312
0.9006488240064883,0.7026315789473684,0.6691729323308271,0.6854942233632862,0.9249247938423708,0.7450032688355847,0.08803349745248774
0.8913219789132197,0.6376021798365122,0.6341463414634146,0.6358695652173914,0.916287689343274,0.6995918534054312,0.09129546174970363
0.9006488240064883,0.6675392670157068,0.6836461126005362,0.6754966887417219,0.9334177886456707,0.7235086522751565,0.08229737138351065
0.8880778588807786,0.6303191489361702,0.6336898395721925,0.632,0.9086563532070224,0.6729148382005973,0.09700691180385418
0.884022708840227,0.6228710462287105,0.661498708010336,0.6416040100250626,0.912363452415132,0.6892293504784017,0.09729756731927997
0.8901054339010543,0.6385224274406333,0.6436170212765957,0.6410596026490066,0.9198081034307237,0.718620299785837,0.0896757186106302
0.8905109489051095,0.6481012658227848,0.661498708010336,0.6547314578005116,0.9190266141170533,0.7200979615558596,0.09040649589943806
0.8848337388483374,0.6301020408163265,0.6398963730569949,0.6349614395886889,0.9087622060581905,0.7058421085752864,0.09691317636097117
0.8933495539334956,0.6445623342175066,0.6532258064516129,0.6488651535380507,0.9180710889279149,0.7174478266812238,0.09055122739913136
0.9022708840227088,0.673972602739726,0.6684782608695652,0.6712141882673943,0.9283220043934182,0.7284888455083467,0.0858148325199661
0.8896999188969992,0.6773333333333333,0.6271604938271605,0.6512820512820513,0.9157630540130944,0.7118081462087907,0.09080787692782732
0.9136253041362531,0.7445054945054945,0.6930946291560103,0.7178807947019867,0.9384451360428928,0.7774294208395414,0.07633027075259245
0.8998377939983779,0.6494845360824743,0.6942148760330579,0.6711051930758988,0.9235920349913347,0.7088250802545777,0.08988193033344483
0.9063260340632603,0.6887608069164265,0.6602209944751382,0.6741889985895627,0.9376326071886225,0.7562077346483765,0.07795605669626943
0.894566098945661,0.6694444444444444,0.6308900523560209,0.6495956873315364,0.9244593562520725,0.7149923629102556,0.08732840679842235
0.8969991889699919,0.6675531914893617,0.6605263157894737,0.6640211640211641,0.9199374274612706,0.7199927873749494,0.08944443756076983
0.9010543390105434,0.6827956989247311,0.6684210526315789,0.675531914893617,0.9254566786092748,0.7342953920127034,0.08524451165553774
0.8905109489051095,0.672972972972973,0.6256281407035176,0.6484375,0.9115099190342428,0.715283090716659,0.09229388425484773
0.8969991889699919,0.6794520547945205,0.6441558441558441,0.6613333333333333,0.9252045407739786,0.7451805302070564,0.08479108305175431
0.8933495539334956,0.6622340425531915,0.6467532467532467,0.6544021024967148,0.9221690371137752,0.7289180723471248,0.08897876236091458
0.907948094079481,0.7032967032967034,0.6826666666666666,0.6928281461434371,0.9327926032201498,0.7627742969765369,0.08035355804122357
0.8941605839416058,0.6693333333333333,0.6469072164948454,0.6579292267365662,0.9241303096752429,0.7486350905175893,0.08639110763834648
0.894566098945661,0.6666666666666666,0.6563307493540051,0.6614583333333334,0.9153364579721169,0.709940983450938,0.09168639928924126
0.8803730738037308,0.5974025974025974,0.6216216216216216,0.609271523178808,0.9064846812461316,0.6625034282215871,0.09898929988741575
0.8969991889699919,0.7204301075268817,0.6411483253588517,0.6784810126582278,0.9213470020933014,0.7512222787467838,0.08597428448046926
0.9006488240064883,0.7157622739018088,0.6723300970873787,0.6933667083854819,0.9323708889119975,0.7676819891338554,0.08135363913998095
0.9051094890510949,0.7054263565891473,0.6946564885496184,0.7,0.932420837890287,0.7505699121748687,0.08431944650034234
0.9038929440389294,0.7095890410958904,0.6641025641025641,0.686092715231788,0.9329702089817697,0.7645765659555167,0.08192313896442398
0.8868613138686131,0.6401028277634961,0.6417525773195877,0.640926640926641,0.912088348233333,0.7087789153448408,0.09595569509684329
0.9018653690186537,0.6666666666666666,0.6666666666666666,0.6666666666666666,0.921336304295713,0.7360636464498532,0.08706881775404246
0.8957826439578265,0.6740331491712708,0.6370757180156658,0.6550335570469799,0.9192355372159806,0.7255282496053216,0.08926433031908078
0.8888888888888888,0.6358695652173914,0.6256684491978609,0.6307277628032345,0.9095114058138465,0.6984856648044642,0.09229645610131805
0.8957826439578265,0.6709183673469388,0.6726342710997443,0.6717752234993615,0.9242720241580131,0.7335871164856833,0.08701363795600714
0.8957826439578265,0.6521739130434783,0.6504065040650406,0.6512890094979648,0.9220295350306864,0.7348616168950914,0.08740593082397667
0.9014598540145985,0.707196029776675,0.6951219512195121,0.7011070110701108,0.9349494637942489,0.7663217344115425,0.08240057234822279
0.8953771289537713,0.6773333333333333,0.649616368286445,0.6631853785900783,0.9264141989954704,0.7342805929333053,0.08645402734908644
0.8856447688564477,0.6538461538461539,0.6634146341463415,0.6585956416464891,0.919271377052292,0.7497493201240947,0.0933544171576886
0.8986212489862125,0.659217877094972,0.6483516483516484,0.6537396121883656,0.9226691481686724,0.7296293440359486,0.08467737307367074
0.897404703974047,0.6640625,0.6728232189973615,0.6684141546526867,0.9240011985238434,0.7226093958810186,0.0872685115429742
0.9002433090024331,0.6884816753926701,0.6743589743589744,0.6813471502590673,0.9295267032261252,0.747889334287944,0.08409524073195136
0.9006488240064883,0.6602739726027397,0.6657458563535912,0.6629986244841816,0.9171113165136652,0.7097630496784263,0.08859023402360498
0.897404703974047,0.699228791773779,0.6666666666666666,0.6825595984943539,0.9240612911831398,0.7437885225119798,0.0864641201609833
0.8969991889699919,0.6647887323943662,0.6361185983827493,0.650137741046832,0.9194462492521662,0.7091151824559987,0.08748034697075023
0.8994322789943228,0.7005494505494505,0.6472081218274112,0.6728232189973615,0.9202528761538914,0.7299194720442869,0.08448784277248417
0.8884833738848338,0.6443850267379679,0.6292428198433421,0.6367239101717305,0.9179745521685558,0.7128961939436372,0.09317244957081015
0.889294403892944,0.6587301587301587,0.6335877862595419,0.6459143968871596,0.9103154700750838,0.6990338310446428,0.09279824380817026
0.9063260340632603,0.711340206185567,0.6987341772151898,0.7049808429118773,0.9263769108056402,0.7608122286775513,0.08420445532960469
0.8925385239253852,0.6480582524271845,0.689922480620155,0.6683354192740926,0.9252038037567754,0.7468221490645398,0.0902308816107917
0.8982157339821574,0.6989247311827957,0.6516290726817042,0.6744487678339819,0.9277026625586704,0.745089640741489,0.0842627609803345
0.9010543390105434,0.6559766763848397,0.6410256410256411,0.6484149855907781,0.930676958100126,0.7252704713444312,0.08225387693704257
0.8969991889699919,0.656,0.6630727762803235,0.6595174262734584,0.9144439655449698,0.7068285667370813,0.09262260435440105
0.8994322789943228,0.6840731070496083,0.6735218508997429,0.6787564766839378,0.9296543239520121,0.7523060604364461,0.08694059017939673
0.8852392538523925,0.6408839779005525,0.6025974025974026,0.6211512717536813,0.9108470577956402,0.6947403706784698,0.09554279693794
0.8933495539334956,0.6716417910447762,0.6733167082294265,0.6724782067247821,0.9235398187340366,0.7464623715667725,0.08826483122935437
0.8978102189781022,0.6871508379888268,0.6373056994818653,0.6612903225806451,0.9157943901952968,0.7273752161256786,0.09030733678001647
0.8953771289537713,0.7022900763358778,0.6618705035971223,0.6814814814814815,0.926705780324496,0.7658951593661214,0.08649450382449246
0.9018653690186537,0.6507462686567164,0.6355685131195336,0.6430678466076696,0.9277385404064056,0.7110523535212969,0.08266199383132626
0.8917274939172749,0.6708229426433915,0.6658415841584159,0.6683229813664596,0.924552966935879,0.7382798314132887,0.09099277512038534
0.8933495539334956,0.662303664921466,0.6537467700258398,0.657997399219766,0.9130619595735874,0.7067191794857024,0.093566618137107
0.8880778588807786,0.6457765667574932,0.618798955613577,0.632,0.9188858206869235,0.7103379693581038,0.09056937100188303
0.9075425790754258,0.6927374301675978,0.6775956284153005,0.6850828729281768,0.9322612542284674,0.7552240702622659,0.07984243692188533
0.8880778588807786,0.6473551637279596,0.6539440203562341,0.6506329113924051,0.9186757155184372,0.7080280289822513,0.09442361349495013
0.9018653690186537,0.6754617414248021,0.6826666666666666,0.6790450928381963,0.928219352781763,0.7278574585712202,0.0851360873917578
0.8998377939983779,0.6831168831168831,0.6778350515463918,0.6804657179818887,0.9237879900380024,0.7387132940664066,0.08716353024772515
0.8848337388483374,0.6303191489361702,0.6204188481675392,0.6253298153034301,0.9114469757112278,0.7093860432858947,0.09093411499139287
0.9002433090024331,0.6721763085399449,0.6576819407008087,0.6648501362397821,0.9210506339699837,0.7042141350410978,0.088271544694398
0.9051094890510949,0.7041095890410959,0.6710182767624021,0.6871657754010695,0.9224080552627324,0.7264172454188377,0.08604754360361054
0.897404703974047,0.6905444126074498,0.6243523316062176,0.6557823129251701,0.9191722299721005,0.7300616392505591,0.08732363118541336
0.8925385239253852,0.6554621848739496,0.6223404255319149,0.6384720327421555,0.9174641148325358,0.70155219109603,0.0885091296079938
0.8961881589618816,0.6379310344827587,0.6306818181818182,0.6342857142857142,0.9200648275565494,0.6902268312477866,0.08654505031905693
0.8888888888888888,0.638728323699422,0.5972972972972973,0.61731843575419,0.9095058799257273,0.6847266297473014,0.09206355032038875
0.9051094890510949,0.6905444126074498,0.6566757493188011,0.6731843575418994,0.9289242444501274,0.7417925449245174,0.07933522747190538
0.9038929440389294,0.692722371967655,0.6763157894736842,0.6844207723035952,0.9390952212746633,0.7784547796467111,0.08183801761692239
0.8917274939172749,0.667590027700831,0.6211340206185567,0.6435246995994659,0.9256347796751436,0.7180001841687135,0.08813942684515845
0.9002433090024331,0.6557377049180327,0.6666666666666666,0.6611570247933884,0.9243391896169675,0.7189633920886325,0.08712594874102421
0.9006488240064883,0.7044198895027625,0.648854961832061,0.6754966887417219,0.9213712226383319,0.7425189990267566,0.08562827018045738
0.9095701540957015,0.7178082191780822,0.6858638743455497,0.7014725568942436,0.9363726120730371,0.7813727343990691,0.0782627326266634
0.889294403892944,0.6478494623655914,0.6292428198433421,0.6384105960264901,0.9167800007270093,0.6988639551390401,0.09290055105753363
0.8901054339010543,0.6363636363636364,0.6243243243243243,0.6302864938608458,0.9225732411801115,0.6990323338477057,0.08867129674930486
0.8994322789943228,0.6545961002785515,0.6545961002785515,0.6545961002785515,0.9257958284693679,0.71556765347536,0.08368106948668855
0.8933495539334956,0.6428571428571429,0.672,0.6571056062581486,0.9214972102662203,0.7345590312925666,0.09021948586976834
0.8957826439578265,0.6946778711484594,0.6262626262626263,0.6586985391766268,0.9154796759869224,0.7180791623388076,0.09123081728064555
0.883617193836172,0.6834532374100719,0.6477272727272727,0.6651108518086347,0.9163869693978284,0.7353730577694031,0.09432494987460391
0.9030819140308192,0.6416184971098265,0.658753709198813,0.6500732064421669,0.9212012159342582,0.704796451421219,0.08827380891775867
0.8998377939983779,0.6773333333333333,0.6684210526315789,0.6728476821192053,0.9307513750820003,0.7421545114655632,0.08753362597264003
0.8888888888888888,0.6327077747989276,0.6327077747989276,0.6327077747989276,0.9157654328420152,0.6952881737892462,0.09133707589387416
0.8965936739659367,0.6776859504132231,0.640625,0.6586345381526104,0.9186754522894653,0.7281805294317272,0.08905425065505088
0.8953771289537713,0.6465968586387435,0.6675675675675675,0.6569148936170213,0.9299695688054467,0.7250167467031892,0.08643880188113966
0.8949716139497161,0.6545961002785515,0.6351351351351351,0.644718792866941,0.9230129461522592,0.7243001832114293,0.08683155581658526
0.9083536090835361,0.7042682926829268,0.6416666666666667,0.6715116279069767,0.9224490872639021,0.7372713999176594,0.08295207463516073
0.8986212489862125,0.6721311475409836,0.6542553191489362,0.6630727762803235,0.9281405884149445,0.7346869657348197,0.08377947576594091
0.8969991889699919,0.6593406593406593,0.6486486486486487,0.6539509536784741,0.9236731483391789,0.7351505273949033,0.08670265808868706
0.9047039740470397,0.680672268907563,0.6675824175824175,0.6740638002773925,0.9224861722483035,0.7312832412448826,0.08397628945073998
0.8994322789943228,0.6639566395663956,0.6639566395663956,0.6639566395663956,0.9236436618061937,0.7209545669844545,0.08621685421471438
0.8986212489862125,0.6388140161725068,0.6713881019830028,0.6546961325966851,0.9224522683670091,0.7272233094038036,0.08873598727605787
0.897404703974047,0.681704260651629,0.6834170854271356,0.6825595984943539,0.9232915058853262,0.7339766835102676,0.08890159434870028
0.8953771289537713,0.689922480620155,0.6592592592592592,0.6742424242424242,0.9283938637003492,0.7431342252707606,0.08538500734780428
0.9087591240875912,0.7060518731988472,0.6657608695652174,0.6853146853146853,0.9221761408380653,0.7528295797071916,0.0813298066059657
0.8998377939983779,0.7054263565891473,0.6724137931034483,0.6885245901639344,0.9237003204361758,0.7483039955653055,0.08533130662581763
0.9087591240875912,0.7408536585365854,0.6344647519582245,0.6835443037974683,0.9158938014938787,0.7452898187808734,0.08257964896399993
0.9030819140308192,0.7029177718832891,0.6760204081632653,0.6892067620286085,0.9281027984964477,0.7508906017981164,0.08411186468344706
0.8986212489862125,0.6761658031088082,0.6761658031088082,0.6761658031088082,0.9328181048226385,0.7630810048035301,0.08556827464829693
0.8864557988645579,0.6311688311688312,0.6377952755905512,0.6344647519582245,0.9082283779275793,0.7062066929457284,0.09453847549994818
0.9030819140308192,0.6793478260869565,0.6738544474393531,0.6765899864682002,0.931604577707158,0.7446101538404485,0.0841551060733698
0.8978102189781022,0.6902173913043478,0.6479591836734694,0.6684210526315789,0.9221237675398029,0.7286622043897489,0.08707611422009856
0.8990267639902676,0.6989795918367347,0.6765432098765433,0.6875784190715182,0.9337394648408719,0.7663881291961543,0.08243450254810561
0.8896999188969992,0.6701846965699209,0.6334164588528678,0.6512820512820513,0.9248307801923762,0.7313418291971835,0.08841887729273402
0.8957826439578265,0.6789473684210526,0.6564885496183206,0.6675291073738681,0.9224170204826627,0.7144724890440923,0.08857584095578115
0.8933495539334956,0.6761658031088082,0.6541353383458647,0.664968152866242,0.9236577171035959,0.7223124968467269,0.09007478095355922
0.8998377939983779,0.675609756097561,0.7084398976982097,0.6916354556803995,0.9326090037900965,0.7416622853815762,0.0863110240260999
0.8969991889699919,0.6784741144414169,0.6467532467532467,0.6622340425531915,0.9238365670850054,0.7292002496176998,0.08512833448699214
0.8856447688564477,0.6606683804627249,0.6314496314496314,0.6457286432160804,0.9210799832460833,0.7301193925219269,0.08956875265882754
0.8852392538523925,0.6524064171122995,0.6146095717884131,0.6329442282749675,0.9123793360790755,0.7142574236122528,0.09396881669186105
0.9091646390916464,0.7138964577656676,0.6876640419947506,0.7005347593582888,0.9303801053645273,0.7697753295417704,0.08005167504682321
0.897404703974047,0.682741116751269,0.6775818639798489,0.6801517067003793,0.9212179797003383,0.7249004976128384,0.089324326975358
0.9091646390916464,0.6901408450704225,0.6824512534818942,0.6862745098039216,0.928241582310193,0.7420875450270283,0.08138963076294865
0.8925385239253852,0.6935064935064935,0.644927536231884,0.6683354192740926,0.9282719345330583,0.7421160896923558,0.08687582976710422
0.8941605839416058,0.646112600536193,0.6513513513513514,0.648721399730821,0.9136463276253353,0.6986995028299331,0.09238260706864507
0.9099756690997567,0.7025495750708215,0.6794520547945205,0.6908077994428969,0.9296590664588944,0.766946698707946,0.08057293020389858
0.9055150040551501,0.7115384615384616,0.6692506459948321,0.6897470039946738,0.9322858211747101,0.7434758365409884,0.08283654719495394
0.9010543390105434,0.6790450928381963,0.6754617414248021,0.6772486772486772,0.9298825623630642,0.7440718621377304,0.08370877006567776
0.8994322789943228,0.6578947368421053,0.6793478260869565,0.6684491978609626,0.9294177684751523,0.73094254422488,0.08329721685610413
0.9022708840227088,0.7005347593582888,0.670076726342711,0.6849673202614379,0.9262884787230765,0.7510007621055353,0.08446091878422421
0.8949716139497161,0.6731301939058172,0.6328125,0.6523489932885906,0.9188130403458215,0.7270494862312171,0.09146108803579131
0.9018653690186537,0.6929133858267716,0.6786632390745502,0.6857142857142857,0.9265910269533005,0.7436400380643771,0.0876660390196763
0.8856447688564477,0.6733668341708543,0.638095238095238,0.6552567237163814,0.9243669413024251,0.7426821820652927,0.09053091232284129
0.9010543390105434,0.6912568306010929,0.6588541666666666,0.6746666666666666,0.9248143812039705,0.7491983570358369,0.08575529783740032
0.8864557988645579,0.634020618556701,0.640625,0.6373056994818653,0.913623469020173,0.7142668898333956,0.09380548588455503
0.9059205190592052,0.7134502923976608,0.6455026455026455,0.6777777777777778,0.9277960226236088,0.7488332449916295,0.08050547045052417
0.9018653690186537,0.6882793017456359,0.7022900763358778,0.6952141057934509,0.9253211961865202,0.7436782782057855,0.08824904946148088
0.8925385239253852,0.6650366748166259,0.68,0.6724351050679852,0.9307974346563408,0.7472046653102878,0.08775162937423124
0.9038929440389294,0.7174515235457064,0.6573604060913706,0.686092715231788,0.9269581855241753,0.7506681809939213,0.08383196246400842
0.8941605839416058,0.6388888888888888,0.6371191135734072,0.6380027739251041,0.9196215316388233,0.7015654108100399,0.09046647595108924
0.9047039740470397,0.716931216931217,0.6791979949874687,0.6975546975546976,0.9290812905510026,0.7448503425383866,0.08279657274510355
0.8864557988645579,0.6507936507936508,0.6243654822335025,0.6373056994818653,0.9150860886266978,0.726655653236225,0.09127282560993898
0.897404703974047,0.667574931880109,0.651595744680851,0.6594885598923284,0.9253537615799654,0.7149992442539815,0.08704685469451558
0.8856447688564477,0.6036745406824147,0.6371191135734072,0.6199460916442049,0.9136852632894902,0.6720785558593211,0.09356431158490579
0.8965936739659367,0.6779220779220779,0.6658163265306123,0.6718146718146718,0.9277411784385885,0.7424475671240309,0.08539206656640992
0.8986212489862125,0.6608478802992519,0.6992084432717678,0.6794871794871795,0.929768778453879,0.7345625532248806,0.08771994407335655
0.8941605839416058,0.6557377049180327,0.64,0.6477732793522267,0.9079764068228917,0.6730210098871292,0.09370761971690583
0.8933495539334956,0.6683804627249358,0.6598984771573604,0.6641123882503193,0.9254417125610019,0.737262566145403,0.0884534209456167
0.8828061638280617,0.6641025641025641,0.6211031175059952,0.6418835192069393,0.9229208141539477,0.7301103403042556,0.0913169778210759
0.8941605839416058,0.6517412935323383,0.6840731070496083,0.6675159235668789,0.9197833010984108,0.7296196078919341,0.09219442144852076
0.8888888888888888,0.6576819407008087,0.6240409207161125,0.6404199475065617,0.918311404184513,0.71368809525692,0.08920534607657651
0.8953771289537713,0.6948228882833788,0.6359102244389028,0.6640625,0.9235482721767011,0.7405681691993227,0.08564018023818312
0.8969991889699919,0.6551724137931034,0.6657681940700808,0.660427807486631,0.9167688438008608,0.720657110945326,0.08879283938793063
0.9010543390105434,0.7039106145251397,0.6461538461538462,0.6737967914438503,0.9216923570969814,0.7362611654063624,0.0857663526985857
0.8965936739659367,0.6522911051212938,0.657608695652174,0.6549391069012178,0.9211412525386496,0.7121829852021846,0.08884997852874753
0.8925385239253852,0.6770025839793282,0.6517412935323383,0.6641318124207858,0.9231434879864244,0.7420329718857782,0.08898318191463446
0.8953771289537713,0.6880222841225627,0.628498727735369,0.6569148936170213,0.9257790396089796,0.7430290977534294,0.08627078990637893
0.9006488240064883,0.6766917293233082,0.6994818652849741,0.6878980891719745,0.9334558090872858,0.7574416741706491,0.08548113496722037
0.9022708840227088,0.6904109589041096,0.6631578947368421,0.676510067114094,0.9263927436039763,0.75421103573719,0.08382075684494367
0.8990267639902676,0.6683937823834197,0.6807387862796834,0.6745098039215687,0.9273097817498195,0.7416526202130785,0.08799231797004867
0.8937550689375506,0.6854219948849105,0.6584766584766585,0.6716791979949874,0.9218651739292827,0.7286044986655961,0.08908610001857523
0.8937550689375506,0.6526315789473685,0.656084656084656,0.6543535620052771,0.9224264631352754,0.7103556054153465,0.08858437851041114
0.8872668288726683,0.6437659033078881,0.6470588235294118,0.6454081632653061,0.9078864819893384,0.7077230269424318,0.09585179998673353
0.907948094079481,0.6789473684210526,0.7107438016528925,0.6944818304172274,0.9315761688994733,0.745183776355284,0.0817575349441745
0.8872668288726683,0.6530612244897959,0.6432160804020101,0.6481012658227848,0.9242926430994431,0.7223839537300357,0.08986728460567639
0.9038929440389294,0.6885245901639344,0.672,0.680161943319838,0.9315593814761678,0.7646306072154203,0.08210929130325843
0.8884833738848338,0.6243243243243243,0.6294277929155313,0.6268656716417911,0.9157598077714443,0.6733328412050263,0.09271129730201444
0.8957826439578265,0.6463104325699746,0.6827956989247311,0.6640522875816993,0.9294515307432398,0.7128630386385096,0.08694692699217883
0.8961881589618816,0.6424731182795699,0.6602209944751382,0.6512261580381471,0.9208426989895595,0.7137522522847786,0.08744407504405803
0.9047039740470397,0.7064935064935065,0.6903553299492385,0.6983311938382541,0.9335557003704211,0.7681964065702338,0.08149662465346987
0.8905109489051095,0.6693989071038251,0.6218274111675127,0.6447368421052632,0.9147970033122317,0.7182838433325893,0.0922183470507032
0.8888888888888888,0.6692307692307692,0.6428571428571429,0.6557788944723618,0.9191544311062222,0.7260858001939503,0.09022771915474805
0.907948094079481,0.6972222222222222,0.6802168021680217,0.6886145404663924,0.92764731653039,0.739659213544794,0.08437998583037848
0.8990267639902676,0.6927083333333334,0.6700251889168766,0.6811779769526248,0.926967967830259,0.7345104593134836,0.08654632847691995
0.8961881589618816,0.6840796019900498,0.6806930693069307,0.6823821339950372,0.927155458028829,0.7570691109318823,0.08827347118294965
0.8824006488240065,0.6292682926829268,0.6515151515151515,0.6401985111662531,0.9075123212804372,0.6846652940927681,0.09936173099029337
0.8844282238442822,0.6527093596059114,0.6479217603911981,0.6503067484662577,0.9123298938682749,0.7248335605647223,0.09493297065881925
0.8982157339821574,0.6852367688022284,0.640625,0.6621803499327052,0.922462876240794,0.7391750633634881,0.08632313308879495
0.8953771289537713,0.6475644699140402,0.6260387811634349,0.6366197183098592,0.9193083345944559,0.7116243415258205,0.08650882423399102
0.9095701540957015,0.6901041666666666,0.7181571815718157,0.703851261620186,0.9383064979910647,0.7657012823217433,0.07963561899370641
0.8990267639902676,0.6868131868131868,0.6493506493506493,0.6675567423230975,0.9265487995906064,0.746921452119302,0.08404635710928383
0.8921330089213301,0.6556962025316456,0.6658097686375322,0.6607142857142857,0.9140779228494726,0.7152854924386729,0.09270969911211098
0.8978102189781022,0.6666666666666666,0.6451612903225806,0.6557377049180327,0.9233485842807407,0.740525410143315,0.08463564690353415
0.8921330089213301,0.6675257731958762,0.6540404040404041,0.6607142857142857,0.9163787634802127,0.7303555573753442,0.09269515631522673
0.8921330089213301,0.633245382585752,0.6539509536784741,0.6434316353887399,0.917068332785951,0.7297969754953433,0.09377697994760298
0.8969991889699919,0.7085714285714285,0.62,0.6613333333333333,0.9191396418199419,0.7313833218925251,0.08553716553211527
0.9038929440389294,0.7235772357723578,0.664179104477612,0.6926070038910506,0.9237280168922827,0.7429958783932892,0.08469844906808413
0.8811841038118411,0.6143617021276596,0.6094986807387863,0.6119205298013245,0.9075948230849852,0.6712053473863294,0.09790814081755665
0.8884833738848338,0.6621983914209115,0.6237373737373737,0.6423927178153446,0.9174779192895135,0.722721312050682,0.08976920528867276
0.8949716139497161,0.7082228116710876,0.6418269230769231,0.6733921815889029,0.9236268761726079,0.7445922934104526,0.08727997184855577
0.9006488240064883,0.7120418848167539,0.6683046683046683,0.6894803548795945,0.9264725010232537,0.7486915938836034,0.08585337734733772
0.9030819140308192,0.6978021978021978,0.6631853785900783,0.6800535475234271,0.9196729962433676,0.7206776854531469,0.0870494625454812
0.8965936739659367,0.6703910614525139,0.636604774535809,0.6530612244897959,0.9184131099748207,0.7061372724999183,0.08761713596863377
0.8941605839416058,0.6490765171503958,0.6577540106951871,0.6533864541832669,0.9164297911064304,0.6992848933155382,0.09197983583773345
0.8864557988645579,0.6034063260340633,0.6794520547945205,0.6391752577319587,0.9118058589191057,0.6919965124128146,0.10054437421393592
0.8933495539334956,0.6453333333333333,0.6505376344086021,0.6479250334672021,0.9274617185815078,0.715190190283852,0.08814103655496858
0.8896999188969992,0.6480446927374302,0.6137566137566137,0.6304347826086957,0.919507287802307,0.6880664392562761,0.08877290605467171
0.8994322789943228,0.6726342710997443,0.6866840731070496,0.6795865633074936,0.9303462444330518,0.7467861274004876,0.08647502086768216
0.8896999188969992,0.6695402298850575,0.5974358974358974,0.6314363143631436,0.9163690035077319,0.703189483464416,0.08869706873858431
0.8925385239253852,0.6296296296296297,0.6556473829201102,0.6423751686909581,0.9212341283408589,0.6955292388786974,0.09042662219521035
0.8901054339010543,0.6277777777777778,0.6225895316804407,0.6251728907330567,0.9147118965560153,0.6957516657077943,0.09411350933243445
0.8978102189781022,0.6939890710382514,0.6446700507614214,0.6684210526315789,0.9218783685788763,0.7292268949093649,0.0869999893565175
0.894566098945661,0.6494845360824743,0.6702127659574468,0.6596858638743456,0.9227120024432455,0.7218303044012797,0.08686239347835278
0.8824006488240065,0.638121546961326,0.5923076923076923,0.6143617021276596,0.9087940319154192,0.6900721911335967,0.09600891550226492
0.8880778588807786,0.6259946949602122,0.6361185983827493,0.6310160427807486,0.9195273047751996,0.6870425854397072,0.09280919299998827
0.9006488240064883,0.6518105849582173,0.6610169491525424,0.6563814866760168,0.9228500577812018,0.7146088348767858,0.0866053631586067
0.8957826439578265,0.6859296482412061,0.674074074074074,0.6799501867995019,0.9205935030939074,0.730712629655799,0.0886998943950503
0.8937550689375506,0.6657608695652174,0.6380208333333334,0.651595744680851,0.9157022994716619,0.6998836478339058,0.08945626955184756
0.9111922141119222,0.7041095890410959,0.6983695652173914,0.7012278308321964,0.9301573444688522,0.7665344011364791,0.07926751944043563
0.8941605839416058,0.6335227272727273,0.6281690140845071,0.6308345120226309,0.9192746245354648,0.6836925379118391,0.08938856506191487
0.8953771289537713,0.6120218579234973,0.6588235294117647,0.6345609065155807,0.9248464390459853,0.6913671561549876,0.08750100086324279
0.8909164639091647,0.6413301662707839,0.6958762886597938,0.6674907292954264,0.9277407896172966,0.7446717496836298,0.09292119851514485
0.8990267639902676,0.6631016042780749,0.6684636118598383,0.6657718120805369,0.9207560035767358,0.7300232126375683,0.08741852858333754
0.889294403892944,0.6493506493506493,0.6443298969072165,0.6468305304010349,0.9247368107716579,0.7237295660520849,0.08867947357270382
0.897404703974047,0.6835443037974683,0.678391959798995,0.6809583858764187,0.925213592138643,0.7375100702790724,0.08957236745729674
0.8872668288726683,0.6356589147286822,0.6422976501305483,0.638961038961039,0.9229106944317358,0.7355968082739229,0.0896899905007451
0.8941605839416058,0.6628571428571428,0.6186666666666667,0.64,0.9200599394229236,0.7231354272727986,0.08743381659640768
0.8978102189781022,0.6759776536312849,0.6402116402116402,0.657608695652174,0.9166134525329926,0.716118350165444,0.09080367187526192
0.8986212489862125,0.6876513317191283,0.7012345679012346,0.6943765281173594,0.9270077452513164,0.7556919423194349,0.0860278975460344
0.8896999188969992,0.6709844559585493,0.6410891089108911,0.6556962025316456,0.9179459046777616,0.732126117860892,0.0888855274269942
0.8957826439578265,0.6906077348066298,0.6329113924050633,0.6605019815059445,0.9236142266012259,0.7431704089210017,0.08691243147696999
0.9103811841038119,0.6895604395604396,0.6991643454038997,0.69432918395574,0.9357771481981405,0.7568313757748294,0.07984711391307117
0.8965936739659367,0.6476683937823834,0.6775067750677507,0.6622516556291391,0.9159439281564966,0.7065686919834077,0.0914517218295226
0.8913219789132197,0.6517150395778364,0.6449086161879896,0.6482939632545932,0.9182102034497843,0.7109788190888416,0.09257520525027321
0.8957826439578265,0.6571428571428571,0.6267029972752044,0.6415620641562064,0.9139592877366023,0.7052796551015379,0.08991482464917952
0.8913219789132197,0.662269129287599,0.6419437340153452,0.6519480519480519,0.9086888731396172,0.7078778356504001,0.09412300609783504
0.8982157339821574,0.6639566395663956,0.6586021505376344,0.6612685560053981,0.9246554415585749,0.7258570162024355,0.08573607968794794
0.8953771289537713,0.648,0.6585365853658537,0.6532258064516129,0.9220114423366457,0.721720060065441,0.08967231208431868
0.9010543390105434,0.6578947368421053,0.6868131868131868,0.6720430107526881,0.9255405631476041,0.7237901697868876,0.08671693383480121
0.8986212489862125,0.6709511568123393,0.6814621409921671,0.6761658031088082,0.9217098756688797,0.7073810963818289,0.08838571388331734
0.8909164639091647,0.6528497409326425,0.6511627906976745,0.6520051746442432,0.9143471133135216,0.7126141212444866,0.09256859486175574
0.8978102189781022,0.6530054644808743,0.6565934065934066,0.6547945205479452,0.9300849008270512,0.7289581121676573,0.0831043653625658
0.8909164639091647,0.6363636363636364,0.6684350132625995,0.6520051746442432,0.9202415583459145,0.7173896930999736,0.09068463804516588
0.8941605839416058,0.6847545219638242,0.655940594059406,0.6700379266750948,0.9289368679835976,0.7349007996447338,0.08522140653477597
0.8888888888888888,0.6606683804627249,0.6441102756892231,0.6522842639593909,0.9193435936236333,0.7186815169434446,0.09147267376369657
0.8933495539334956,0.6692506459948321,0.6573604060913706,0.6632522407170295,0.911887776100974,0.7120652869463222,0.09329071241505763
0.897404703974047,0.6859504132231405,0.6417525773195877,0.6631158455392809,0.9246475099967256,0.7504785420191075,0.08491131943846633
0.902676399026764,0.6507042253521127,0.6657060518731989,0.6581196581196581,0.9278246902935292,0.7140433166766572,0.08388235043485053
0.8848337388483374,0.6448863636363636,0.5880829015544041,0.6151761517615176,0.9111897170187326,0.6782930109140419,0.09056200718428976
0.9018653690186537,0.6628895184135978,0.6554621848739496,0.6591549295774648,0.9269171869791064,0.7331227653488012,0.08291909414328551
0.8965936739659367,0.671875,0.6666666666666666,0.669260700389105,0.918328106958598,0.7358234040230581,0.091091509966046
0.8905109489051095,0.6571428571428571,0.6052631578947368,0.6301369863013698,0.9078266135136498,0.6978458207133271,0.09166967869535374
0.8937550689375506,0.6701570680628273,0.6530612244897959,0.661498708010336,0.9252122980339677,0.7347057155949639,0.0882521092539763
0.8965936739659367,0.6788511749347258,0.6632653061224489,0.6709677419354839,0.9167080766732922,0.7202323692032192,0.08959322572866209
0.902676399026764,0.71875,0.6764705882352942,0.696969696969697,0.9287488805045828,0.7663170683834015,0.08279813051092103
0.8994322789943228,0.6986301369863014,0.648854961832061,0.6728232189973615,0.918127039888841,0.7327338041470312,0.086978503797027
0.8933495539334956,0.6502590673575129,0.662269129287599,0.6562091503267974,0.9248811274215429,0.7339958167668232,0.0903716217959104
0.8909164639091647,0.6630434782608695,0.6272493573264781,0.6446499339498019,0.9189928127007387,0.7141592437301795,0.08819626043828385
0.8949716139497161,0.6512261580381471,0.6459459459459459,0.6485753052917232,0.9261244068495977,0.7214331253560148,0.08718357273349843
0.8965936739659367,0.6658227848101266,0.6813471502590673,0.6734955185659411,0.9287116381028298,0.7479747374761924,0.08619020810296613
0.9047039740470397,0.6598984771573604,0.7202216066481995,0.6887417218543046,0.9398701153433653,0.7591377051714002,0.08293323636888153
0.8949716139497161,0.6806930693069307,0.6790123456790124,0.6798516687268232,0.9243601032700175,0.7547374986503238,0.08844640949474485
0.8953771289537713,0.6731843575418994,0.6308900523560209,0.6513513513513514,0.9253549858809579,0.7293232750240554,0.0841761545214099
0.8937550689375506,0.6804123711340206,0.6567164179104478,0.6683544303797468,0.9239461606695206,0.7329748517452358,0.08846636338958931
0.8929440389294404,0.6675,0.6708542713567839,0.6691729323308271,0.920224915680919,0.7357293518761163,0.0906994276945807
0.8969991889699919,0.6171428571428571,0.6428571428571429,0.6297376093294461,0.9170970266040689,0.6715784275956003,0.09016203187038062
0.8929440389294404,0.6826196473551638,0.6625916870415648,0.6724565756823822,0.9185832145705582,0.7359040369610879,0.09192688479178522
0.8896999188969992,0.6147959183673469,0.6657458563535912,0.6392572944297082,0.909512005545869,0.699944348066024,0.0975184988177802
0.8929440389294404,0.6684350132625995,0.6445012787723785,0.65625,0.9182275906695837,0.7210964135187616,0.09178971349414812
0.8856447688564477,0.6507537688442211,0.6442786069651741,0.6475,0.9186094720197462,0.7212496471595619,0.09195021472223773
0.8994322789943228,0.6786703601108033,0.649867374005305,0.6639566395663956,0.9282334014345701,0.7376593425509966,0.08551089496849729
0.8864557988645579,0.6395061728395062,0.6590330788804071,0.6491228070175439,0.9182952022182699,0.7105425154852409,0.09419606010808067
0.8941605839416058,0.659217877094972,0.6293333333333333,0.6439290586630286,0.9180679100908656,0.6964569116856207,0.08876213696752185
0.9042984590429846,0.6565349544072948,0.6371681415929203,0.6467065868263473,0.9276960223450981,0.7194384338472755,0.0822894821838403
0.9010543390105434,0.6900269541778976,0.6649350649350649,0.6772486772486772,0.9258423460249505,0.7456759234128404,0.08566618887701195
0.9087591240875912,0.7032967032967034,0.6863270777479893,0.694708276797829,0.9260717135760848,0.7629947454756919,0.08349198870475319
0.8933495539334956,0.6684782608695652,0.6356589147286822,0.6516556291390728,0.9196890773118164,0.7239946750118866,0.08839172091827843
0.897404703974047,0.6517150395778364,0.6711956521739131,0.6613119143239625,0.926721100841381,0.7189686692879376,0.08771796380481005
0.9014598540145985,0.6839080459770115,0.6415094339622641,0.6620305980528511,0.9329748020251014,0.757432877021501,0.07907623933684234
0.8921330089213301,0.6624685138539043,0.6658227848101266,0.6641414141414141,0.920328343795268,0.7357930214318285,0.09212485467504632
0.8961881589618816,0.6904761904761905,0.6525,0.6709511568123393,0.9230566311713457,0.7340356266698002,0.08683085949609333
0.894566098945661,0.6296296296296297,0.5930232558139535,0.6107784431137725,0.9130742717488987,0.6945377055299057,0.08733343432613913
0.8953771289537713,0.6640625,0.6640625,0.6640625,0.9248569084213898,0.7464883547272931,0.08561515409358003
0.8896999188969992,0.6531645569620254,0.6564885496183206,0.6548223350253807,0.9153124689298615,0.7208351066545613,0.0941830314489502
0.8888888888888888,0.6691919191919192,0.6495098039215687,0.6592039800995025,0.9194296766325578,0.7260490785237398,0.09209027943114632
0.8957826439578265,0.6708860759493671,0.6760204081632653,0.6734434561626429,0.9242467478794796,0.7390527337889552,0.08978110153412937
0.8909164639091647,0.7124352331606217,0.6351039260969977,0.6715506715506715,0.924135141981781,0.7430599645364058,0.08810115069888479
0.9006488240064883,0.6910112359550562,0.6456692913385826,0.6675712347354138,0.9239726329172882,0.7187976096850769,0.08515218926776542
0.9148418491484185,0.7215909090909091,0.6939890710382514,0.7075208913649025,0.9363335935467083,0.770972215435154,0.07835210834916935
0.9047039740470397,0.7084398976982097,0.6959798994974874,0.7021546261089987,0.9245368525412361,0.7419770404466212,0.0855109463299957
0.9091646390916464,0.7139107611548556,0.7028423772609819,0.7083333333333334,0.9323268367196016,0.7629625615839724,0.0805981884716232
0.8909164639091647,0.6732954545454546,0.6061381074168798,0.6379542395693136,0.9122780636612948,0.7159610811221758,0.08922717193178695
0.8978102189781022,0.6843575418994413,0.6380208333333334,0.660377358490566,0.9180775696445727,0.7306267249778142,0.08710328892364848
0.8917274939172749,0.6521739130434783,0.633245382585752,0.642570281124498,0.9174472453547718,0.6978944605111754,0.08844833271713486
0.9042984590429846,0.7428571428571429,0.6761229314420804,0.7079207920792079,0.9350327301088072,0.7862685549339641,0.07858039314393667
0.8852392538523925,0.6648199445983379,0.5970149253731343,0.6290956749672346,0.9101609202051757,0.6787172085459188,0.09241633365336889
0.8978102189781022,0.6675531914893617,0.6640211640211641,0.6657824933687002,0.9199127288207747,0.7227569886184093,0.08902869209298209
0.9059205190592052,0.6657681940700808,0.6957746478873239,0.6804407713498623,0.92504053215551,0.7147466523431046,0.0869296917207479
0.8933495539334956,0.6666666666666666,0.6478149100257069,0.6571056062581486,0.9184556527421768,0.7210655347956345,0.09035390783683478
0.8925385239253852,0.6312997347480106,0.6538461538461539,0.6423751686909581,0.9130328520195314,0.7003390782914056,0.09416258410575891
0.9018653690186537,0.6763848396501457,0.6391184573002755,0.6572237960339944,0.9261739427736055,0.7341293187588471,0.08158640050777509
0.8961881589618816,0.6648793565683646,0.6543535620052771,0.6595744680851063,0.9185774988526789,0.7117995358881751,0.0888278935596907
0.8905109489051095,0.6216216216216216,0.6388888888888888,0.6301369863013698,0.911855017410573,0.6903888820429451,0.09571700727459749
0.8953771289537713,0.6356164383561644,0.6498599439775911,0.6426592797783933,0.9235011216435366,0.7100068484418152,0.08673523830283766
0.8978102189781022,0.6720430107526881,0.6578947368421053,0.6648936170212766,0.9235101175758187,0.7056159784893938,0.08674660924273604
0.8868613138686131,0.648989898989899,0.6473551637279596,0.648171500630517,0.9161375857841496,0.7069453764959884,0.09350102013912823
0.8998377939983779,0.725130890052356,0.6610978520286396,0.6916354556803995,0.9278273228299636,0.7691725233520244,0.08330288356101799
0.9006488240064883,0.6957671957671958,0.6692111959287532,0.682230869001297,0.9296455457235828,0.750959391270804,0.08490910362983738
0.9018653690186537,0.7314285714285714,0.6336633663366337,0.6790450928381963,0.9234425867417003,0.7501626702813935,0.08397735787263583
0.894566098945661,0.6666666666666666,0.6632390745501285,0.6649484536082474,0.9205498339631142,0.7033525470007299,0.08954313377871499
0.8909164639091647,0.6505376344086021,0.6351706036745407,0.6427622841965471,0.922125921310196,0.7207554680339749,0.08865884508312445
0.8949716139497161,0.6760925449871465,0.6641414141414141,0.6700636942675159,0.9191492216854535,0.7362375725964942,0.08903113034450837
0.8901054339010543,0.6577540106951871,0.6323907455012854,0.6448230668414154,0.9167216409865425,0.7213793034297208,0.09145881548922194
0.902676399026764,0.6606606606606606,0.6340057636887608,0.6470588235294118,0.9203868389879952,0.7045692638334712,0.08350664307418479
0.8998377939983779,0.6727272727272727,0.6815789473684211,0.677124183006536,0.9289751223696826,0.7303722386784085,0.08526440260327964
0.8921330089213301,0.6717171717171717,0.6616915422885572,0.6666666666666666,0.9163038971807629,0.7312064546518067,0.09078400027554376
0.8876723438767234,0.6142131979695431,0.659400544959128,0.6360052562417872,0.9161427590405707,0.6930618538124275,0.09528690361269856
0.8998377939983779,0.6376021798365122,0.6724137931034483,0.6545454545454545,0.9272519075684066,0.7118991671696665,0.08792914431641874
0.8965936739659367,0.6587926509186351,0.6675531914893617,0.6631439894319683,0.9206466965285555,0.708427305969545,0.0898148448068829
0.8998377939983779,0.6929133858267716,0.6700507614213198,0.6812903225806451,0.9245720067420575,0.7435945436696271,0.08604747426747363
0.9038929440389294,0.6890080428954424,0.6798941798941799,0.6844207723035952,0.9278847128463986,0.7418433772641778,0.08443551229416053
0.8969991889699919,0.7062146892655368,0.625,0.6631299734748011,0.9252456437560503,0.7442066082821192,0.08767230513234221
0.8986212489862125,0.6483516483516484,0.659217877094972,0.6537396121883656,0.9149568549712189,0.687775600974195,0.09281559188561582
0.8937550689375506,0.6640826873385013,0.6606683804627249,0.6623711340206185,0.9248904329831067,0.7449883287747339,0.0885319030460538
0.8994322789943228,0.6571428571428571,0.6856368563685636,0.6710875331564987,0.9294733862932335,0.7238657935466929,0.08887885333293657
0.907948094079481,0.711484593837535,0.671957671957672,0.691156462585034,0.931864369843297,0.7371524352489212,0.08105630425930385
0.8880778588807786,0.6597402597402597,0.6365914786967418,0.6479591836734694,0.9151749717787454,0.7139915583886552,0.09346420406267526
0.897404703974047,0.6560693641618497,0.628808864265928,0.6421499292786421,0.9185792960962227,0.7109775304330477,0.08879343735846339
0.8994322789943228,0.6675675675675675,0.6639784946236559,0.6657681940700808,0.918237976399544,0.7127674984200795,0.08994663793970532
0.9047039740470397,0.6893939393939394,0.7090909090909091,0.6991037131882202,0.9324538028045957,0.7520558155028152,0.08346521162286423
0.8864557988645579,0.6737967914438503,0.6146341463414634,0.6428571428571429,0.9088224826800797,0.7024998960646178,0.09575652943038786
0.9010543390105434,0.6565934065934066,0.6675977653631285,0.6620498614958449,0.9215796698928265,0.7149357339405602,0.08701270562291008
0.889294403892944,0.6683673469387755,0.6469135802469136,0.657465495608532,0.9149783456430716,0.7140068747686763,0.09518786621961565
0.9002433090024331,0.6769662921348315,0.6478494623655914,0.6620879120879121,0.9284861509073543,0.7235259395030588,0.08349776691118525
0.8909164639091647,0.6884816753926701,0.6368038740920097,0.6616352201257861,0.9182935502170685,0.7294872009321809,0.08911463900743453
0.9034874290348743,0.6597633136094675,0.6445086705202312,0.652046783625731,0.926387828552732,0.7206472497840714,0.08115951821971942
0.8917274939172749,0.6438746438746439,0.6141304347826086,0.6286509040333796,0.9170379657644963,0.7025793174116811,0.0876880087236032
0.8990267639902676,0.6657754010695187,0.6675603217158177,0.6666666666666666,0.9202845179066184,0.7365304945550898,0.08803322423070646
0.9002433090024331,0.6639118457300276,0.6602739726027397,0.6620879120879121,0.9235471693192413,0.7101230240735473,0.08693405593792303
0.9002433090024331,0.6524216524216524,0.6487252124645893,0.6505681818181818,0.9128436000530911,0.6870568407317689,0.08904218828479318
0.8941605839416058,0.6434108527131783,0.6693548387096774,0.6561264822134387,0.9239583654270779,0.7120018120781938,0.08663797512447659
0.894566098945661,0.6675,0.6776649746192893,0.672544080604534,0.9271811241988906,0.7503992161392462,0.09009470629151665
0.8860502838605029,0.6584766584766585,0.6536585365853659,0.6560587515299877,0.9171158773844548,0.7212451595830134,0.09420124305094978
0.8921330089213301,0.6824146981627297,0.6419753086419753,0.6615776081424937,0.9281638423155486,0.7374470977495019,0.08514199757997373
0.8896999188969992,0.6531645569620254,0.6564885496183206,0.6548223350253807,0.9219837263053754,0.7169083083484593,0.09064817054650438
0.8929440389294404,0.6571428571428571,0.6149732620320856,0.6353591160220995,0.911178055439106,0.6948536504799491,0.09055215021411786
0.8933495539334956,0.6630434782608695,0.6370757180156658,0.6498002663115846,0.9284622876474857,0.7348647611806876,0.08579278848519864
0.9034874290348743,0.6942148760330579,0.6649076517150396,0.6792452830188679,0.9311228069731836,0.7599803114552495,0.08133365588203356
0.8876723438767234,0.6445623342175066,0.6295336787564767,0.6369593709043251,0.9182729673176564,0.697495360249844,0.09086589455211103
0.9047039740470397,0.7052341597796143,0.6666666666666666,0.6854082998661312,0.9291959353986551,0.7582992982033667,0.08154768552984276
0.8929440389294404,0.6272493573264781,0.6721763085399449,0.648936170212766,0.924423852059697,0.7048350353460267,0.09022895183875297
0.9022708840227088,0.6846153846153846,0.6935064935064935,0.6890322580645162,0.9382040352727522,0.7591630554650098,0.08128235851314008
0.8978102189781022,0.6559139784946236,0.6630434782608695,0.6594594594594595,0.9242925456956936,0.7329283186759825,0.08654544724504216
0.9055150040551501,0.6876712328767123,0.6783783783783783,0.6829931972789116,0.9261153806478235,0.7503444267955407,0.08308889559240512
0.8925385239253852,0.6649746192893401,0.6632911392405063,0.6641318124207858,0.9245261568740106,0.7369153584264149,0.08860866453262202
0.8884833738848338,0.6640826873385013,0.6393034825870647,0.6514575411913816,0.9149323633769137,0.7027315099750079,0.09393135164707335
0.8852392538523925,0.6095505617977528,0.6011080332409973,0.6052998605299861,0.915894750001645,0.6847767744296843,0.09221346002321867
0.8990267639902676,0.6675603217158177,0.6657754010695187,0.6666666666666666,0.9303023486467419,0.7390991301169841,0.08375679860947575
0.9018653690186537,0.6966292134831461,0.6492146596858639,0.6720867208672087,0.9237496357186643,0.7466347544021925,0.08353671404747737
0.8860502838605029,0.6151515151515151,0.5686274509803921,0.5909752547307132,0.9135969228848486,0.6725695857856537,0.09054557429758052
0.8905109489051095,0.6358543417366946,0.6185286103542235,0.6270718232044199,0.9190441017066644,0.7011055178765927,0.08961279750924799
0.8856447688564477,0.6788321167883211,0.6503496503496503,0.6642857142857143,0.9100361265309719,0.723190101023043,0.09932213757299098
0.9018653690186537,0.7048346055979644,0.6873449131513648,0.6959798994974874,0.9339442787912758,0.7663195050964233,0.08295075549606525
0.9047039740470397,0.7101827676240209,0.6868686868686869,0.6983311938382541,0.9353120577758259,0.7738473014073265,0.07974123857931978
0.9034874290348743,0.656084656084656,0.6966292134831461,0.6757493188010899,0.932472442622078,0.7526779442567189,0.08509575202585007
0.9095701540957015,0.6812865497076024,0.6714697406340058,0.6763425253991292,0.9316313360796309,0.7296403668562985,0.08102689091235957
0.8965936739659367,0.6875,0.6790123456790124,0.6832298136645962,0.9244283908686303,0.7361991508897516,0.08863261813344214
0.8937550689375506,0.6547945205479452,0.6373333333333333,0.6459459459459459,0.919246293639407,0.7088012505419852,0.08775313799760269
0.8965936739659367,0.6831395348837209,0.6167979002624672,0.6482758620689655,0.918395991867923,0.7140885092049797,0.08738257618465346
0.8921330089213301,0.6544943820224719,0.6196808510638298,0.6366120218579235,0.9155107910007126,0.7040678933765179,0.09114839708589893
0.8933495539334956,0.6824146981627297,0.6467661691542289,0.6641123882503193,0.9240269100235258,0.7269812398178119,0.0899091482886749
0.8978102189781022,0.6772616136919315,0.6977329974811083,0.6873449131513648,0.9271444972138794,0.7676606761026398,0.08730392223294461
0.8933495539334956,0.6739130434782609,0.6342710997442456,0.6534914361001317,0.926807382984624,0.716170528074256,0.08707744058393611
0.8913219789132197,0.6858638743455497,0.6390243902439025,0.6616161616161617,0.9063905760652937,0.7239327155681139,0.09607394107203504
0.8905109489051095,0.6570680628272252,0.6435897435897436,0.6502590673575129,0.923331357146386,0.7023676378031923,0.08766943378995973
0.9014598540145985,0.6684931506849315,0.6666666666666666,0.667578659370725,0.9245628415300546,0.7194852966684497,0.08473510228961707
0.8998377939983779,0.6568364611260054,0.6730769230769231,0.6648575305291723,0.9220901600777909,0.7229664476667121,0.08598567168336661
0.8901054339010543,0.662303664921466,0.640506329113924,0.6512226512226512,0.9135243171219187,0.7061107853816776,0.09226319730329652
0.8876723438767234,0.6470588235294118,0.6649874055415617,0.6559006211180124,0.9149834488484805,0.7193992841748948,0.09518227990623007
0.8957826439578265,0.6544502617801047,0.6666666666666666,0.6605019815059445,0.9228834688346883,0.7208647643765087,0.08728785476250109
0.907948094079481,0.6981627296587927,0.7037037037037037,0.7009222661396575,0.9263757120557886,0.7425517939147098,0.0852970908978741
0.8933495539334956,0.6556122448979592,0.6675324675324675,0.6615186615186616,0.9231950173805051,0.7300554089990985,0.0922163812202678
0.8921330089213301,0.6555555555555556,0.6243386243386243,0.6395663956639567,0.9210226236088304,0.722807052879902,0.08808911464492382
0.9103811841038119,0.72,0.6994818652849741,0.709592641261498,0.9349554105221204,0.7739452632915769,0.07823437987334872
0.8998377939983779,0.6883468834688347,0.6580310880829016,0.6728476821192053,0.9247645974491829,0.7424930143240447,0.08417950939956229
0.8969991889699919,0.6936416184971098,0.6185567010309279,0.6539509536784741,0.919641705446355,0.7368192783787556,0.0863263720950697
0.8884833738848338,0.6339522546419099,0.6356382978723404,0.6347941567065073,0.9159434490481524,0.7112941350713091,0.09241263893995463
0.9006488240064883,0.7123655913978495,0.6575682382133995,0.6838709677419355,0.9277919241173507,0.7524018176874132,0.0860226521471887
0.8888888888888888,0.6263440860215054,0.6331521739130435,0.6297297297297297,0.9163942367472127,0.6995978470817276,0.09332355623902489
0.9030819140308192,0.6781002638522428,0.6871657754010695,0.6826029216467463,0.9268182329424035,0.7293391866772588,0.08574484755463144
0.894566098945661,0.6818181818181818,0.691747572815534,0.6867469879518072,0.9222296537185317,0.74924185593644,0.0904001786690941
0.8986212489862125,0.6397694524495677,0.6397694524495677,0.6397694524495677,0.920003318405044,0.7115029720975151,0.08861505353597623
0.8921330089213301,0.6754617414248021,0.6416040100250626,0.6580976863753213,0.9227240816118671,0.7312290070035766,0.0886397175204583
0.8937550689375506,0.6269035532994924,0.6823204419889503,0.6534391534391535,0.9227911056025881,0.7014723360574057,0.08901623478755763
0.9002433090024331,0.6788511749347258,0.6788511749347258,0.6788511749347258,0.9208337041498442,0.7389535230929856,0.08620693950170194
0.9010543390105434,0.6771653543307087,0.6807387862796834,0.6789473684210526,0.9290822822017946,0.7387263137922314,0.08343821214603195
0.8864557988645579,0.6099476439790575,0.6401098901098901,0.6246648793565683,0.9230481697180081,0.7008382003398569,0.09090466325528705
0.8937550689375506,0.6428571428571429,0.6567567567567567,0.6497326203208557,0.9241747472663504,0.7202815422753865,0.08913435375541914
0.8896999188969992,0.671604938271605,0.6618004866180048,0.6666666666666666,0.9190556532343521,0.7411884770703219,0.09148163007116267
0.8953771289537713,0.6950904392764858,0.6577017114914425,0.6758793969849246,0.9226399687155672,0.7324534508004891,0.08759221158542
0.8828061638280617,0.6236559139784946,0.6089238845144357,0.6162018592297477,0.9085078393977731,0.6788368819162416,0.09612180323624771
0.8949716139497161,0.6417112299465241,0.6575342465753424,0.6495263870094723,0.9236436660950754,0.71836339198127,0.08851876240796101
0.8921330089213301,0.6569148936170213,0.6432291666666666,0.65,0.9173633625520332,0.7042819364245138,0.09089484250575589
0.8941605839416058,0.6675675675675675,0.6415584415584416,0.6543046357615894,0.9168618983131237,0.702907585468691,0.09063512629435723
0.8888888888888888,0.6476683937823834,0.6443298969072165,0.6459948320413437,0.9140380818193545,0.7065519199514017,0.09162254084136946
0.8937550689375506,0.6798941798941799,0.6457286432160804,0.6623711340206185,0.9184899351690756,0.7275793312907473,0.0904708435635363
0.8941605839416058,0.6843434343434344,0.6658476658476659,0.6749688667496887,0.9191730915868848,0.7479401403738745,0.09014532051068638
0.8905109489051095,0.6749311294765841,0.6171284634760705,0.6447368421052632,0.9248130919060669,0.7259215583910887,0.0868028849745123
0.8872668288726683,0.625,0.6216216216216216,0.6233062330623306,0.9180240354858675,0.7118362452130698,0.09076037258962662
0.8917274939172749,0.654639175257732,0.6563307493540051,0.655483870967742,0.9282588404035432,0.7151768378505119,0.0880294950317225
0.897404703974047,0.7008086253369272,0.6467661691542289,0.6727037516170763,0.9247608854950056,0.7420852088926326,0.08674212029920363
0.8909164639091647,0.6510416666666666,0.6493506493506493,0.6501950585175552,0.9198275055074672,0.7169600963097474,0.08921121146944737
0.8901054339010543,0.6650485436893204,0.6732186732186732,0.6691086691086691,0.9207112538826965,0.7375353711293041,0.0913407323892081
0.8953771289537713,0.7039274924471299,0.5928753180661578,0.643646408839779,0.9272556767060804,0.7249567112745642,0.08478968809791322
0.8953771289537713,0.651595744680851,0.6586021505376344,0.6550802139037433,0.921670723315977,0.7155838754872541,0.08829098543207435
0.9075425790754258,0.7349397590361446,0.6354166666666666,0.6815642458100558,0.9261727505603586,0.7379794915154023,0.07982949989715499
0.8929440389294404,0.6470588235294118,0.6675461741424802,0.6571428571428571,0.9250164038469075,0.7229830626087541,0.08993292916391774
0.8998377939983779,0.6811989100817438,0.6578947368421053,0.6693440428380187,0.9270033304738357,0.7323933629900855,0.0859569268285058
0.8953771289537713,0.6741854636591479,0.6775818639798489,0.6758793969849246,0.9217280887467996,0.7457227649581015,0.08942353943044754
0.8937550689375506,0.6434540389972145,0.6328767123287671,0.638121546961326,0.9200798054416357,0.7096563532771887,0.08811645533723007
0.9047039740470397,0.6804407713498623,0.674863387978142,0.6776406035665294,0.9278389279208952,0.7284133206892386,0.081847617401605
0.8888888888888888,0.6219839142091153,0.6356164383561644,0.6287262872628726,0.9168289073044148,0.6827309885779724,0.09288089637432771
0.8876723438767234,0.6299212598425197,0.6382978723404256,0.6340819022457067,0.9097857070141505,0.6890174807696616,0.0961896700447611
0.8905109489051095,0.6584158415841584,0.6683417085427136,0.6633416458852868,0.9183903074366027,0.7238649854828979,0.092321244946347
0.8925385239253852,0.6519480519480519,0.6570680628272252,0.6544980443285529,0.916963953733758,0.7327623689547207,0.09089135634894266
0.8957826439578265,0.6775818639798489,0.6758793969849246,0.6767295597484276,0.9297563737449335,0.7456179825474665,0.08621765004383312
0.8969991889699919,0.6774193548387096,0.6876574307304786,0.6825,0.9295842550399139,0.749570466137273,0.08704294749583319
0.8957826439578265,0.6649076517150396,0.6596858638743456,0.6622864651773982,0.9259554220136468,0.7176971849120073,0.08761168083325697
0.883617193836172,0.6354166666666666,0.6240409207161125,0.6296774193548387,0.9199580932425353,0.7113573237440113,0.09371669185291594
0.8856447688564477,0.6428571428571429,0.6062176165803109,0.624,0.9058041052212036,0.687213945394421,0.09616215749182894
0.8978102189781022,0.6961038961038961,0.6650124069478908,0.6802030456852792,0.9235171502148813,0.7345010566934477,0.08752953466620784
0.8949716139497161,0.6587301587301587,0.6569920844327177,0.6578599735799208,0.9185041714445373,0.7114759328040161,0.09051778493432967
0.9063260340632603,0.7007672634271099,0.7061855670103093,0.7034659820282413,0.9258381869958228,0.7494320005392926,0.08660364862885825
0.9014598540145985,0.6703296703296703,0.6648501362397821,0.667578659370725,0.9265291763432177,0.7372659450824395,0.08509464968082106
0.8868613138686131,0.6531645569620254,0.645,0.6490566037735849,0.9222458857696032,0.724258825132093,0.09113491269885128
0.8872668288726683,0.6555269922879178,0.6390977443609023,0.6472081218274112,0.9191120035211395,0.7172139756458815,0.09037501119270665
0.8982157339821574,0.6692708333333334,0.6745406824146981,0.6718954248366014,0.9321764635535666,0.7317563243492178,0.08401532658933973
0.8994322789943228,0.660759493670886,0.696,0.6779220779220779,0.9263931133428982,0.7394932994526483,0.08759553901511896
0.8949716139497161,0.7175572519083969,0.6558139534883721,0.6852976913730255,0.927753917850779,0.7601768529102277,0.08710002772512059
0.8994322789943228,0.6844783715012722,0.6844783715012722,0.6844783715012722,0.9211208203375767,0.7220819468568996,0.0892765089917325
0.8848337388483374,0.6333333333333333,0.6,0.6162162162162163,0.9088345864661653,0.6673893879000633,0.09450172680356825
0.9042984590429846,0.6772334293948127,0.6545961002785515,0.6657223796033994,0.9234650911605169,0.7115060982250029,0.08259327254153613
0.8925385239253852,0.6451612903225806,0.6434316353887399,0.6442953020134228,0.9086857890914306,0.6952648081360612,0.09464372372412098
0.8856447688564477,0.6253369272237197,0.6186666666666667,0.6219839142091153,0.9056897816036984,0.6718053634018776,0.09626527765715134
0.8925385239253852,0.6581920903954802,0.6180371352785146,0.6374829001367989,0.9185045323933754,0.7093644370332894,0.08872346665022524
0.9022708840227088,0.6608187134502924,0.6438746438746439,0.6522366522366523,0.9198291945336864,0.722145378997998,0.08248876059262868
0.8937550689375506,0.6529562982005142,0.6666666666666666,0.6597402597402597,0.9147642515908532,0.7307101678986078,0.09265908142897816
0.8982157339821574,0.6867816091954023,0.6272965879265092,0.6556927297668038,0.921127664797296,0.7313157875637161,0.08431271176004561
0.8905109489051095,0.6595744680851063,0.6358974358974359,0.6475195822454308,0.9143928165604467,0.7309703916641715,0.09021905550374906
0.8913219789132197,0.6596306068601583,0.6426735218508998,0.6510416666666666,0.9089006414977109,0.6904074341788667,0.09578019252397371
0.8941605839416058,0.6702127659574468,0.6478149100257069,0.6588235294117647,0.9199235599100442,0.7042283809711297,0.08870362711487452
0.8933495539334956,0.6805555555555556,0.6234096692111959,0.650730411686587,0.9182657431240633,0.7205051602609034,0.0887864670719804
0.8896999188969992,0.6937669376693767,0.6168674698795181,0.6530612244897959,0.9207509707283547,0.7226855456996174,0.09032376122713905
0.8933495539334956,0.6640826873385013,0.658974358974359,0.6615186615186616,0.9268329133936071,0.7433114307714812,0.08820798399624559
0.9055150040551501,0.6648199445983379,0.6818181818181818,0.6732117812061711,0.9290619355809753,0.7119191156000753,0.08303588410381604
0.8969991889699919,0.6936708860759494,0.6732186732186732,0.683291770573566,0.9281085138297378,0.7563229095079498,0.08774639941679382
0.883617193836172,0.6304909560723514,0.6288659793814433,0.6296774193548387,0.9109869720091682,0.6924707216688415,0.09772783388635796
0.889294403892944,0.6363636363636364,0.6346666666666667,0.6355140186915887,0.9184556033795632,0.7057044365599723,0.09341918701683029
0.8953771289537713,0.6528497409326425,0.6702127659574468,0.6614173228346457,0.9191540262648886,0.7052763460169083,0.0882796970248832
0.8795620437956204,0.6370192307692307,0.6447688564476886,0.6408706166868199,0.9115468177432053,0.7135674191417186,0.09874477440629477
0.8937550689375506,0.6460674157303371,0.6284153005464481,0.6371191135734072,0.9183242258652096,0.6919821223684391,0.08999896231384617
0.8969991889699919,0.655786350148368,0.6155988857938719,0.6350574712643678,0.9294419847358519,0.7497229122702227,0.0828133719207897
0.9059205190592052,0.7049180327868853,0.675392670157068,0.6898395721925134,0.9281737697339991,0.7405277660154315,0.0820413113012562
0.8937550689375506,0.6703910614525139,0.625,0.6469002695417789,0.9193959133845662,0.7116629384518964,0.08911937923969053
0.8872668288726683,0.644808743169399,0.6145833333333334,0.6293333333333333,0.9088078870477106,0.6743614404145597,0.09643695253524542
0.8982157339821574,0.6921052631578948,0.6624685138539043,0.676962676962677,0.9232718077704583,0.7323861372655351,0.08575325806168935
0.8986212489862125,0.6875,0.6520618556701031,0.6693121693121693,0.9266183284879395,0.7426890532780602,0.08525423233545787
0.8872668288726683,0.6435643564356436,0.6598984771573604,0.6516290726817042,0.9167471042471043,0.7255818999012523,0.09442678718855098
0.8909164639091647,0.6529411764705882,0.5951742627345844,0.6227208976157083,0.9133175950986884,0.7070172327096386,0.08875455791552483
0.884022708840227,0.6253164556962025,0.6415584415584416,0.6333333333333333,0.9078240356471976,0.6950286991763555,0.0959825430168748
0.8803730738037308,0.6301020408163265,0.6221662468513854,0.6261089987325729,0.9056967858260296,0.6829505640812595,0.09979201571874524
0.9055150040551501,0.6775956284153005,0.6831955922865014,0.6803840877914952,0.9249163925600186,0.7285201620198678,0.0856704715441266
0.8868613138686131,0.6295336787564767,0.6411609498680739,0.6352941176470588,0.9161412589304565,0.6999986027987274,0.09417096301987196
0.8913219789132197,0.6263736263736264,0.6333333333333333,0.6298342541436464,0.9146090534979423,0.6842981283395055,0.09343568195197699
0.9010543390105434,0.6921052631578948,0.6743589743589744,0.6831168831168831,0.9241045402895114,0.7405449929220163,0.08763454023214699
0.894566098945661,0.6346666666666667,0.6592797783933518,0.6467391304347826,0.923360156861713,0.7293502272880881,0.089586733615636
0.894566098945661,0.6810810810810811,0.6395939086294417,0.6596858638743456,0.9170496638770751,0.7243226276603388,0.09058986735641764
0.8986212489862125,0.6920980926430518,0.649616368286445,0.6701846965699209,0.9166856685052229,0.7361595965256112,0.08563592393791973
0.8937550689375506,0.6415094339622641,0.6485013623978202,0.6449864498644986,0.9242081022103428,0.7081426113618814,0.08768754823807204
0.8998377939983779,0.6766304347826086,0.6604774535809018,0.6684563758389261,0.9206923216596217,0.7332421225639557,0.08729082501477123
0.8921330089213301,0.6502732240437158,0.6329787234042553,0.6415094339622641,0.9202305812888121,0.714712022238938,0.08735848730086794
0.8917274939172749,0.6470588235294118,0.6821705426356589,0.6641509433962264,0.9197313357520076,0.7297035745937515,0.09369168969823351
0.9059205190592052,0.7105263157894737,0.6887755102040817,0.6994818652849741,0.9331888493102158,0.7545547174781158,0.08277818877417016
0.9034874290348743,0.6720430107526881,0.6830601092896175,0.6775067750677507,0.9297957325006506,0.7452972547948291,0.08340077377412639
0.889294403892944,0.6630727762803235,0.6243654822335025,0.6431372549019608,0.9107669580385316,0.7082666169427501,0.09384653348839614
0.8937550689375506,0.6666666666666666,0.6867167919799498,0.6765432098765433,0.929557808405872,0.7435139707291064,0.08864882886308194
0.9018653690186537,0.6933333333333334,0.6718346253229974,0.6824146981627297,0.9263746111291331,0.7419083848863074,0.08598553306423992
0.897404703974047,0.6747311827956989,0.6553524804177546,0.6649006622516557,0.9241654121578513,0.7118104579540679,0.08709616498349
0.9030819140308192,0.6448863636363636,0.6656891495601173,0.6551226551226551,0.9261714680006901,0.709102272033047,0.08516379106680257
0.8941605839416058,0.6762402088772846,0.6540404040404041,0.6649550706033376,0.9196689113355779,0.7112973466862004,0.09239232005432929
0.8888888888888888,0.6657963446475196,0.6359102244389028,0.6505102040816326,0.9206608176894326,0.7380955018249096,0.09140904294792843
0.8905109489051095,0.6638888888888889,0.615979381443299,0.6390374331550802,0.9164219163946301,0.7130137144418339,0.08992201482267154
0.8864557988645579,0.6435643564356436,0.6565656565656566,0.65,0.9125542868296492,0.7063428515074399,0.0967872817324015
0.8933495539334956,0.6368563685636857,0.6456043956043956,0.6412005457025921,0.9081473949456822,0.6850442853140645,0.09482119317029727
0.8965936739659367,0.6763157894736842,0.6606683804627249,0.6684005201560468,0.9214149832972958,0.7295319217682029,0.0895651898785055
0.8961881589618816,0.6942355889724311,0.6739659367396593,0.6839506172839506,0.9308244682425512,0.7616317359277276,0.08526572826240872
0.9071370640713706,0.6747967479674797,0.6955307262569832,0.6850068775790922,0.9297289919752367,0.7232610006458414,0.0843092433514313
0.9051094890510949,0.7125,0.7054455445544554,0.7089552238805971,0.9307302820485734,0.7642778593208709,0.08387934191559816
0.897404703974047,0.6802030456852792,0.6784810126582278,0.679340937896071,0.9207708622386299,0.7336511779692275,0.08977894510027094
0.8957826439578265,0.6351351351351351,0.6582633053221288,0.6464924346629987,0.9238862923073449,0.7178974598855322,0.08951985697623902
0.8965936739659367,0.6545454545454545,0.6737967914438503,0.6640316205533597,0.9265063751904377,0.7397477311818006,0.08849257542095088
0.8909164639091647,0.6589147286821705,0.6505102040816326,0.6546854942233633,0.9234349477495917,0.7276478534162583,0.08990676743385936
0.9055150040551501,0.6780104712041884,0.7018970189701897,0.6897470039946738,0.9354827453853938,0.7613848025483478,0.08336673625986984
0.8860502838605029,0.6365914786967418,0.6512820512820513,0.6438529784537389,0.9190133886665679,0.7176451164844473,0.09257567523784428
0.8925385239253852,0.6925,0.6610978520286396,0.6764346764346765,0.9307304595000774,0.7550836472567988,0.08613823208829624
0.894566098945661,0.714987714987715,0.6689655172413793,0.6912114014251781,0.9230151049536777,0.7620224950181472,0.08927432421369792
0.8957826439578265,0.6598984771573604,0.6788511749347258,0.6692406692406693,0.9215945569567894,0.7318536687118314,0.08862105469850819
0.9047039740470397,0.7222222222222222,0.6774193548387096,0.6991037131882202,0.9342064905838302,0.7705181433494459,0.07950368336935267
0.894566098945661,0.6297229219143576,0.6887052341597796,0.6578947368421053,0.9134163578463929,0.6967021187491412,0.09513453620140078
0.8925385239253852,0.6809045226130653,0.6625916870415648,0.6716232961586122,0.9228337134930757,0.7364205048052055,0.09051454829207478
0.8957826439578265,0.6773333333333333,0.6512820512820513,0.6640522875816993,0.9270515290746504,0.7306301233112502,0.08655368808372323
0.8901054339010543,0.6768802228412256,0.6105527638190955,0.6420079260237781,0.9164888757131888,0.7203093210316621,0.09098321411432894
0.8860502838605029,0.6422764227642277,0.6139896373056994,0.6278145695364239,0.9181608708648864,0.6989757036131403,0.09089720693250326
0.8953771289537713,0.6839378238341969,0.66,0.6717557251908397,0.9261447241045498,0.7340464857606914,0.0874199126416359
0.8925385239253852,0.6410958904109589,0.6358695652173914,0.6384720327421555,0.9108092075268371,0.6999466835750446,0.09311232649984952
0.889294403892944,0.6768447837150128,0.6456310679611651,0.6608695652173913,0.9219614108393757,0.7350067733823924,0.0902427416968935
0.8969991889699919,0.66,0.6311475409836066,0.6452513966480447,0.9156466302367942,0.7088665604552191,0.09127352378596587
0.9002433090024331,0.6772486772486772,0.6736842105263158,0.6754617414248021,0.9215950951203511,0.7302282541488492,0.08611356265351099
0.8998377939983779,0.6821917808219178,0.6552631578947369,0.6684563758389261,0.9244878134934652,0.7412979188510844,0.08517975472118239
0.9022708840227088,0.7043701799485861,0.685,0.6945500633713562,0.9327855759922555,0.7658665061850572,0.0821946607305591
0.8957826439578265,0.6569148936170213,0.6586666666666666,0.6577896138482024,0.9192615973218556,0.7096794323538896,0.08976608824514215
0.9006488240064883,0.6666666666666666,0.6684782608695652,0.6675712347354138,0.9244557446014839,0.7178047588148355,0.08503730238515396
0.8978102189781022,0.6765498652291105,0.6553524804177546,0.6657824933687002,0.9166609216221331,0.7072117346937494,0.09089057793521924
0.8953771289537713,0.6522911051212938,0.6522911051212938,0.6522911051212938,0.9270950601161796,0.7266295458642288,0.08594204586217447
0.9014598540145985,0.6565096952908587,0.6657303370786517,0.6610878661087866,0.9270528249640556,0.7290361864937493,0.0848364333787378
0.8868613138686131,0.6333333333333333,0.6449086161879896,0.6390685640362225,0.9236076205613264,0.7158516229753294,0.09095729372109419
0.8978102189781022,0.656,0.6666666666666666,0.6612903225806451,0.9310138499572883,0.7445461323867053,0.08457233019142396
0.8986212489862125,0.6967418546365914,0.683046683046683,0.6898263027295285,0.9213854677672064,0.7436727697051753,0.08773210973399341
0.8949716139497161,0.6702412868632708,0.6476683937823834,0.6587615283267457,0.925844459944201,0.7333718004867642,0.08499298104104575
0.9014598540145985,0.6854838709677419,0.6692913385826772,0.6772908366533864,0.9264386915664319,0.7359385496607648,0.0839739788897393
0.902676399026764,0.67828418230563,0.67828418230563,0.67828418230563,0.9328618694512155,0.7456857817431963,0.08224150928520584
0.9022708840227088,0.6808510638297872,0.6790450928381963,0.6799468791500664,0.9261586204357041,0.7511595292967845,0.08526868149468417
0.8953771289537713,0.6570680628272252,0.6640211640211641,0.6605263157894737,0.9206108475744491,0.7359526199698548,0.09126160785064888
0.8864557988645579,0.6658653846153846,0.6626794258373205,0.6642685851318945,0.914769222861842,0.7138801433816173,0.09547785205142868
0.8941605839416058,0.6322188449848024,0.5977011494252874,0.6144756277695717,0.9232264769409442,0.6842282227695126,0.08445122444031615
0.8872668288726683,0.6497175141242938,0.5989583333333334,0.6233062330623306,0.9125815521934038,0.6851875727562985,0.09165075770655123
0.8969991889699919,0.6430517711171662,0.6573816155988857,0.650137741046832,0.9206002540939936,0.7055157233290694,0.08870500904183747
0.9006488240064883,0.6568364611260054,0.6767955801104972,0.6666666666666666,0.9217407516333005,0.7282413718897625,0.08691985341028063
0.9014598540145985,0.6894736842105263,0.6770025839793282,0.6831812255541069,0.9250807571221008,0.735887370903917,0.08719594293415885
0.9099756690997567,0.711484593837535,0.6809651474530831,0.6958904109589041,0.9348383287070781,0.7623795708376229,0.07882136742708433
0.8949716139497161,0.6762177650429799,0.6178010471204188,0.6456908344733242,0.9183318929565575,0.7275450480615735,0.08422304167710054
0.8994322789943228,0.6483516483516484,0.6629213483146067,0.6555555555555556,0.9149368975983811,0.7125367930810589,0.08835676194104877
0.9034874290348743,0.6394366197183099,0.6735905044510386,0.6560693641618497,0.9292447241917118,0.7070716587265545,0.08343411489243664
0.8921330089213301,0.6353591160220995,0.6318681318681318,0.6336088154269972,0.9165446827197541,0.702601939606993,0.0894254480378738
0.8994322789943228,0.680306905370844,0.6838046272493573,0.6820512820512821,0.9355259526234818,0.7628627204197953,0.08212939235897684
0.8994322789943228,0.6314285714285715,0.65,0.6405797101449275,0.9216562448121299,0.6923701988678208,0.08748153498595299
0.8864557988645579,0.6279683377308707,0.6312997347480106,0.6296296296296297,0.915449499906673,0.6857087241151574,0.09334471197635968
0.889294403892944,0.6555269922879178,0.6472081218274112,0.6513409961685823,0.9237231248652569,0.7451128259751814,0.08740581262850422
0.9034874290348743,0.6952141057934509,0.7022900763358778,0.6987341772151898,0.9377676634887668,0.7799896762994027,0.0815086824451063
0.8921330089213301,0.6596858638743456,0.6494845360824743,0.6545454545454545,0.9186941250012404,0.7214045146667694,0.0912548115991246
0.8860502838605029,0.6201550387596899,0.6417112299465241,0.6307490144546649,0.9144563961513686,0.6958682936413372,0.09549919965404575
0.8909164639091647,0.6270718232044199,0.628808864265928,0.627939142461964,0.9180147518439805,0.7131447408467144,0.09187818143704357
0.9014598540145985,0.6804407713498623,0.660427807486631,0.6702849389416553,0.928142350282717,0.7386874524228946,0.08586798434325388
0.8949716139497161,0.6497175141242938,0.6301369863013698,0.6397774687065368,0.9194056320212814,0.7130701748192868,0.08828854623236611
0.894566098945661,0.675,0.675,0.675,0.9223983543078412,0.7406281208605758,0.08810622001320514
0.9010543390105434,0.6630434782608695,0.6703296703296703,0.6666666666666666,0.931020691962652,0.7484895737033161,0.08254493255194625
0.8982157339821574,0.6657894736842105,0.6710875331564987,0.6684280052840158,0.9226540943911077,0.7115020925977479,0.09042500926946649
0.8917274939172749,0.6501240694789082,0.6752577319587629,0.6624525916561315,0.9314542135082304,0.7473002690669265,0.0877240066306955
0.8998377939983779,0.6762402088772846,0.6780104712041884,0.677124183006536,0.9342685733235522,0.7597251744733162,0.08378367569465514
0.8759124087591241,0.6020942408376964,0.5989583333333334,0.6005221932114883,0.9043537864233109,0.6705763694811906,0.10017363945776812
0.8913219789132197,0.6666666666666666,0.6361323155216285,0.6510416666666666,0.9276496920910924,0.7329132703367067,0.08521870719938776
0.9030819140308192,0.672316384180791,0.6592797783933518,0.6657342657342658,0.9279923148288274,0.7319899704160708,0.08428559207401831
0.9051094890510949,0.6901408450704225,0.6639566395663956,0.6767955801104972,0.9328838591199455,0.74222534954429,0.08151045114421579
0.897404703974047,0.7080103359173127,0.6618357487922706,0.6841448189762797,0.9248665141113654,0.7431468871957342,0.08683539124195028
0.8937550689375506,0.6528189910979229,0.6027397260273972,0.6267806267806267,0.9201476139868165,0.6906674640232828,0.08718740509147314
0.9075425790754258,0.6710875331564987,0.7086834733893558,0.6893732970027248,0.9366181750082679,0.7548268974257821,0.07979929023840567
0.8917274939172749,0.681704260651629,0.6601941747572816,0.6707768187422934,0.9179791266862669,0.7332653097105547,0.09187982834634872
0.9010543390105434,0.6806526806526807,0.731829573934837,0.7053140096618358,0.9333638886766991,0.7326707573822909,0.0861053227421064
0.9022708840227088,0.6952908587257618,0.6570680628272252,0.6756393001345895,0.9324182753665424,0.765386303418722,0.08016018661692415
0.8925385239253852,0.6685082872928176,0.6253229974160207,0.6461949265687583,0.9195262580275501,0.7223683751398821,0.08882260878725004
0.8941605839416058,0.6428571428571429,0.675603217158177,0.6588235294117647,0.9190958243295346,0.7128463454155562,0.09023441422773995
0.8937550689375506,0.6684073107049608,0.6547314578005116,0.661498708010336,0.9186787045881737,0.7186082637059122,0.0912870869770319
0.8917274939172749,0.6619318181818182,0.6115485564304461,0.635743519781719,0.9157020840020896,0.7065036597853855,0.08928534848142747
0.902676399026764,0.6657142857142857,0.6544943820224719,0.660056657223796,0.9314180733798392,0.7432208831897797,0.081864733966867
0.8880778588807786,0.6593673965936739,0.6658476658476659,0.6625916870415648,0.9221086069070528,0.7272673692707644,0.09324822472178401
0.8994322789943228,0.6746666666666666,0.6675461741424802,0.6710875331564987,0.9257395638030628,0.726190716913005,0.0854486465184481
0.8986212489862125,0.6735751295336787,0.6770833333333334,0.6753246753246753,0.9318451308837656,0.752663777298723,0.08455448235662223
0.9067315490673155,0.696,0.6923076923076923,0.6941489361702128,0.9322293229788979,0.7586261991383879,0.08332284844746816
0.8909164639091647,0.6992481203007519,0.6518691588785047,0.6747279322853688,0.9219892142745774,0.7477856739271794,0.09072246685253228
0.8901054339010543,0.6534391534391535,0.6382428940568475,0.6457516339869281,0.9189023245870791,0.729715845605496,0.08866713534026789
0.9022708840227088,0.7146814404432132,0.6515151515151515,0.6816380449141347,0.9229029424681598,0.7399709219287207,0.08689253188826832
0.8941605839416058,0.6704545454545454,0.6194225721784777,0.6439290586630286,0.914059303738112,0.7103553168952592,0.09104805840880568
0.897404703974047,0.6459948320413437,0.6830601092896175,0.6640106241699867,0.9194834764506896,0.697436155813214,0.0898195771946553
0.8957826439578265,0.6780104712041884,0.6590330788804071,0.6683870967741935,0.92525982307359,0.7501376822103023,0.08603934085460538
0.8868613138686131,0.6596858638743456,0.628428927680798,0.6436781609195402,0.9152880510587937,0.7176552647633222,0.09266781141617426
0.8901054339010543,0.6600496277915633,0.665,0.6625155666251556,0.9195716360116166,0.7294447001872625,0.09150582448727561
0.8901054339010543,0.6512261580381471,0.6256544502617801,0.6381842456608812,0.9125398197184231,0.7091773675906339,0.092236190933298
0.8856447688564477,0.6344647519582245,0.6311688311688312,0.6328125,0.9163264414585894,0.6979890514987682,0.09396850496740622
0.8921330089213301,0.641566265060241,0.5916666666666667,0.615606936416185,0.9104859132636911,0.69711220656306,0.08978035816415765
0.8884833738848338,0.6480582524271845,0.672544080604534,0.6600741656365884,0.9242798514231312,0.7399956618544368,0.09226570209371054
0.8909164639091647,0.6692708333333334,0.6441102756892231,0.6564495530012772,0.9217916586337639,0.7263819288821151,0.08760594105921064
0.8856447688564477,0.6318537859007833,0.6318537859007833,0.6318537859007833,0.9164215099481192,0.689912960832147,0.09446973376669118
0.897404703974047,0.6487935656836461,0.6648351648351648,0.6567164179104478,0.9197023243169771,0.7148116983771763,0.09010482930873903
0.8982157339821574,0.6495726495726496,0.6404494382022472,0.6449787835926449,0.9159167154800576,0.6951996957249738,0.08822412111349003
0.8965936739659367,0.6824146981627297,0.6598984771573604,0.6709677419354839,0.9284415851674734,0.7521124564654175,0.08544607774107557
0.8852392538523925,0.6479217603911981,0.655940594059406,0.6519065190651907,0.9197861347725461,0.7190211965405835,0.094855852168232
0.8896999188969992,0.649171270718232,0.618421052631579,0.633423180592992,0.9132260180652976,0.6913326853922204,0.09050829885089261
0.8937550689375506,0.6434316353887399,0.6504065040650406,0.6469002695417789,0.9161041777322876,0.7302325565624309,0.09113503719175271
0.8925385239253852,0.637883008356546,0.6291208791208791,0.6334716459197787,0.9170635501510859,0.7118916487773047,0.09048812841656675
0.8937550689375506,0.6772486772486772,0.6464646464646465,0.661498708010336,0.920200800273264,0.7233020738583592,0.08879183585209759
0.8961881589618816,0.6502590673575129,0.6747311827956989,0.662269129287599,0.9286838483737458,0.7264132907750006,0.08568344063139217
0.8949716139497161,0.6693989071038251,0.639686684073107,0.6542056074766355,0.9227803341485029,0.7135048414959642,0.08692637191241544
0.8990267639902676,0.664,0.6693548387096774,0.6666666666666666,0.9226296844029537,0.7279105458734629,0.08650077883989142
0.8884833738848338,0.6707616707616708,0.6594202898550725,0.6650426309378806,0.9184676667514196,0.7361540822327728,0.09377327128961138
0.8994322789943228,0.7044334975369458,0.6908212560386473,0.697560975609756,0.9263473364032733,0.7758836961919728,0.0875914946005561
0.9075425790754258,0.7108108108108108,0.6848958333333334,0.6976127320954907,0.9310596281620237,0.7582839220879165,0.08111111539811433
0.8860502838605029,0.6237373737373737,0.6517150395778364,0.6374193548387097,0.9174775877305547,0.723882365323533,0.09423000791484298
0.9010543390105434,0.7002724795640327,0.6572890025575447,0.6781002638522428,0.9171343173204326,0.7472847205771157,0.08582126742744528
0.8856447688564477,0.6395663956639567,0.612987012987013,0.6259946949602122,0.912915244294389,0.7119971551400114,0.0949618226409592
0.9018653690186537,0.6728723404255319,0.6801075268817204,0.6764705882352942,0.9288661408427561,0.72602184353373,0.0838449010259322
0.9010543390105434,0.6684636118598383,0.6720867208672087,0.6702702702702703,0.9132778404560392,0.7129424484355055,0.08927132315319217
0.889294403892944,0.6550868486352357,0.6633165829145728,0.6591760299625468,0.9241359116666505,0.7241783971795209,0.09116796435723531
0.8990267639902676,0.6631853785900783,0.679144385026738,0.6710700132100397,0.9344638602877272,0.7454089917388278,0.08405244622954723
0.8941605839416058,0.6596306068601583,0.6544502617801047,0.657030223390276,0.9195214599391022,0.7291987495191041,0.08966377927908474
0.9014598540145985,0.6742424242424242,0.7007874015748031,0.6872586872586872,0.9283961806932407,0.7356844988712563,0.08488032077216669
0.8990267639902676,0.675392670157068,0.6736292428198434,0.6745098039215687,0.9257372563422158,0.7404621041953241,0.08679719711703997
0.8994322789943228,0.6773255813953488,0.6297297297297297,0.6526610644257703,0.9155611718588819,0.7031122089530218,0.08606668115103283
0.9022708840227088,0.6979166666666666,0.6819338422391857,0.6898326898326899,0.9294025081963792,0.7455253378720464,0.08547633869707547
0.9030819140308192,0.6914600550964187,0.6640211640211641,0.6774628879892037,0.9249832755579882,0.734304751358379,0.08559826970194492
0.8909164639091647,0.6569920844327177,0.6417525773195877,0.6492829204693612,0.9218853874165286,0.7164507292578413,0.08924680256304551
0.9042984590429846,0.7024539877300614,0.6222826086956522,0.659942363112392,0.9268286048824967,0.7309154320623015,0.08013464448489074
0.8848337388483374,0.6588541666666666,0.6231527093596059,0.640506329113924,0.9176730116217897,0.717917308087807,0.09278052404491328
0.902676399026764,0.6815476190476191,0.6325966850828729,0.6561604584527221,0.9292415919164759,0.7050496110872152,0.07935571266028332
0.8957826439578265,0.636094674556213,0.6160458452722063,0.6259097525473072,0.9148116015391841,0.6939236821279519,0.08916612511047707
0.894566098945661,0.659400544959128,0.6419098143236074,0.6505376344086021,0.9241358994251815,0.7208176328965233,0.08739565254082632
0.9030819140308192,0.6722689075630253,0.6629834254143646,0.6675938803894298,0.9285706783185934,0.7386873815398364,0.08193267721301419
0.8986212489862125,0.6637931034482759,0.6346153846153846,0.648876404494382,0.9244453215671103,0.7192681871427941,0.08621149911145021
0.8957826439578265,0.659846547314578,0.675392670157068,0.6675291073738681,0.9308003637788788,0.7214835220548693,0.08698561663385902
0.9038929440389294,0.6910569105691057,0.6746031746031746,0.6827309236947792,0.9264922763485981,0.75576325634987,0.08448711706552355
0.9038929440389294,0.7099236641221374,0.6940298507462687,0.7018867924528301,0.9290177021867407,0.7650416347182556,0.08636725567952551
0.8738848337388483,0.6161369193154034,0.6206896551724138,0.6184049079754601,0.903993495623894,0.6838307661447081,0.1020672997267372
0.8994322789943228,0.7043701799485861,0.6732186732186732,0.6884422110552764,0.9297409467394896,0.7469423383349035,0.08436563070822867
0.8994322789943228,0.6948717948717948,0.6775,0.6860759493670886,0.9233046950629236,0.7388207042133763,0.08716362894738489
0.8957826439578265,0.6300268096514745,0.6638418079096046,0.6464924346629987,0.9199556475774696,0.6925240996478662,0.09029874756412735
0.8937550689375506,0.6576819407008087,0.6437994722955145,0.6506666666666666,0.9207634141746937,0.73430590231629,0.08917182978110358
0.902676399026764,0.6527777777777778,0.6714285714285714,0.6619718309859155,0.923711855252498,0.7082413680626074,0.08360944003717671
0.8998377939983779,0.6904109589041096,0.6528497409326425,0.6711051930758988,0.9220805101634117,0.7237678279918186,0.08712595459138886
0.8957826439578265,0.6566757493188011,0.6478494623655914,0.652232746955345,0.9172071253247887,0.7160794481400932,0.08955146635983104
0.8982157339821574,0.6850828729281768,0.6441558441558441,0.6639892904953146,0.9186305285296155,0.7215569527353872,0.0873326103489111
0.8949716139497161,0.6164383561643836,0.6540697674418605,0.6346967559943583,0.9201417048418561,0.6907519335579739,0.0908033983268843
0.8933495539334956,0.6403269754768393,0.6420765027322405,0.6412005457025921,0.9160148321623731,0.6867414798134462,0.09055590785837422
0.8799675587996756,0.6287878787878788,0.6256281407035176,0.6272040302267002,0.9076062128825948,0.7017237981104231,0.09991653920877028
0.8957826439578265,0.6727272727272727,0.6641025641025641,0.6683870967741935,0.9224618348895806,0.7286329424480757,0.0898709112618421
0.8868613138686131,0.6649874055415617,0.6439024390243903,0.654275092936803,0.9146175381987283,0.7242952464856665,0.09506435277387182
0.8925385239253852,0.659217877094972,0.6226912928759895,0.6404341926729986,0.910799736527037,0.6897532788193923,0.09165504084607161
0.8965936739659367,0.6870026525198939,0.6540404040404041,0.6701164294954722,0.92221978236471,0.7408784835275048,0.08841248847950522
0.8913219789132197,0.6243093922651933,0.6312849162011173,0.6277777777777778,0.9151476683663193,0.6979755435654629,0.08959441766860057
0.8888888888888888,0.648910411622276,0.6750629722921915,0.6617283950617284,0.9172564168430946,0.7210531847986451,0.09613458956652622
0.8880778588807786,0.6881443298969072,0.6327014218009479,0.6592592592592592,0.9222623607646006,0.7405628012023636,0.08954534870806674
0.8941605839416058,0.6956521739130435,0.6320987654320988,0.6623544631306598,0.9193739105432458,0.7251336560817039,0.08830923441517258
0.8929440389294404,0.6606683804627249,0.6606683804627249,0.6606683804627249,0.9266987064841643,0.7338114966320635,0.08918774071890562
0.9103811841038119,0.7333333333333333,0.662303664921466,0.6960110041265475,0.9334960456632935,0.7685569957601985,0.07684101441010789
0.8872668288726683,0.6552631578947369,0.6287878787878788,0.6417525773195877,0.9142304689406139,0.7180529505859985,0.09423927644686798
0.8933495539334956,0.6657303370786517,0.6220472440944882,0.6431478968792401,0.9219660492078778,0.7335773971194345,0.08765191666578027
0.8998377939983779,0.6637931034482759,0.6398891966759003,0.6516220028208745,0.9202018673386805,0.7230917897136195,0.08755177160685675
0.8961881589618816,0.6525198938992043,0.6630727762803235,0.6577540106951871,0.918997227386474,0.6904694046372705,0.08872086920325667
0.8941605839416058,0.6505102040816326,0.6728232189973615,0.6614785992217899,0.9266245497633927,0.7391788036567736,0.08596866702452455
0.9071370640713706,0.6878306878306878,0.7008086253369272,0.6942590120160214,0.9223899799934383,0.746311253138072,0.08449687632502573
0.8921330089213301,0.6398963730569949,0.660427807486631,0.65,0.920425149027106,0.7185840008220519,0.09235477889924372
0.8876723438767234,0.6742424242424242,0.6433734939759036,0.6584463625154131,0.9163640422244805,0.7253092411376638,0.09161154216496284
0.889294403892944,0.6729222520107239,0.6243781094527363,0.6477419354838709,0.9146262389602375,0.7308948948044602,0.09095985777164073
0.8917274939172749,0.6666666666666666,0.6782178217821783,0.6723926380368098,0.9232073061816366,0.7200791248037619,0.09032093442673655
0.9099756690997567,0.7478991596638656,0.6691729323308271,0.7063492063492064,0.9308842983123023,0.7650290267037756,0.07888463488642454
0.8957826439578265,0.6405405405405405,0.6565096952908587,0.6484268125854993,0.9219915647350656,0.7002877722685222,0.08915734022782527
0.8896999188969992,0.6212534059945504,0.631578947368421,0.6263736263736264,0.9186319342549398,0.6760092689443475,0.09392355231673233
0.8909164639091647,0.64,0.6103542234332425,0.6248256624825662,0.9095585934913861,0.6789817039085241,0.09484204120268995
0.9002433090024331,0.6994949494949495,0.6856435643564357,0.6925,0.930398968606851,0.7550433896446497,0.08620464494267573
0.9034874290348743,0.7032085561497327,0.6743589743589744,0.6884816753926701,0.9375006175584211,0.7658377958871392,0.08143440055692708
0.8965936739659367,0.6481994459833795,0.6464088397790055,0.6473029045643154,0.9163235510366994,0.7001589948702317,0.09165962541342657
0.9042984590429846,0.6793893129770993,0.7082228116710876,0.6935064935064935,0.932831187234383,0.7431221768397567,0.08493517657721665
0.8982157339821574,0.6739130434782609,0.6543535620052771,0.6639892904953146,0.9213411835802234,0.720013380182338,0.08711997382108641
0.9111922141119222,0.7128712871287128,0.7365728900255755,0.7245283018867924,0.9351998274427634,0.7774621747591772,0.08239232527671185
0.8969991889699919,0.6988636363636364,0.6243654822335025,0.6595174262734584,0.920675479685632,0.7249905193077465,0.08694875831051706
0.8884833738848338,0.6517150395778364,0.6333333333333333,0.6423927178153446,0.9210920903117435,0.704441087438387,0.08966662120633186
0.8994322789943228,0.6649076517150396,0.675603217158177,0.6702127659574468,0.9242758640124301,0.7227210139036434,0.08874862453518365
0.9095701540957015,0.7084398976982097,0.7176165803108808,0.712998712998713,0.9312811379035473,0.7708027617044781,0.08164329867683509
0.8925385239253852,0.6632653061224489,0.6615776081424937,0.6624203821656051,0.920453080868896,0.7414666395425052,0.08992265360490616
0.8937550689375506,0.6751918158567775,0.6616541353383458,0.6683544303797468,0.9324387407803495,0.7544142383309816,0.08494999917167213
0.8941605839416058,0.6614583333333334,0.6597402597402597,0.6605981794538361,0.9210344676947272,0.7187817675416293,0.08871288115335937
0.8905109489051095,0.6716791979949874,0.6584766584766585,0.6650124069478908,0.9182184524583747,0.7325897230385175,0.09305656105484698
0.902676399026764,0.6906666666666667,0.6762402088772846,0.683377308707124,0.9218978953081579,0.7346096284505346,0.0881567611704456
0.8925385239253852,0.6839378238341969,0.6486486486486487,0.6658259773013872,0.9226670707972311,0.731951909251889,0.08928193133897737
0.902676399026764,0.693717277486911,0.6829896907216495,0.6883116883116883,0.9268130537888334,0.7283506869644331,0.0845953385817008
0.9034874290348743,0.6790830945558739,0.6528925619834711,0.6657303370786517,0.9211791105190146,0.7002201934585045,0.083997501497188
0.9067315490673155,0.7065217391304348,0.680628272251309,0.6933333333333334,0.9323843595180433,0.761797873323234,0.08114644332704371
0.8872668288726683,0.6495098039215687,0.6625,0.655940594059406,0.9087076476282672,0.7086953536371261,0.0962676754455548
0.9091646390916464,0.6946778711484594,0.6831955922865014,0.6888888888888889,0.928768950037268,0.7591173588201295,0.08028319837277655
0.8909164639091647,0.6528497409326425,0.6511627906976745,0.6520051746442432,0.9248843796647415,0.7099778368815581,0.08898887720042936
0.8957826439578265,0.6487935656836461,0.657608695652174,0.6531713900134952,0.9233263045550628,0.7233281941085147,0.08805904604295754
0.8953771289537713,0.651685393258427,0.6338797814207651,0.6426592797783933,0.9187809003382774,0.7016174660729738,0.08837526455787294
0.8876723438767234,0.6534391534391535,0.628498727735369,0.6407263294422828,0.9234137198366493,0.7399635527061462,0.08786535407339507
0.8917274939172749,0.6551724137931034,0.6432291666666666,0.6491458607095927,0.9238362552033301,0.7254123543253184,0.08764341526877145
0.8969991889699919,0.6560693641618497,0.6270718232044199,0.6412429378531074,0.9193288763313237,0.7104800134178086,0.08631083964366164
0.8990267639902676,0.6591549295774648,0.6464088397790055,0.6527196652719666,0.9228738209776695,0.7189958422820332,0.08631063597824494
0.8969991889699919,0.679144385026738,0.654639175257732,0.6666666666666666,0.9238673685046088,0.7290332299871388,0.08822910520568017
0.8917274939172749,0.6573208722741433,0.5733695652173914,0.6124818577648766,0.9059559829236954,0.68219601948165,0.09043991465297432
0.884022708840227,0.6417112299465241,0.6122448979591837,0.6266318537859008,0.9130365260858442,0.7046191287997629,0.09297806105650089
0.8901054339010543,0.6616915422885572,0.6633416458852868,0.6625155666251556,0.9235120431367103,0.7476555994343684,0.08930571194327716
0.9010543390105434,0.7068965517241379,0.634020618556701,0.6684782608695652,0.9241972852564421,0.7247135385408632,0.08287826476981487
0.8978102189781022,0.649025069637883,0.649025069637883,0.649025069637883,0.9187441252331728,0.6976371355735248,0.09055249680827851
0.8921330089213301,0.655940594059406,0.6760204081632653,0.6658291457286433,0.9227055576328893,0.7279494566521393,0.09097596639647325
0.8969991889699919,0.6684782608695652,0.6507936507936508,0.6595174262734584,0.9265391554663585,0.7258047072579793,0.08776632083857104
0.8957826439578265,0.6712707182320442,0.6377952755905512,0.6541049798115747,0.9201772440315464,0.7313255729017124,0.08656508569493904
0.8953771289537713,0.6929577464788732,0.6227848101265823,0.656,0.912640502661834,0.7235560554529678,0.0894786726946511
0.8990267639902676,0.6802168021680217,0.6570680628272252,0.6684420772303595,0.9255006984152506,0.7376772301955885,0.08523822984513361
0.9067315490673155,0.6859504132231405,0.6821917808219178,0.6840659340659341,0.9339401328786683,0.744142991921803,0.08042749515774636
0.8884833738848338,0.6881443298969072,0.6342042755344418,0.6600741656365884,0.9148319579067188,0.7356999643980789,0.09165549641920448
0.8982157339821574,0.6358974358974359,0.6946778711484594,0.6639892904953146,0.9225488203816377,0.711760851652088,0.08935660866785801
0.9083536090835361,0.6997319034852547,0.696,0.6978609625668449,0.9310530846484936,0.7619123974883966,0.0794159929714043
0.9034874290348743,0.6743515850144092,0.6518105849582173,0.6628895184135978,0.9339434938320732,0.7513173331948622,0.08109008213943297
0.8953771289537713,0.6460396039603961,0.6941489361702128,0.6692307692307692,0.9324277206556042,0.7433680481164682,0.08603330437467248
0.8969991889699919,0.6675531914893617,0.6605263157894737,0.6640211640211641,0.9247653529797648,0.7322670917398818,0.08815600613866108
0.8811841038118411,0.6066481994459834,0.5918918918918918,0.5991792065663475,0.9011953270063956,0.6729186727155423,0.09701399466243428
0.8884833738848338,0.6229946524064172,0.6348773841961853,0.6288798920377868,0.9210055910885292,0.7151305074888127,0.0912913901394457
0.8994322789943228,0.6842105263157895,0.6911392405063291,0.6876574307304786,0.9349143384532635,0.7557543119589765,0.08429071067984677
0.8856447688564477,0.6450704225352113,0.5948051948051948,0.6189189189189189,0.902817701279979,0.6874606111271788,0.09438233682357387
0.9042984590429846,0.6631853785900783,0.703601108033241,0.6827956989247311,0.9287884669794251,0.7351417130626173,0.0845284906486917
0.8969991889699919,0.6896551724137931,0.654911838790932,0.6718346253229974,0.9167694392331076,0.7257827991565184,0.08886846852428307
0.8978102189781022,0.672972972972973,0.6552631578947369,0.664,0.9244878134934651,0.717281695336819,0.08689738393133577
0.897404703974047,0.6694214876033058,0.6462765957446809,0.6576454668470907,0.92114552580678,0.7278294631235392,0.08918552474253288
0.8929440389294404,0.6779220779220779,0.6508728179551122,0.6641221374045801,0.9192044102818016,0.7339037155555187,0.08985799233442798
0.8949716139497161,0.6495956873315364,0.6513513513513514,0.650472334682861,0.9199556426655664,0.7069543097656334,0.09088577814330584
0.8921330089213301,0.6981627296587927,0.6378896882494005,0.6666666666666666,0.9151858600966957,0.7448961057924638,0.09017056395744098
0.8884833738848338,0.5994475138121547,0.6253602305475504,0.61212976022567,0.9170072338509955,0.6704663419604746,0.09392758805524254
0.8872668288726683,0.6552631578947369,0.6287878787878788,0.6417525773195877,0.9188820572878544,0.7240938636361144,0.09119665546483885
0.902676399026764,0.7,0.6785714285714286,0.689119170984456,0.9237289177966269,0.7295559499954022,0.08456042086878687
0.8860502838605029,0.6171428571428571,0.5950413223140496,0.605890603085554,0.9161593892497796,0.6775807097052251,0.08910643972974229
0.9038929440389294,0.7150997150997151,0.6469072164948454,0.6792963464140731,0.9264037585703938,0.7476495031323908,0.08391509695546172
0.8965936739659367,0.6745406824146981,0.6623711340206185,0.6684005201560468,0.9245668912415785,0.7337944836790817,0.0877153297770686
0.8978102189781022,0.674863387978142,0.65,0.6621983914209115,0.9264003128626936,0.7301881407316213,0.08389880021881975
0.9038929440389294,0.6887052341597796,0.6684491978609626,0.6784260515603799,0.9185706178873427,0.7300918482164591,0.0849392335249683
0.8933495539334956,0.6711590296495957,0.6384615384615384,0.6544021024967148,0.9293587273356059,0.7243795055721353,0.08408271148907644
0.8884833738848338,0.6543909348441926,0.6015625,0.6268656716417911,0.9136172150176113,0.7046953461292863,0.09149793615640008
0.8917274939172749,0.6720430107526881,0.6329113924050633,0.651890482398957,0.9257656974860795,0.7386667136344058,0.08737317059300032
0.9063260340632603,0.6509695290858726,0.6911764705882353,0.6704707560627675,0.9298655304078357,0.727929842097695,0.08299212257614559
0.8799675587996756,0.6511627906976745,0.6101694915254238,0.63,0.9129036937618014,0.714705518186112,0.09360592701156104
0.9047039740470397,0.6815642458100558,0.6684931506849315,0.6749654218533887,0.9330025493404968,0.7333276703593329,0.08191536130477203
0.8998377939983779,0.6578947368421053,0.6811989100817438,0.6693440428380187,0.922118096978839,0.7286527316765338,0.0868558956635205
0.8896999188969992,0.6684350132625995,0.631578947368421,0.6494845360824743,0.9221481376396967,0.7327636840528732,0.08882868853101551
0.9034874290348743,0.6899441340782123,0.660427807486631,0.674863387978142,0.9249675361192625,0.7310152506405267,0.08306290303956611
0.8917274939172749,0.6267806267806267,0.6179775280898876,0.6223479490806223,0.923096277757069,0.6975204406526514,0.08661341077636628
0.9075425790754258,0.6826666666666666,0.7013698630136986,0.6918918918918919,0.9260039250715575,0.7537063040964738,0.08318301142469611
0.8937550689375506,0.6575342465753424,0.636604774535809,0.6469002695417789,0.9194187565789224,0.7074910175408421,0.08973576626085662
0.9030819140308192,0.66189111747851,0.65625,0.6590584878744651,0.921447654167025,0.7091033919319055,0.08778635979252404
0.8905109489051095,0.6416184971098265,0.6032608695652174,0.6218487394957983,0.9177840179052513,0.6871754786564999,0.0890101958291857
0.8913219789132197,0.6218274111675127,0.6730769230769231,0.6464379947229552,0.9252922386842464,0.7230748436188926,0.09001653540769912
0.889294403892944,0.6649484536082474,0.6433915211970075,0.6539923954372624,0.9194314455990773,0.7227819985094475,0.09078955413828095
0.894566098945661,0.6876640419947506,0.6501240694789082,0.6683673469387755,0.9283416066366046,0.7452558065167142,0.08573351756822749
0.8994322789943228,0.6753623188405797,0.6314363143631436,0.6526610644257703,0.9268745000277852,0.7309742609062834,0.08373691628877569
0.8949716139497161,0.6572164948453608,0.6692913385826772,0.6631989596879063,0.920677001705722,0.6979915580446986,0.09041126389537579
0.8884833738848338,0.6276595744680851,0.6361185983827493,0.6318607764390897,0.9215073754092983,0.7038801505670133,0.09106433343595373
0.8933495539334956,0.6539509536784741,0.6382978723404256,0.6460296096904441,0.9271912857579152,0.7179938892425959,0.08568139960888568
0.9014598540145985,0.6717948717948717,0.6949602122015915,0.6831812255541069,0.9268061959004663,0.7279621033122787,0.08558052467590659
0.8921330089213301,0.6915422885572139,0.6619047619047619,0.6763990267639902,0.9275892566215147,0.7515589775917684,0.08901636104397144
0.8937550689375506,0.6804733727810651,0.5989583333333334,0.6371191135734072,0.9192820905379443,0.7174439069539471,0.08726609899172313
0.8811841038118411,0.6430446194225722,0.6094527363184079,0.6257982120051085,0.9119482529214393,0.7054558090555245,0.09447345085486195
0.884022708840227,0.6561679790026247,0.6172839506172839,0.6361323155216285,0.9179386729443335,0.7293967610985866,0.0915664978660845
0.8941605839416058,0.6829268292682927,0.6363636363636364,0.6588235294117647,0.9175328160835408,0.7236047605189425,0.09000668134378817
0.9002433090024331,0.6582278481012658,0.7008086253369272,0.6788511749347258,0.9298946921498369,0.7479163101450462,0.08706932479013531
0.9002433090024331,0.6647230320699709,0.6350974930362117,0.6495726495726496,0.9273571448401865,0.7312297961794093,0.08276488440417197
0.897404703974047,0.6426666666666667,0.6694444444444444,0.6557823129251701,0.9224464492983011,0.7021913206124819,0.08999398028763728
0.8909164639091647,0.631578947368421,0.6965699208443272,0.6624843161856964,0.9272073762315527,0.7410539081274762,0.09281946159558692
0.8933495539334956,0.6190476190476191,0.6350574712643678,0.6269503546099291,0.9194289776735806,0.6891803330092098,0.09025150906858058
0.8957826439578265,0.6578249336870027,0.6595744680851063,0.6586985391766268,0.9210946248600224,0.7216579431280393,0.09051568767176578
0.9010543390105434,0.7010050251256281,0.6905940594059405,0.6957605985037406,0.9289836840134063,0.7529074662509877,0.08367485954004704
0.894566098945661,0.656,0.6525198938992043,0.6542553191489362,0.9170900244174043,0.7285111769986224,0.09064459243915345
0.8925385239253852,0.6564102564102564,0.661498708010336,0.6589446589446589,0.9187966784866008,0.7080440978614116,0.09192213188044089
0.9067315490673155,0.6730769230769231,0.621301775147929,0.6461538461538462,0.9211749788672866,0.6920627204432549,0.08195377861425912
0.9095701540957015,0.7097560975609756,0.7367088607594937,0.7229813664596273,0.9398712784749005,0.7867693603013846,0.07984904588866913
0.9002433090024331,0.6406685236768802,0.6628242074927954,0.6515580736543909,0.9191247570696308,0.7152149676847971,0.0874923903427997
0.8961881589618816,0.6514285714285715,0.6298342541436464,0.6404494382022472,0.9102314980148309,0.6944394424720114,0.09180672266356923
0.8990267639902676,0.6785714285714286,0.6517150395778364,0.6648721399730821,0.9195054698453676,0.712652491919907,0.0857861215949038
0.889294403892944,0.6692913385826772,0.6343283582089553,0.6513409961685823,0.9184347159551081,0.731425692744983,0.09064730861583555
0.8937550689375506,0.6826923076923077,0.6859903381642513,0.6843373493975904,0.9246146095243477,0.7412290123181414,0.08867559422544806
0.8905109489051095,0.6304347826086957,0.6338797814207651,0.6321525885558583,0.9126580796252928,0.7019563452654586,0.09152536098544456
0.8929440389294404,0.6703601108033241,0.6253229974160207,0.6470588235294118,0.9214515028468517,0.7265504573910375,0.08694997293326107
0.8852392538523925,0.6532951289398281,0.5846153846153846,0.6170500676589986,0.9138049009436293,0.7000466007342416,0.0920246862213374
0.8856447688564477,0.6541353383458647,0.6444444444444445,0.6492537313432836,0.912130632978118,0.7125302131408642,0.09721962927488056
0.8795620437956204,0.6326034063260341,0.6403940886699507,0.6364749082007344,0.9167140944091061,0.7211588404536602,0.09689964735799814
0.8876723438767234,0.604221635883905,0.6432584269662921,0.6231292517006802,0.910994994408648,0.6753904063648621,0.09533116138615401
0.8905109489051095,0.6581920903954802,0.6099476439790575,0.6331521739130435,0.924542261659515,0.7333206125033556,0.08436884176779619
0.8986212489862125,0.685,0.6884422110552764,0.6867167919799498,0.9212333427291195,0.7368509963623973,0.08883374124490721
0.8860502838605029,0.6243243243243243,0.6193029490616622,0.6218034993270525,0.9122992638553893,0.6890503276926878,0.09384544840301169
0.8795620437956204,0.599483204134367,0.6203208556149733,0.6097240473061761,0.9133687283361112,0.6742262174266168,0.09528977639491178
0.8913219789132197,0.6587301587301587,0.6417525773195877,0.6501305483028721,0.9183778514233552,0.7009219275352286,0.09228503492806299
0.8965936739659367,0.6576819407008087,0.6559139784946236,0.6567967698519516,0.9184549301126619,0.7256192333563395,0.0888529254476857
0.9002433090024331,0.6408839779005525,0.6666666666666666,0.6535211267605634,0.9237325388297353,0.712880534393731,0.08639612363742095
0.9144363341443633,0.6954022988505747,0.6974063400576369,0.6964028776978417,0.9292662924847646,0.7326708059423347,0.08119982022348475
0.8982157339821574,0.6657824933687002,0.6675531914893617,0.6666666666666666,0.9296243510129287,0.7447328924301234,0.08538760735455925
0.8986212489862125,0.7005494505494505,0.6439393939393939,0.6710526315789473,0.9208876201629824,0.7473932096012273,0.08713210638506991
0.9034874290348743,0.6581196581196581,0.66189111747851,0.66,0.9275600846199344,0.6935750227664844,0.08296959536307284
0.9006488240064883,0.6784810126582278,0.694300518134715,0.6862996158770807,0.9253886010362694,0.7563072929985001,0.08708719147742466
0.8884833738848338,0.6517150395778364,0.6333333333333333,0.6423927178153446,0.9290030136850946,0.7340883027226556,0.08696767239484147
0.9055150040551501,0.6627218934911243,0.6530612244897959,0.657856093979442,0.9198848101248439,0.7092541710753925,0.08572493943734291
0.8978102189781022,0.6785714285714286,0.6785714285714286,0.6785714285714286,0.9259109381457501,0.742046131510157,0.08771155299175472
0.8965936739659367,0.6632124352331606,0.6719160104986877,0.6675358539765319,0.9271209803810495,0.7473022976241019,0.08708564696039157
0.9099756690997567,0.6947368421052632,0.7135135135135136,0.704,0.9323150918093667,0.7480894084326766,0.08180994819571487
0.894566098945661,0.6584022038567493,0.6373333333333333,0.6476964769647696,0.9173167543440139,0.7073978635274296,0.08912652071558858
0.8905109489051095,0.6442577030812325,0.6166219839142091,0.6301369863013698,0.9056397618001535,0.691157752445121,0.09286495481395265
0.8982157339821574,0.6638888888888889,0.6476964769647696,0.6556927297668038,0.9179573865361925,0.7109904010676849,0.08913382548651437
0.8957826439578265,0.6805194805194805,0.6616161616161617,0.6709346991037132,0.9218891816717905,0.7458532294027614,0.08657453049427824
0.8860502838605029,0.6591549295774648,0.5939086294416244,0.6248331108144193,0.907994923857868,0.6908081328633232,0.09161716147994087
0.9059205190592052,0.6695652173913044,0.66189111747851,0.6657060518731989,0.9223451036973173,0.7309060063578844,0.08565389933613599
0.8982157339821574,0.6818181818181818,0.6589147286821705,0.6701708278580815,0.9249278810002324,0.733780298784197,0.08516159690905602
0.8888888888888888,0.5946666666666667,0.6463768115942029,0.6194444444444445,0.9188200807658404,0.6889033179386832,0.09325522374852101
0.9006488240064883,0.6414565826330533,0.661849710982659,0.65149359886202,0.9241111353473661,0.6971628631441673,0.08532861854023005
0.8905109489051095,0.6440677966101694,0.6129032258064516,0.628099173553719,0.9158540530548109,0.6892492959404402,0.09115162940020445
0.8965936739659367,0.6829896907216495,0.6675062972292192,0.6751592356687898,0.9221371499391886,0.7361147870770245,0.08823379604425076
0.9022708840227088,0.6809651474530831,0.675531914893617,0.678237650200267,0.921699073602769,0.7313569865989776,0.087536598248907
0.8884833738848338,0.6436170212765957,0.6318537859007833,0.6376811594202898,0.9121196206014373,0.689626767253308,0.09275296578963196
0.8965936739659367,0.6745406824146981,0.6623711340206185,0.6684005201560468,0.929038131430896,0.7552659631303802,0.08461462205626742
0.8969991889699919,0.6989247311827957,0.6467661691542289,0.6718346253229974,0.9261565235836322,0.7433370403539378,0.0845014421280153
0.8905109489051095,0.6564102564102564,0.6530612244897959,0.6547314578005116,0.9254816680770669,0.7378781629072201,0.08762107030716877
0.8868613138686131,0.6751269035532995,0.6378896882494005,0.655980271270037,0.9180579401778723,0.7289378321576852,0.09264644850165542
0.8921330089213301,0.6795580110497238,0.6212121212121212,0.6490765171503958,0.91546137705558,0.7326190687124494,0.08799993164118475
0.8917274939172749,0.678391959798995,0.6601466992665037,0.6691449814126395,0.9201700199569007,0.7245034341239748,0.08878576577614983
0.8998377939983779,0.6784741144414169,0.6587301587301587,0.6684563758389261,0.9223973220620729,0.7324910465116992,0.08578839574160177
0.8905109489051095,0.6303191489361702,0.6440217391304348,0.6370967741935484,0.9216010589795665,0.7117830688990628,0.0922844793391215
0.8986212489862125,0.6253229974160207,0.6974063400576369,0.659400544959128,0.9281687708165316,0.7330133973193259,0.08950370325698516
0.8905109489051095,0.6743002544529262,0.6511056511056511,0.6625,0.9209869059310536,0.7304651478247914,0.08954941088285061
0.8953771289537713,0.675392670157068,0.6581632653061225,0.6666666666666666,0.922878987660638,0.7159608218387536,0.08760387991251507
0.8937550689375506,0.6784741144414169,0.6335877862595419,0.6552631578947369,0.9164270046606742,0.7048126534195083,0.08954557351445062
0.8896999188969992,0.6487179487179487,0.6520618556701031,0.6503856041131105,0.9182786283400971,0.7052697719777941,0.09354506168466402
0.9018653690186537,0.7060301507537688,0.6921182266009852,0.6990049751243781,0.933596776507724,0.7678385085338139,0.08333403735727063
0.8957826439578265,0.6566757493188011,0.6478494623655914,0.652232746955345,0.9196141561655935,0.738114452543164,0.09008908594726676
0.8929440389294404,0.6253369272237197,0.6498599439775911,0.6373626373626373,0.9267365552195274,0.7176113030519106,0.08764237414244208
0.897404703974047,0.6779661016949152,0.633245382585752,0.654843110504775,0.9165281242216865,0.7199276304052394,0.08741878085356303
0.8969991889699919,0.680327868852459,0.6450777202072538,0.6622340425531915,0.9191759665205261,0.7205827956314347,0.0900223589434269
0.8929440389294404,0.6426735218508998,0.6666666666666666,0.6544502617801047,0.9163322174398214,0.7195080699343527,0.09234706578669499
0.8982157339821574,0.6701846965699209,0.6684210526315789,0.6693017127799736,0.9253822475652218,0.7379009876570201,0.08779996993593
0.8986212489862125,0.655440414507772,0.6837837837837838,0.6693121693121693,0.929368681658758,0.740874006913292,0.08395179052980273
0.8909164639091647,0.591304347826087,0.6144578313253012,0.6026587887740029,0.9123838371292103,0.6568845903977535,0.09128733998693632
0.8998377939983779,0.6702412868632708,0.6684491978609626,0.6693440428380187,0.9282497111481478,0.7517753341677482,0.08409425791879735
0.889294403892944,0.6304347826086957,0.6287262872628726,0.6295793758480326,0.9192290444602109,0.713959841287464,0.0904643359308948
0.9087591240875912,0.6891891891891891,0.6986301369863014,0.6938775510204082,0.9352493594048497,0.7591147468879232,0.07897172859963245
0.8957826439578265,0.6854219948849105,0.6666666666666666,0.6759142496847415,0.923014530062864,0.7433939433171634,0.08675980931528061
0.8884833738848338,0.6455696202531646,0.6538461538461539,0.6496815286624203,0.9187577194802629,0.7267533369246767,0.09245118164731647
0.8978102189781022,0.6481481481481481,0.6730769230769231,0.660377358490566,0.9256385859620875,0.7348960078089168,0.0855423706103485
0.894566098945661,0.6793893129770993,0.6658354114713217,0.672544080604534,0.9255312082988654,0.7429871957258843,0.08904990149332048
0.8957826439578265,0.6452442159383034,0.6783783783783783,0.6613965744400527,0.9265602434495566,0.7219674585133726,0.08908305012708749
0.8917274939172749,0.6804878048780488,0.672289156626506,0.6763636363636364,0.9228245992257671,0.7377517781706171,0.09023050518732804
0.8990267639902676,0.6894586894586895,0.6335078534031413,0.660300136425648,0.9274376702073138,0.7387963516594257,0.0822361614970644
0.8880778588807786,0.6648936170212766,0.625,0.6443298969072165,0.9073838334946758,0.7015162964845221,0.09644034669924297
0.8921330089213301,0.6747967479674797,0.6303797468354431,0.6518324607329843,0.9120891882475903,0.7089938003918249,0.092298380077272
0.8921330089213301,0.6693333333333333,0.638676844783715,0.6536458333333334,0.9169400838847708,0.7188988932838742,0.09069215314583183
0.9047039740470397,0.6984536082474226,0.6966580976863753,0.6975546975546976,0.9325381550659506,0.7598222530119859,0.0826630949917647
0.8965936739659367,0.6511627906976745,0.6239554317548747,0.6372688477951636,0.9046195662951324,0.6592251990535962,0.09193761509968802
0.897404703974047,0.701058201058201,0.654320987654321,0.6768837803320562,0.9271958356545127,0.744404787865105,0.08507069497365902
0.894566098945661,0.6627906976744186,0.6129032258064516,0.6368715083798883,0.9186256688336363,0.7002026538143987,0.08905069255647947
0.8978102189781022,0.6426592797783933,0.6535211267605634,0.6480446927374302,0.9152234105723874,0.7130549476636935,0.09122673274429219
0.8961881589618816,0.6597938144329897,0.6736842105263158,0.6666666666666666,0.9305722359590252,0.7422840561350594,0.08698230183607442
0.8925385239253852,0.6703910614525139,0.6201550387596899,0.6442953020134228,0.9146292505465632,0.7186345801217332,0.08883465737895589
0.8896999188969992,0.682741116751269,0.6466346153846154,0.6641975308641975,0.91906308630394,0.7282853443061346,0.09106435927072402
0.9010543390105434,0.6638176638176638,0.649025069637883,0.6563380281690141,0.924632442858597,0.7177779150296999,0.08443739419045537
0.9022708840227088,0.66,0.6543909348441926,0.6571834992887624,0.9263911922551478,0.7198886231353256,0.08409421273227985
0.8913219789132197,0.6639566395663956,0.6298200514138818,0.6464379947229552,0.9240970700028344,0.7229141870631769,0.09010414785983563
0.8888888888888888,0.6373626373626373,0.6203208556149733,0.6287262872628726,0.9227487449003589,0.7119975689484186,0.08830232985574646
0.9055150040551501,0.6713881019830028,0.6694915254237288,0.6704384724186704,0.9232593412942989,0.7324492050362968,0.08321132821119795
0.8969991889699919,0.6351351351351351,0.6638418079096046,0.649171270718232,0.9268506034925527,0.733780701366984,0.0858419306756022
0.8982157339821574,0.7090909090909091,0.662621359223301,0.685069008782936,0.9236807649766972,0.7558104068012338,0.086906711203496
0.8941605839416058,0.6730245231607629,0.6365979381443299,0.6543046357615894,0.9271677763114811,0.7277247612913172,0.08632409825990632
0.8925385239253852,0.6625310173697271,0.6742424242424242,0.6683354192740926,0.9215158834724052,0.7321231929102687,0.09071961448566966
0.8990267639902676,0.6942857142857143,0.6311688311688312,0.6612244897959184,0.9273650904597563,0.7487857037383735,0.08312031539141203
0.9059205190592052,0.6890756302521008,0.670299727520436,0.6795580110497238,0.9329497762655891,0.7599781182338817,0.07983797642942415
0.897404703974047,0.6343490304709142,0.6542857142857142,0.6441631504922645,0.9213705103969755,0.6925779317441941,0.08842027205701423
0.9047039740470397,0.6913946587537092,0.6401098901098901,0.6647646219686163,0.9203858700766407,0.7285653839895152,0.08246728335781507
0.8982157339821574,0.6543909348441926,0.6416666666666667,0.6479663394109397,0.9234132636910415,0.70163323327678,0.08404719722185694
0.9006488240064883,0.6620879120879121,0.6639118457300276,0.6629986244841816,0.9259918599822633,0.7261809466388115,0.08374615637003506
0.8969991889699919,0.6717557251908397,0.6786632390745502,0.6751918158567775,0.9268435168877397,0.7434079045323774,0.08724979157521177
0.8969991889699919,0.6876640419947506,0.6599496221662469,0.6735218508997429,0.9226740427541993,0.7381505447797835,0.08580947382578398
0.8941605839416058,0.6810810810810811,0.6379746835443038,0.6588235294117647,0.9179054941965294,0.730713503672406,0.08758192132537278
0.894566098945661,0.6620879120879121,0.6375661375661376,0.6495956873315364,0.9179007277666282,0.7019253235721389,0.0897901849872671
0.8957826439578265,0.6610169491525424,0.6307277628032345,0.6455172413793103,0.9208988156887468,0.7177133103525702,0.08796416272833786
0.8998377939983779,0.6648648648648648,0.6666666666666666,0.6657645466847091,0.9314390282672498,0.7410556347550533,0.08404334462848
0.8965936739659367,0.6675824175824175,0.6445623342175066,0.6558704453441295,0.9230908903908689,0.7357344368134637,0.0877212899112614
0.9038929440389294,0.7142857142857143,0.6840796019900498,0.6988564167725541,0.9313570230244128,0.761368274014589,0.08325544806428897
0.8884833738848338,0.638121546961326,0.616,0.6268656716417911,0.9172886975928582,0.6943823802019206,0.09011358521191529
0.9095701540957015,0.7008547008547008,0.6758241758241759,0.6881118881118881,0.9335784339352369,0.7446436154925645,0.08094457767607692
0.9002433090024331,0.7127371273712737,0.652605459057072,0.6813471502590673,0.9229867125978333,0.7403873863058196,0.08555187207714271
0.8957826439578265,0.6758241758241759,0.638961038961039,0.6568758344459279,0.9204852811772561,0.7376277321436444,0.08798653856714937
0.889294403892944,0.6885245901639344,0.6131386861313869,0.6486486486486487,0.9217705317870485,0.7359104461318771,0.08683181067716526
0.9022708840227088,0.6891891891891891,0.6692913385826772,0.6790945406125166,0.9193136829119382,0.7332297107432088,0.08519443668521506
0.8961881589618816,0.672972972972973,0.6484375,0.6604774535809018,0.9265942703330131,0.7372652865273316,0.0852540103495151
0.9034874290348743,0.7139107611548556,0.6783042394014963,0.6956521739130435,0.9270033149571593,0.7542871179163374,0.08356852457371312
0.8872668288726683,0.6618004866180048,0.6618004866180048,0.6618004866180048,0.9242628210820443,0.7323171248844195,0.09195789437606866
0.894566098945661,0.6557377049180327,0.6417112299465241,0.6486486486486487,0.9142148342041492,0.7013606206798123,0.09127014131664435
0.9038929440389294,0.7016574585635359,0.6631853785900783,0.6818791946308724,0.9323505337877558,0.7555259810386873,0.08023361325256329
0.8994322789943228,0.674863387978142,0.6569148936170213,0.6657681940700808,0.9301600834775527,0.7465903668051583,0.08342969345329186
0.8957826439578265,0.667574931880109,0.6447368421052632,0.6559571619812584,0.9120098904980571,0.7032757929996698,0.09107692096238953
0.8909164639091647,0.6504065040650406,0.631578947368421,0.6408544726301736,0.9218461422011404,0.7238302566575424,0.08819343283828283
0.8961881589618816,0.660759493670886,0.6814621409921671,0.6709511568123393,0.9182427935205926,0.7158815131555031,0.0908736025111027
0.9018653690186537,0.6787709497206704,0.6567567567567567,0.6675824175824175,0.9181955333195791,0.7393120878373431,0.08504872832219731
0.8856447688564477,0.6449086161879896,0.628498727735369,0.6365979381443299,0.9110102137134539,0.6942366351769773,0.0947513326375751
0.8933495539334956,0.6987951807228916,0.677570093457944,0.6880189798339265,0.9248828336375226,0.7561189848103251,0.08943057108509646
0.8913219789132197,0.6519480519480519,0.6519480519480519,0.6519480519480519,0.9199760354974195,0.7093436547205745,0.09212228811016336
0.8998377939983779,0.6546961325966851,0.6601671309192201,0.6574202496532594,0.9265136902723777,0.7186393426900102,0.08641114214805677
0.8957826439578265,0.6956521739130435,0.6384039900249376,0.6657997399219766,0.9170210068050213,0.7324474441153948,0.08850632705684758
0.897404703974047,0.6773333333333333,0.6580310880829016,0.6675427069645203,0.9200378636907134,0.7307186824394165,0.08753677371791849
0.8990267639902676,0.6728723404255319,0.6675461741424802,0.6701986754966888,0.9167139712733556,0.7349132034932061,0.08607291495374184
0.902676399026764,0.707196029776675,0.7002457002457002,0.7037037037037037,0.9263770371104028,0.7449158362353727,0.0857096262972246
0.8913219789132197,0.664804469273743,0.616580310880829,0.6397849462365591,0.9161057692307693,0.7126946156989993,0.0888835558125559
0.9002433090024331,0.6493150684931507,0.6676056338028169,0.6583333333333333,0.9214723680786756,0.7237080761716659,0.08878811085055067
0.8953771289537713,0.6649214659685864,0.6614583333333334,0.6631853785900783,0.9266993375760487,0.7146463294541846,0.0859530758983445
0.8978102189781022,0.6648793565683646,0.6613333333333333,0.6631016042780749,0.9278737446197991,0.7307927559328808,0.08603804590414638
0.8933495539334956,0.6882793017456359,0.6666666666666666,0.6773006134969325,0.9275056266538596,0.7327714609852362,0.08745039051974303
0.8990267639902676,0.6815642458100558,0.6437994722955145,0.6621438263229308,0.9227230259439956,0.7274959004799147,0.08700126025004107
0.8969991889699919,0.6443298969072165,0.6830601092896175,0.6631299734748011,0.9205217278168097,0.7035120425380906,0.09069520440484531
0.8953771289537713,0.6458923512747875,0.631578947368421,0.6386554621848739,0.9288490008619499,0.7134764083318713,0.08478637294599242
0.8913219789132197,0.6527415143603134,0.6493506493506493,0.6510416666666666,0.9125645138139131,0.7029828644640967,0.09386612358581911
0.9010543390105434,0.6836158192090396,0.6470588235294118,0.6648351648351648,0.9266482449054714,0.7235805038224317,0.08479349301074582
0.8982157339821574,0.675603217158177,0.6596858638743456,0.6675496688741722,0.9170883118449218,0.7187627856301686,0.09035213480297559
0.9124087591240876,0.699468085106383,0.7185792349726776,0.7088948787061995,0.9271649752797293,0.7459881306419806,0.0817961648830556
0.8990267639902676,0.6482558139534884,0.6353276353276354,0.641726618705036,0.9155267287654993,0.6958431489393676,0.08785981689587036
0.8978102189781022,0.6457765667574932,0.6601671309192201,0.6528925619834711,0.9245002399482822,0.7036109630247679,0.08720016369238659
0.8864557988645579,0.6504854368932039,0.6633663366336634,0.6568627450980392,0.9114996974964228,0.6994968112156413,0.09719493346342181
0.8957826439578265,0.6381766381766382,0.632768361581921,0.6354609929078014,0.913935434857045,0.7007411460793872,0.09257663704799259
0.9075425790754258,0.6948228882833788,0.6873315363881402,0.6910569105691057,0.9306679361076623,0.7384167312741897,0.08166980960378088
0.8937550689375506,0.6913265306122449,0.6577669902912622,0.6741293532338308,0.9191336345846608,0.7378534054363425,0.0891138185441808
0.8957826439578265,0.6902887139107612,0.654228855721393,0.6717752234993615,0.9241269428053531,0.7406093730962481,0.08689189591392911
0.8925385239253852,0.6692708333333334,0.6506329113924051,0.6598202824133504,0.9171219187208528,0.7334610359082607,0.09059396621969923
0.9022708840227088,0.7055702917771883,0.6717171717171717,0.6882276843467011,0.9312155370126384,0.7510661116304274,0.08258350343829349
0.9006488240064883,0.6201117318435754,0.6706948640483383,0.6444121915820029,0.9200633945817444,0.6958134267945206,0.08940643889452025
0.8929440389294404,0.6589147286821705,0.6589147286821705,0.6589147286821705,0.9268307537041387,0.7565157084102997,0.0884153179079093
0.8986212489862125,0.6648199445983379,0.6504065040650406,0.6575342465753424,0.9250238758944576,0.721173342183626,0.08458443062312275
0.8856447688564477,0.6523929471032746,0.6426799007444168,0.6475,0.9234654295402032,0.7393876383923421,0.09084681717921962
0.8937550689375506,0.6592039800995025,0.6794871794871795,0.6691919191919192,0.918667555950793,0.7106158389981471,0.09425969197490792
0.8949716139497161,0.6912928759894459,0.6485148514851485,0.669220945083014,0.926402800318829,0.740154223660627,0.08655073987276404
0.8868613138686131,0.6256830601092896,0.6172506738544474,0.621438263229308,0.909386358226814,0.6964060031161341,0.0962786394128523
0.902676399026764,0.6676557863501483,0.6373937677053825,0.6521739130434783,0.9210003096975555,0.7027535909397222,0.08638735134939661
0.8986212489862125,0.6882793017456359,0.6882793017456359,0.6882793017456359,0.9394238375006793,0.7734801738004737,0.08179642696255025
0.9002433090024331,0.6683673469387755,0.6931216931216931,0.6805194805194805,0.9289743355835309,0.7328606395852543,0.08521418412874472
0.9014598540145985,0.6581920903954802,0.6563380281690141,0.6572637517630465,0.9152581047631121,0.6987126855713615,0.08806415255423554
0.894566098945661,0.6871657754010695,0.6425,0.6640826873385013,0.9236846563407551,0.7383784404254891,0.08716907076268465
0.8905109489051095,0.6347150259067358,0.6550802139037433,0.6447368421052632,0.9201835870798867,0.6948417299197562,0.09163746195138163
0.8929440389294404,0.6541353383458647,0.6744186046511628,0.6641221374045801,0.9227677289692793,0.7187788322247493,0.09185576276529586
0.8913219789132197,0.665083135391924,0.687960687960688,0.6763285024154589,0.9292516941861284,0.7454880645164836,0.08870111913856407
0.8978102189781022,0.7002881844380403,0.6214833759590793,0.6585365853658537,0.9260752472806828,0.7344035431785589,0.0832686899183713
0.8965936739659367,0.6639784946236559,0.6551724137931034,0.6595460614152203,0.9283387911670706,0.7323236645123093,0.08462908725400747
0.8905109489051095,0.6465968586387435,0.6465968586387435,0.6465968586387435,0.9226291565756549,0.7321675572505584,0.08825672958616419
0.8925385239253852,0.6475195822454308,0.656084656084656,0.6517739816031537,0.9206982707940563,0.7020084302171685,0.09049761967573235
0.8844282238442822,0.613941018766756,0.6189189189189189,0.6164199192462988,0.9099726635031979,0.6819746042728201,0.09659692329542967
0.8913219789132197,0.6774193548387096,0.63,0.6528497409326425,0.9134898354307841,0.7125257485131338,0.08979037407841788
0.9018653690186537,0.707808564231738,0.6904176904176904,0.6990049751243781,0.9287910808066224,0.750961287702713,0.08488752359047295
0.8990267639902676,0.64,0.6455331412103746,0.642754662840746,0.9231408431740817,0.7068334031417854,0.08695318976984522
0.8901054339010543,0.6685393258426966,0.6086956521739131,0.6372155287817939,0.9163923212029703,0.7093889975727683,0.0898969472615291
0.8937550689375506,0.6564885496183206,0.6701298701298701,0.6632390745501285,0.9174310552494118,0.7065748099257632,0.09256619873594114
0.9022708840227088,0.661498708010336,0.6994535519125683,0.6799468791500664,0.9282812906583399,0.7184016047127164,0.08737964504780692
0.9059205190592052,0.6835106382978723,0.6945945945945946,0.6890080428954424,0.9286298225706622,0.7342507355837236,0.08554927363261922
0.889294403892944,0.6536458333333334,0.6419437340153452,0.6477419354838709,0.9194490493945089,0.7140749107795881,0.09106470942431023
0.9051094890510949,0.7049608355091384,0.690537084398977,0.6976744186046512,0.927061288632792,0.7494609659077989,0.08344034874841247
0.8901054339010543,0.6650246305418719,0.6666666666666666,0.6658446362515413,0.9193343756177332,0.7395938687530296,0.09073312374555342
0.9010543390105434,0.6761658031088082,0.6868421052631579,0.6814621409921671,0.9229083615077963,0.7462787500860604,0.08741051112297146
0.897404703974047,0.6612466124661247,0.6559139784946236,0.6585695006747638,0.929439976995204,0.7314152908800203,0.08419748085746669
0.9022708840227088,0.6730245231607629,0.6711956521739131,0.672108843537415,0.9241371181663697,0.7381291103571858,0.08522104046443542
0.8994322789943228,0.6593406593406593,0.6593406593406593,0.6593406593406593,0.9280525611400967,0.7170742627175734,0.08384955370665553
0.9018653690186537,0.6757493188010899,0.6684636118598383,0.6720867208672087,0.9298329355608592,0.7631058005203042,0.08252101867210376
0.8978102189781022,0.6837606837606838,0.6299212598425197,0.6557377049180327,0.9256418487257438,0.7372083757021907,0.0830378500832714
0.9010543390105434,0.6730245231607629,0.6657681940700808,0.6693766937669376,0.9197331600717921,0.7210685293717735,0.08666869387432502
0.8986212489862125,0.671957671957672,0.6684210526315789,0.6701846965699209,0.9156519654841802,0.7214080324057897,0.0877770925990412
0.8921330089213301,0.6465753424657534,0.6327077747989276,0.6395663956639567,0.9131164906896344,0.6984234475558898,0.09149175950822196
0.9022708840227088,0.6864197530864198,0.7091836734693877,0.6976160602258469,0.9300240588038493,0.7519195952945263,0.0865920772500927
0.8917274939172749,0.7074468085106383,0.6288416075650118,0.6658322903629537,0.9143404972754803,0.7319139363941416,0.0931436835884321
0.8929440389294404,0.6346153846153846,0.638121546961326,0.6363636363636364,0.9132998445476126,0.6961021424164697,0.08989568440139538
0.8872668288726683,0.6535433070866141,0.6303797468354431,0.6417525773195877,0.908479362382265,0.7131293373140405,0.09619488194690987
0.8876723438767234,0.6446280991735537,0.612565445026178,0.6281879194630873,0.9253361437429029,0.714323176213893,0.08751607350996958
0.907948094079481,0.6697247706422018,0.6479289940828402,0.6586466165413534,0.9285324998887752,0.7246723285444739,0.08059295942445743
0.9059205190592052,0.6847826086956522,0.6847826086956522,0.6847826086956522,0.9375621710117296,0.7660394243439993,0.08021765919790141
0.9010543390105434,0.6620879120879121,0.6657458563535912,0.6639118457300276,0.9252948868768776,0.7154970888682516,0.08587260944994468
0.8917274939172749,0.6584022038567493,0.6256544502617801,0.6416107382550336,0.921194641798394,0.7155334788368223,0.08764701490793977
0.9071370640713706,0.6916666666666667,0.6784741144414169,0.6850068775790922,0.9207394724099838,0.7350931084257202,0.08352899955160613
0.9006488240064883,0.688953488372093,0.632,0.6592489568845619,0.9294729794356767,0.7365001289290982,0.08139959032355555
0.9014598540145985,0.6759493670886076,0.6989528795811518,0.6872586872586872,0.9320175658972376,0.7517819913492587,0.08567474795212392
0.8787510137875101,0.6349614395886889,0.6113861386138614,0.6229508196721312,0.9133555329344767,0.6917567414603062,0.09532635146228431
0.902676399026764,0.6923076923076923,0.648,0.6694214876033058,0.9241294436473777,0.7415932025231585,0.08464609324512415
0.8961881589618816,0.6354166666666666,0.6777777777777778,0.6559139784946236,0.9308457317716577,0.7266902131704109,0.08636937816060265
0.8921330089213301,0.6229050279329609,0.6299435028248588,0.6264044943820225,0.9191183551617873,0.6859249891275425,0.09052872584171026
0.902676399026764,0.6882793017456359,0.7058823529411765,0.696969696969697,0.9287757680337718,0.7626528759439017,0.0848469763377764
0.894566098945661,0.660377358490566,0.6464379947229552,0.6533333333333333,0.9185686489930756,0.7317249668752389,0.08796168293392162
0.8990267639902676,0.6902173913043478,0.6529562982005142,0.6710700132100397,0.9248211220207115,0.7240684381545869,0.0871665494006096
0.8990267639902676,0.6685878962536023,0.6338797814207651,0.6507713884992987,0.9281303669008587,0.7307954439735082,0.08328025110692856
0.8925385239253852,0.6577540106951871,0.6422976501305483,0.6499339498018494,0.920218253197274,0.720362645423205,0.09028335789801727
0.8978102189781022,0.6896551724137931,0.6582278481012658,0.6735751295336787,0.9294244204169697,0.7439183227954091,0.08454878463212677
0.8969991889699919,0.6520547945205479,0.6520547945205479,0.6520547945205479,0.9191852542494442,0.7206666375096761,0.08858349407494462
0.8925385239253852,0.652605459057072,0.6778350515463918,0.6649810366624526,0.9240286060149033,0.7321667011129339,0.09041334448430463
0.897404703974047,0.6620498614958449,0.6459459459459459,0.6538987688098495,0.922725397152878,0.7184752273295354,0.08498222061175721
0.8994322789943228,0.6863753213367609,0.6793893129770993,0.6828644501278772,0.9197767491644051,0.7403201609267607,0.09005968033331488
0.889294403892944,0.6507537688442211,0.6590330788804071,0.6548672566371682,0.9217996069665847,0.7189149981203903,0.09091502749890187
0.9010543390105434,0.6744186046511628,0.6373626373626373,0.655367231638418,0.9222953545027761,0.7167987022525637,0.08369117315336204
0.8905109489051095,0.6477832512315271,0.6743589743589744,0.6608040201005025,0.9083679166049109,0.7208181221265904,0.09607419791179031
0.9067315490673155,0.6898395721925134,0.6935483870967742,0.6916890080428955,0.931850859085354,0.7447792874794634,0.08233685839790571
0.8978102189781022,0.6651162790697674,0.7258883248730964,0.6941747572815534,0.9316423475687434,0.7550758086986165,0.08686907182480726
0.9059205190592052,0.7011173184357542,0.6675531914893617,0.6839237057220708,0.9287374020156776,0.7375313717729288,0.08141923952074588
0.8961881589618816,0.6536458333333334,0.6711229946524064,0.662269129287599,0.9253266837762395,0.7398866113643667,0.08618272044010455
0.8937550689375506,0.672316384180791,0.6197916666666666,0.6449864498644986,0.9184928354146654,0.7280852010690441,0.08987614878676288
0.8953771289537713,0.6515151515151515,0.6825396825396826,0.6666666666666666,0.9168972612459202,0.7100218707849429,0.09237064932550373
0.9014598540145985,0.6819338422391857,0.694300518134715,0.6880616174582799,0.9300455858907931,0.7523261043212325,0.08690620592604655
0.8872668288726683,0.6307692307692307,0.6473684210526316,0.638961038961039,0.9198882272796084,0.7191511879280649,0.0932108745195775
0.8978102189781022,0.7007874015748031,0.6592592592592592,0.6793893129770993,0.926431493761269,0.7332910268916144,0.08494152137445202
0.894566098945661,0.654054054054054,0.6470588235294118,0.6505376344086021,0.9199803682988926,0.722421143698491,0.08737820537552278
0.9030819140308192,0.6685236768802229,0.6666666666666666,0.6675938803894298,0.9295386198163975,0.7312562919960148,0.08218216933265579
0.9083536090835361,0.7153652392947103,0.7153652392947103,0.7153652392947103,0.9395173808396224,0.7887652720395639,0.08186969213037923
0.894566098945661,0.6657608695652174,0.6413612565445026,0.6533333333333333,0.925167820642944,0.7295228464080448,0.08621678718323711
0.8990267639902676,0.6586021505376344,0.667574931880109,0.6630581867388363,0.9256685095926047,0.7385892575792825,0.0859232003941233
0.9014598540145985,0.6822916666666666,0.6840731070496083,0.6831812255541069,0.9306307808204926,0.7690200353986705,0.08263348125333961
0.8901054339010543,0.6569148936170213,0.6349614395886889,0.6457516339869281,0.9180373115762923,0.7266148613303465,0.09102000869081177
0.8986212489862125,0.6470588235294118,0.6722222222222223,0.659400544959128,0.9246702542998839,0.7156022902607035,0.08805328814246495
0.8905109489051095,0.6549865229110512,0.6311688311688312,0.6428571428571429,0.9144666962062445,0.7069159175925348,0.0927440074502699
0.8941605839416058,0.6693548387096774,0.6434108527131783,0.6561264822134387,0.9225589225589226,0.7215293296730896,0.08835686336360486
0.9038929440389294,0.6820512820512821,0.7018469656992085,0.6918075422626788,0.9284084286062861,0.7518843195455526,0.08491550417158296
0.8941605839416058,0.6685714285714286,0.6174142480211082,0.6419753086419753,0.9283565937143241,0.7323151001014137,0.08352211262150551
0.9103811841038119,0.6637168141592921,0.677710843373494,0.6706408345752608,0.927717900656045,0.730932727048851,0.07936504458282898
0.9042984590429846,0.6887052341597796,0.6702412868632708,0.6793478260869565,0.9231281598690387,0.7339016522447304,0.08540852029367635
0.9006488240064883,0.6615384615384615,0.6954177897574124,0.6780551905387647,0.929422511563278,0.7372490798162603,0.08778054133901447
0.8848337388483374,0.6526315789473685,0.62,0.6358974358974359,0.9100653436592449,0.7094999977699312,0.0932418094715905
0.8905109489051095,0.6658291457286433,0.6592039800995025,0.6625,0.9195145879131474,0.719774858843774,0.09133424104492592
0.8921330089213301,0.6826196473551638,0.6593673965936739,0.6707920792079208,0.9201070322813623,0.7397208864569815,0.08878851512322229
0.8937550689375506,0.6846361185983828,0.6365914786967418,0.6597402597402597,0.9179055524636458,0.7284023969833506,0.08933780607957939
0.8978102189781022,0.6885714285714286,0.6276041666666666,0.6566757493188011,0.9242052413544668,0.7334712942514331,0.08464023798532917
0.9022708840227088,0.7019498607242339,0.6528497409326425,0.676510067114094,0.9299534176962934,0.7522433543063537,0.08182142423295306
0.902676399026764,0.6987341772151898,0.6952141057934509,0.696969696969697,0.9224366411693307,0.7535803322115457,0.08897704408934111
0.8929440389294404,0.6510989010989011,0.6336898395721925,0.6422764227642277,0.9190959192646293,0.7236274696947945,0.0892721245781085
0.894566098945661,0.6466165413533834,0.6843501326259946,0.6649484536082474,0.9195317648463024,0.7237756498785866,0.090114854748509
0.8961881589618816,0.7044334975369458,0.6777251184834123,0.6908212560386473,0.9265727455690449,0.7549476358489343,0.08831288090920654
0.8905109489051095,0.6585956416464891,0.6783042394014963,0.6683046683046683,0.9252776050189296,0.7247920476448867,0.09037585409284703
0.8925385239253852,0.6199460916442049,0.6497175141242938,0.6344827586206897,0.9219592642526964,0.7019653878610057,0.0881485638426618
0.883617193836172,0.6555269922879178,0.625,0.6398996235884568,0.9201644943691762,0.727827027607827,0.09141483466282231
0.8949716139497161,0.6648501362397821,0.6421052631578947,0.6532797858099063,0.9270903769490841,0.7300153204012358,0.0853339797061254
0.8901054339010543,0.6487935656836461,0.6335078534031413,0.6410596026490066,0.9160645556772617,0.717371231168828,0.09171076672208507
0.894566098945661,0.6657681940700808,0.6449086161879896,0.6551724137931034,0.9176010198185234,0.7113898989487977,0.09150679212575952
0.8982157339821574,0.6775818639798489,0.6862244897959183,0.6818757921419518,0.9272061283529806,0.7490699642046796,0.08650164677505272
0.894566098945661,0.659400544959128,0.6419098143236074,0.6505376344086021,0.9141226050818168,0.7096645563090691,0.09079808783466925
0.894566098945661,0.6773333333333333,0.6463104325699746,0.6614583333333334,0.9250842959706097,0.7280968460644011,0.08500778502359166
0.8965936739659367,0.6723646723646723,0.6276595744680851,0.6492434662998624,0.92425557365367,0.7239695356770122,0.08540308311468782
0.9067315490673155,0.708994708994709,0.6907216494845361,0.6997389033942559,0.9343564886935296,0.7595638550496169,0.0783779580473974
0.8905109489051095,0.6549865229110512,0.6311688311688312,0.6428571428571429,0.9201083395220828,0.7108074844627997,0.08733497787804997
0.9006488240064883,0.6804407713498623,0.6569148936170213,0.6684709066305818,0.919633767688079,0.7166309621170864,0.08671711445634399
0.8986212489862125,0.648578811369509,0.6876712328767123,0.6675531914893617,0.9199181081415895,0.6983303709796265,0.09149875028500959
0.8998377939983779,0.6504559270516718,0.6184971098265896,0.6340740740740741,0.9168557094557749,0.7075933460521276,0.08610486089236036
0.8929440389294404,0.6582914572864321,0.6717948717948717,0.6649746192893401,0.9193135220591868,0.7339141655177748,0.0918793402643076
0.9067315490673155,0.7021857923497268,0.6798941798941799,0.6908602150537635,0.9254660037706015,0.7545304994690233,0.08364129366398229
0.9010543390105434,0.6945169712793734,0.6768447837150128,0.6855670103092784,0.9207930879145294,0.743472960851651,0.08827335783337638
0.9030819140308192,0.7100271002710027,0.6649746192893401,0.6867627785058977,0.9273109676028458,0.7474636459346529,0.08555350858640873
0.8969991889699919,0.7015706806282722,0.6568627450980392,0.6784810126582278,0.9265765830141581,0.7588634922433416,0.08558878766830333
0.8848337388483374,0.6456692913385826,0.6227848101265823,0.634020618556701,0.9094022944948016,0.687288888243747,0.09390760517885527
0.8957826439578265,0.6738544474393531,0.6476683937823834,0.6605019815059445,0.9164271123953767,0.7244302453853008,0.09000044040334593
0.8933495539334956,0.6889952153110048,0.684085510688836,0.6865315852205006,0.9201342710626115,0.7338986101756225,0.09221066973474597
0.9014598540145985,0.6730245231607629,0.6675675675675675,0.6702849389416553,0.9212915205281618,0.7237502890344726,0.08505755473993797
0.8884833738848338,0.6056338028169014,0.6142857142857143,0.6099290780141844,0.9032379152038887,0.6631608666672519,0.09430761905829778
0.9042984590429846,0.7207446808510638,0.6741293532338308,0.6966580976863753,0.9285802094180262,0.761332662602523,0.08267766503088658
0.8921330089213301,0.6308539944903582,0.6343490304709142,0.6325966850828729,0.9212006764003395,0.7003555527384397,0.09246216486922607
0.8884833738848338,0.652605459057072,0.6608040201005025,0.6566791510611736,0.9185992826803262,0.7220978754432987,0.09483649370922444
0.8917274939172749,0.6371191135734072,0.6284153005464481,0.6327372764786795,0.9198907103825137,0.6984219913486402,0.09065319705361165
0.8872668288726683,0.6472081218274112,0.6472081218274112,0.6472081218274112,0.9122087097975423,0.7044064093571665,0.09526891613490115
0.902676399026764,0.6891891891891891,0.6710526315789473,0.68,0.9298973103900691,0.7415630729839479,0.08404050838989986
0.8961881589618816,0.6484375,0.672972972972973,0.6604774535809018,0.9276034144831855,0.7321200967804297,0.08916206231204679
0.8953771289537713,0.6809651474530831,0.6463104325699746,0.6631853785900783,0.9231314035171703,0.7261037833183356,0.08624514897337517
0.8986212489862125,0.681592039800995,0.6919191919191919,0.6867167919799498,0.9236068413604646,0.7360058025234314,0.08938221771838653
0.8978102189781022,0.6657381615598886,0.6442048517520216,0.6547945205479452,0.9282246910562306,0.7314933500800052,0.08375298121347767
0.894566098945661,0.6370370370370371,0.6954177897574124,0.6649484536082474,0.9298586674729332,0.7390210348329996,0.08838058989605385
0.8998377939983779,0.6927083333333334,0.6734177215189874,0.6829268292682927,0.925225384911588,0.7430235764582083,0.08827046961027635
0.8925385239253852,0.6569920844327177,0.6484375,0.6526867627785059,0.9286493355747678,0.7347833663121686,0.08794011953166367
0.8909164639091647,0.676923076923077,0.6486486486486487,0.6624843161856964,0.9153616948663087,0.7257176416592243,0.09234580548764572
0.9067315490673155,0.6894409937888198,0.6306818181818182,0.658753709198813,0.9252332931968693,0.7437946392200574,0.08038657143248316
0.8933495539334956,0.6869565217391305,0.6045918367346939,0.6431478968792401,0.9159282565485211,0.7202391531966127,0.08791969304728738
0.9051094890510949,0.6846846846846847,0.6386554621848739,0.6608695652173913,0.9149928344974784,0.7031067556073889,0.0865835587121337
0.8982157339821574,0.7119565217391305,0.6437346437346437,0.6761290322580645,0.9330237120426532,0.7494005651309549,0.08054430822733584
0.8852392538523925,0.6477832512315271,0.652605459057072,0.6501854140914709,0.9136433125769045,0.7237689596555786,0.09539785873350323
0.8880778588807786,0.6501305483028721,0.6368286445012787,0.6434108527131783,0.92072227529042,0.7163762067451644,0.09123277208955476
0.8957826439578265,0.6851851851851852,0.6523929471032746,0.6683870967741935,0.9252988520720289,0.7490423560064818,0.0873097293080309
0.8965936739659367,0.6706231454005934,0.6108108108108108,0.6393210749646393,0.9135960387868786,0.6952836615702529,0.08819428518010672
0.8990267639902676,0.6982968369829684,0.6966019417475728,0.6974483596597812,0.9275909662415746,0.761743392529553,0.08620897185861036
0.8925385239253852,0.6235632183908046,0.6182336182336182,0.6208869814020028,0.9130239168064226,0.6772818993757586,0.08991334795414485
0.8884833738848338,0.6493506493506493,0.6410256410256411,0.6451612903225806,0.9231893187095499,0.7216912910772493,0.08941866587055855
0.8998377939983779,0.6785714285714286,0.6551724137931034,0.6666666666666666,0.9179153656960231,0.7143836187936781,0.08918219586999233
0.9018653690186537,0.700507614213198,0.69,0.6952141057934509,0.9280215392061955,0.7595660297434231,0.08524592183212579
0.9014598540145985,0.6637168141592921,0.635593220338983,0.6493506493506493,0.9290588619243281,0.7076162883940935,0.0825749195170135
0.9018653690186537,0.6929133858267716,0.6786632390745502,0.6857142857142857,0.9274747417238378,0.7476572297809192,0.08293321878983799
0.8982157339821574,0.6809651474530831,0.6580310880829016,0.6693017127799736,0.9180375647668393,0.7268703858553399,0.08771636567513982
0.9047039740470397,0.6947368421052632,0.6892950391644909,0.6920052424639581,0.9285149331464837,0.7517463239840136,0.0834558062918816
0.8905109489051095,0.6470588235294118,0.6571428571428571,0.6520618556701031,0.9186280322272634,0.7071780338680227,0.09286567248471883
0.897404703974047,0.6844919786096256,0.6547314578005116,0.6692810457516339,0.9277441222691276,0.7473155607477759,0.08343996967984318
0.9034874290348743,0.6735294117647059,0.6432584269662921,0.6580459770114943,0.9235382608232601,0.71740930219076,0.08395639856016499
0.8982157339821574,0.7089337175792507,0.6212121212121212,0.6621803499327052,0.9214670863221588,0.7399226238491327,0.08354090232374123
0.8994322789943228,0.65625,0.6452513966480447,0.6507042253521127,0.9167563312944569,0.720908663366752,0.08868619843267679
0.9047039740470397,0.6571428571428571,0.6666666666666666,0.6618705035971223,0.9133304634811307,0.6899299170187982,0.08864356891592552
0.8901054339010543,0.6464379947229552,0.6413612565445026,0.6438896189224704,0.9243010822924098,0.7289917714124587,0.08903510288849163
0.9047039740470397,0.6802168021680217,0.6820652173913043,0.6811397557666214,0.9271550026940771,0.7443092305922169,0.08318515101940903
0.894566098945661,0.6820512820512821,0.6616915422885572,0.6717171717171717,0.9238846947433376,0.7352352650406752,0.08865563984319445
0.9038929440389294,0.6906077348066298,0.6666666666666666,0.6784260515603799,0.9226386099155109,0.7169066854991994,0.08643920851181823
0.897404703974047,0.6693989071038251,0.649867374005305,0.6594885598923284,0.9214846492870956,0.7051380165334348,0.0884797119125365
0.9002433090024331,0.6587301587301587,0.680327868852459,0.6693548387096774,0.9256999739786625,0.7387380140376348,0.08746770036157638
0.907948094079481,0.7231638418079096,0.6649350649350649,0.6928281461434371,0.9392424970512429,0.7695927201009599,0.07484131295901168
0.9059205190592052,0.718421052631579,0.6859296482412061,0.7017994858611826,0.9278755965514225,0.7659748095753766,0.08260584549841905
0.8884833738848338,0.6391184573002755,0.6170212765957447,0.6278755074424899,0.9229130611829379,0.7015369327717356,0.09038778504897325
0.8965936739659367,0.6684636118598383,0.6526315789473685,0.6604527296937417,0.918022405005803,0.6954938998378866,0.09047497582278546
0.8913219789132197,0.6452513966480447,0.6209677419354839,0.6328767123287671,0.9298186831808238,0.7241184730033696,0.08473546015366448
0.8978102189781022,0.6839378238341969,0.6700507614213198,0.676923076923077,0.9318726358700977,0.7479462572832527,0.0851202698052455
0.8921330089213301,0.6408839779005525,0.6304347826086957,0.6356164383561644,0.9151844924773075,0.7113719239345965,0.090772819771207
0.8872668288726683,0.7028423772609819,0.6252873563218391,0.6618004866180048,0.9170183987277656,0.7451032738057385,0.09346620255511505
0.8949716139497161,0.6577540106951871,0.6525198938992043,0.6551264980026631,0.9263071818658554,0.7333065641665305,0.08733734396303017
0.8909164639091647,0.6612466124661247,0.6288659793814433,0.6446499339498019,0.9202109978865483,0.7094695929432671,0.08908644559413778
0.8961881589618816,0.6951871657754011,0.6467661691542289,0.6701030927835051,0.9259444058775889,0.7511326582184695,0.08598016613615073
0.8953771289537713,0.6504065040650406,0.6504065040650406,0.6504065040650406,0.9179845255772539,0.7226019702199351,0.08890597722996536
0.8929440389294404,0.6570680628272252,0.6536458333333334,0.6553524804177546,0.930229096621838,0.7322220774893288,0.08401063854125976
0.8961881589618816,0.6739130434782609,0.6458333333333334,0.6595744680851063,0.9246842979506884,0.7430315653741547,0.08508799490672529
0.894566098945661,0.699468085106383,0.6414634146341464,0.6692111959287532,0.9233119009205656,0.7478647589445652,0.08811373585944994
0.8901054339010543,0.6621983914209115,0.6301020408163265,0.6457516339869281,0.9166182866589259,0.7024955403928664,0.09224480264201398
0.8957826439578265,0.6604774535809018,0.6587301587301587,0.6596026490066225,0.9166261225648198,0.7189073122636206,0.09227119641560827
0.9034874290348743,0.6666666666666666,0.6629213483146067,0.6647887323943662,0.923407795942276,0.713537695285179,0.0864933259071275
0.894566098945661,0.6588541666666666,0.662303664921466,0.660574412532637,0.925803428766669,0.7164570364894526,0.08619234490580517
0.8929440389294404,0.684863523573201,0.6682808716707022,0.6764705882352942,0.9194682322804046,0.7386717718041759,0.09016337863387036
0.8937550689375506,0.6720867208672087,0.6375321336760925,0.6543535620052771,0.9147524670370677,0.7040186193878627,0.08992424827345265
0.8901054339010543,0.635593220338983,0.6130790190735694,0.624133148404993,0.9148394265856454,0.6826585744716394,0.0917937339227789
0.8998377939983779,0.6547945205479452,0.6638888888888889,0.6593103448275862,0.9197412155745488,0.6957167110854221,0.08643770709739458
0.8949716139497161,0.638235294117647,0.6147308781869688,0.6262626262626263,0.9205417964335175,0.7106957481604499,0.08602083402967724
0.9042984590429846,0.6912181303116147,0.6576819407008087,0.6740331491712708,0.9282105385045899,0.7396647082604272,0.08109015753875595
0.8994322789943228,0.6994949494949495,0.6822660098522167,0.6907730673316709,0.9394435410588742,0.789859748916213,0.08128381303887158
0.8978102189781022,0.6760925449871465,0.6760925449871465,0.6760925449871465,0.9229707668639141,0.7254310864005397,0.08930950523446186
0.8937550689375506,0.6914893617021277,0.6403940886699507,0.6649616368286445,0.9219737911903966,0.7233345218451,0.08630920341975813
0.9038929440389294,0.7161458333333334,0.6823821339950372,0.6988564167725541,0.9272073602128486,0.7573417978893121,0.08505287399001799
0.9042984590429846,0.66,0.6637931034482759,0.66189111747851,0.9256183994876971,0.7066954260875786,0.08484925502938812
0.8949716139497161,0.6642857142857143,0.7027707808564232,0.6829865361077111,0.9266477800516927,0.7480988827503288,0.0937639325057755
0.9038929440389294,0.6683937823834197,0.7029972752043597,0.6852589641434262,0.9305287453607726,0.7450244645893344,0.08679121845430944
0.8905109489051095,0.6825396825396826,0.6323529411764706,0.6564885496183206,0.9187151050896549,0.7285637895834145,0.08863734968221332
0.8986212489862125,0.6842105263157895,0.6449086161879896,0.6639784946236559,0.9323605615018508,0.7546344917094079,0.0812613490955443
0.8957826439578265,0.6756756756756757,0.6459948320413437,0.6605019815059445,0.918328106958598,0.7195323632985069,0.09020854662955698
0.8982157339821574,0.6657894736842105,0.6710875331564987,0.6684280052840158,0.9186721401607256,0.7181758056649402,0.08877550985930446
0.9067315490673155,0.6896551724137931,0.6970509383378016,0.6933333333333334,0.9334754300368009,0.7526775146836531,0.08329186831280175
0.8913219789132197,0.6379310344827587,0.6815789473684211,0.6590330788804071,0.9153138719281426,0.6966562767212727,0.09314770860764443
0.8913219789132197,0.6976127320954907,0.6306954436450839,0.6624685138539043,0.919761994211366,0.7502753593884611,0.08743441797238521
0.9010543390105434,0.6694915254237288,0.6510989010989011,0.6601671309192201,0.9228638868267793,0.7378163332645885,0.08400171908644787
0.897404703974047,0.6961038961038961,0.6633663366336634,0.679340937896071,0.9254172628708071,0.7492360827583817,0.08699953383765666
0.8913219789132197,0.6531165311653117,0.6325459317585301,0.6426666666666667,0.9094494483153635,0.6939030313996211,0.09202784034722535
0.9002433090024331,0.6976127320954907,0.6658227848101266,0.6813471502590673,0.9231081419726298,0.7328688037435668,0.08777453372155729
0.8953771289537713,0.6186666666666667,0.6685878962536023,0.6426592797783933,0.9170031538447938,0.7007137125832663,0.09164274223319156
0.8986212489862125,0.6701846965699209,0.6701846965699209,0.6701846965699209,0.92825798099303,0.744817788159495,0.08620033230330311
0.8998377939983779,0.670299727520436,0.6612903225806451,0.6657645466847091,0.9250880652350288,0.7379651726892844,0.08526433626982766
0.8937550689375506,0.6722222222222223,0.6269430051813472,0.6487935656836461,0.91924446990833,0.7080597541019729,0.08799780187381562
0.9038929440389294,0.696,0.6796875,0.6877470355731226,0.9351209774255524,0.7563128442913069,0.08218623877248442
0.8848337388483374,0.6351706036745407,0.6253229974160207,0.6302083333333334,0.9201278193526254,0.7147982762844642,0.09279144843432349
0.8941605839416058,0.6856368563685636,0.635678391959799,0.6597131681877445,0.9240800229386779,0.7442032083955133,0.08752833445415181
0.8876723438767234,0.6504065040650406,0.6185567010309279,0.6340819022457067,0.9131487949356538,0.6930749112107132,0.09288009187389298
0.9120032441200324,0.7096774193548387,0.6722222222222223,0.6904422253922967,0.9337092434314658,0.7552971285936971,0.07727508884548767
0.8990267639902676,0.667621776504298,0.6366120218579235,0.6517482517482518,0.9213400988810825,0.7261670278501648,0.08470718033680769
0.8917274939172749,0.6615776081424937,0.6598984771573604,0.6607369758576874,0.9204745898908335,0.7263459692936475,0.09171257422836496
0.8949716139497161,0.6649214659685864,0.6597402597402597,0.6623207301173403,0.9229416426917629,0.7364665022644677,0.08891493752305793
0.8982157339821574,0.6944444444444444,0.6790123456790124,0.686641697877653,0.9276594725082515,0.7627786088811016,0.08554235639932395
0.9055150040551501,0.7154929577464789,0.6580310880829016,0.6855600539811066,0.9266440813072938,0.7609416232905426,0.08227722939426917
0.9018653690186537,0.6807909604519774,0.6513513513513514,0.6657458563535912,0.9302983804415104,0.7364522778118725,0.08105157392409887
0.8937550689375506,0.6541353383458647,0.6779220779220779,0.6658163265306123,0.9166197569849659,0.7095369063360969,0.09362751983052604
0.8852392538523925,0.6657381615598886,0.5945273631840796,0.6281208935611038,0.9042384974353042,0.6925757400801722,0.09621346522712788
0.8953771289537713,0.6842105263157895,0.6532663316582915,0.6683804627249358,0.9297296443532945,0.7400577062231469,0.08455891481141645
0.8909164639091647,0.6565934065934066,0.6240208877284595,0.6398929049531459,0.91125598372502,0.6948831319588203,0.09354149632600983
0.8978102189781022,0.6839080459770115,0.6263157894736842,0.6538461538461539,0.9207498612302569,0.7174909976112633,0.08822305600323048
0.9018653690186537,0.6807387862796834,0.6807387862796834,0.6807387862796834,0.921814018936171,0.7324860908217726,0.08748805414235852
0.9002433090024331,0.7076502732240437,0.6507537688442211,0.6780104712041884,0.9283166315134668,0.7441940651435546,0.08276210449556348
0.9042984590429846,0.6964769647696477,0.6745406824146981,0.6853333333333333,0.931672929373037,0.7574680117737759,0.08214948002961368
0.9034874290348743,0.6819407008086253,0.67828418230563,0.6801075268817204,0.9342260490412957,0.7402974382575409,0.08215144504007592
0.8986212489862125,0.6896551724137931,0.6282722513089005,0.6575342465753424,0.918867009677322,0.7075184954643999,0.08674877344276384
0.8925385239253852,0.6567567567567567,0.6377952755905512,0.6471371504660453,0.9153533865820729,0.720747875250447,0.0916491511154021
0.8990267639902676,0.6666666666666666,0.6356164383561644,0.6507713884992987,0.915537936925013,0.6993572403710882,0.086884438047865
0.9002433090024331,0.6563467492260062,0.6109510086455331,0.6328358208955224,0.9198509981735172,0.6737516605355938,0.08511083568565044
0.8913219789132197,0.6483790523690773,0.6718346253229974,0.6598984771573604,0.9196306612327285,0.736567078535513,0.09234876035482724
0.8909164639091647,0.6417112299465241,0.64,0.6408544726301736,0.9115600191296029,0.7025518634689356,0.09219940505470464
0.8941605839416058,0.6276595744680851,0.6610644257703081,0.6439290586630286,0.9150605714073207,0.6751312247496042,0.09218430318717641
0.9067315490673155,0.6844919786096256,0.6956521739130435,0.6900269541778976,0.9307958925684917,0.7326214747421019,0.08110161738804966
0.8949716139497161,0.6731843575418994,0.6292428198433421,0.650472334682861,0.9211470702153075,0.7262109290163404,0.08753473352910773
0.8990267639902676,0.7039106145251397,0.6379746835443038,0.6693227091633466,0.9216962392044448,0.7493655484526651,0.08593423024433615
0.8965936739659367,0.7049608355091384,0.6553398058252428,0.6792452830188679,0.9280967281458863,0.7467560494699388,0.08657611040591978
0.8949716139497161,0.6666666666666666,0.6404199475065617,0.6532797858099063,0.9228145043020702,0.7318346126903252,0.08754440611798327
0.8888888888888888,0.6591549295774648,0.6046511627906976,0.6307277628032345,0.9075609049769257,0.7011245314414929,0.09425100636686737
0.9022708840227088,0.6907216494845361,0.6889460154241646,0.6898326898326899,0.9293944078430305,0.7377935843256829,0.08419685259403623
0.8921330089213301,0.6547945205479452,0.6306068601583114,0.6424731182795699,0.9138579951528055,0.705360062819876,0.09121746854840188
0.9014598540145985,0.6676557863501483,0.6320224719101124,0.6493506493506493,0.9162947973800522,0.7128858576408189,0.08749505321372175
0.8982157339821574,0.6860759493670886,0.6809045226130653,0.6834804539722572,0.9256351875431315,0.7556948237848413,0.08687609979747814
0.8896999188969992,0.6624365482233503,0.6525,0.6574307304785895,0.9211507744433689,0.7254885346994002,0.0911232363710815
0.9022708840227088,0.6902654867256637,0.6324324324324324,0.6600846262341326,0.9277865174334641,0.7420669402942174,0.08127948207312302
0.8937550689375506,0.6702702702702703,0.6391752577319587,0.6543535620052771,0.9178011172519176,0.7144162561352417,0.08967968740752201
0.8941605839416058,0.6781609195402298,0.612987012987013,0.6439290586630286,0.9227606607712325,0.73173608243067,0.08601583418520457
0.9006488240064883,0.6711229946524064,0.6729222520107239,0.6720214190093708,0.9276638968910795,0.7410451748519713,0.08448792472562973
0.8953771289537713,0.6781002638522428,0.6539440203562341,0.6658031088082902,0.9216572213445867,0.7373918123318867,0.09012992401474973
0.8965936739659367,0.6684782608695652,0.6490765171503958,0.6586345381526104,0.9205940025765734,0.7270852250112039,0.0877288438334598
0.8856447688564477,0.6236263736263736,0.6102150537634409,0.6168478260869565,0.9168117303920057,0.6858003496945996,0.09139029262450975
0.8949716139497161,0.683291770573566,0.6748768472906403,0.6790582403965304,0.9215134631020135,0.7335411179471167,0.0887836562570921
0.9022708840227088,0.6649214659685864,0.6920980926430518,0.678237650200267,0.9269991029853324,0.7208568196298657,0.08481940902524884
0.8961881589618816,0.6843575418994413,0.6314432989690721,0.6568364611260054,0.9209179623547622,0.7198650823499012,0.08537712231673847
0.8998377939983779,0.6761363636363636,0.6415094339622641,0.6583679114799447,0.9201641695990324,0.7041905405821278,0.08648930471835863
0.8909164639091647,0.6811224489795918,0.6496350364963503,0.6650062266500623,0.9200371771419775,0.7390814191270885,0.09264712100051171
0.9018653690186537,0.7135135135135136,0.66,0.6857142857142857,0.9296369796708617,0.7456166855729754,0.08192004367783982
0.8896999188969992,0.6821515892420538,0.66270783847981,0.672289156626506,0.9243203688969679,0.7508986690232294,0.08926724504742262
0.8953771289537713,0.6932668329177057,0.6731234866828087,0.683046683046683,0.9309095884013119,0.7549141892441659,0.08689809984110317
0.8998377939983779,0.6935933147632312,0.6450777202072538,0.6684563758389261,0.9214888899960144,0.7511357613481987,0.08522289263290078
0.8978102189781022,0.6710182767624021,0.6710182767624021,0.6710182767624021,0.9134332511478599,0.7132960764773287,0.09469311673590175
0.9140308191403081,0.7084548104956269,0.6845070422535211,0.6962750716332379,0.9289823259786096,0.7475417521384654,0.0769088009124782
0.8941605839416058,0.6556473829201102,0.6363636363636364,0.6458616010854816,0.9218885798713715,0.7118019159485124,0.0890756999117536
0.9018653690186537,0.6633165829145728,0.7096774193548387,0.6857142857142857,0.9230507543313717,0.7197620898322756,0.08694559415182306
0.8888888888888888,0.5971830985915493,0.6180758017492711,0.6074498567335244,0.8983176071047488,0.6595760654929897,0.0986314947881956
0.8965936739659367,0.6490765171503958,0.6684782608695652,0.6586345381526104,0.9245425249720229,0.7101249838943442,0.08847993735254205
0.8941605839416058,0.6762177650429799,0.6145833333333334,0.6439290586630286,0.9238500140089657,0.7192628383768126,0.08315930609333098
0.902676399026764,0.6684782608695652,0.6758241758241759,0.6721311475409836,0.9286968977739672,0.7347376843920136,0.08469157882615669
0.9002433090024331,0.6921052631578948,0.6709183673469388,0.6813471502590673,0.9279871784779486,0.7484867229233508,0.08512845072483163
0.8965936739659367,0.6781002638522428,0.658974358974359,0.6684005201560468,0.9184106516476458,0.7346426742283776,0.08938501218173875
0.8953771289537713,0.6919191919191919,0.6682926829268293,0.6799007444168734,0.9270214482300465,0.7479584934225552,0.08794741934622224
0.8965936739659367,0.6631853785900783,0.6684210526315789,0.6657929226736566,0.9275899480244234,0.7211592709631048,0.08757807096893253
0.8978102189781022,0.6666666666666666,0.6631299734748011,0.6648936170212766,0.9337377928850503,0.7686341318247363,0.08098774567085539
0.8961881589618816,0.6589147286821705,0.6728232189973615,0.6657963446475196,0.9193752504826335,0.7220530130410255,0.08789095766089045
0.9042984590429846,0.7162534435261708,0.6615776081424937,0.6878306878306878,0.9230847599513434,0.7478522121810961,0.08545105653695421
0.8929440389294404,0.7028423772609819,0.6460807600950119,0.6732673267326733,0.9213283078477719,0.7547998976690792,0.08810333560701471
0.8937550689375506,0.6630727762803235,0.6422976501305483,0.6525198938992043,0.9287606121418068,0.7184692730417911,0.08754691018336731
0.8925385239253852,0.6436170212765957,0.6487935656836461,0.6461949265687583,0.9279597893655476,0.7122684021920236,0.08634268757204104
0.8990267639902676,0.6542857142857142,0.6414565826330533,0.6478076379066479,0.9117454473491624,0.706751422760784,0.08764024792991855
0.9014598540145985,0.6345029239766082,0.6477611940298508,0.6410635155096012,0.9125195234526569,0.6631090054521266,0.08880525984819336
0.8990267639902676,0.6843501326259946,0.6649484536082474,0.6745098039215687,0.9239690721649485,0.733297958400607,0.0850087649420204
0.8941605839416058,0.6405405405405405,0.6493150684931507,0.6448979591836734,0.9186427858879986,0.7057335581122623,0.08971827018957251
0.8994322789943228,0.6527777777777778,0.6564245810055865,0.6545961002785515,0.9179489150138339,0.6983053797476411,0.08762850343742554
0.8961881589618816,0.6945945945945946,0.6425,0.6675324675324675,0.9195728460793805,0.7371929317903558,0.08820790556015162
0.8978102189781022,0.6736292428198434,0.6701298701298701,0.671875,0.9302370863158945,0.7463386831446102,0.08504243821391305
0.9002433090024331,0.6701570680628273,0.6808510638297872,0.6754617414248021,0.9312455461671587,0.7380005176146629,0.08590203256141493
0.8965936739659367,0.6693548387096774,0.6535433070866141,0.6613545816733067,0.9140165033327668,0.6963186578113779,0.08983873545933799
0.8905109489051095,0.6811224489795918,0.6480582524271845,0.664179104477612,0.9171448558814911,0.7280328801365135,0.09516573614357414
0.9034874290348743,0.6970509383378016,0.6753246753246753,0.6860158311345647,0.9325149622122231,0.761026708341581,0.0825684684176884
0.8941605839416058,0.656,0.6507936507936508,0.6533864541832669,0.9262439437247866,0.7282556706858334,0.0880491495056866
0.9030819140308192,0.6628571428571428,0.6572237960339944,0.6600284495021337,0.9246496462610388,0.7219757264702038,0.08454501150989759
0.8990267639902676,0.685,0.690176322418136,0.6875784190715182,0.9293444185669953,0.7499056544135507,0.08755499436425725
0.907948094079481,0.6967930029154519,0.6602209944751382,0.6780141843971631,0.9227674726382792,0.7238921370783032,0.08427250414359906
0.9022708840227088,0.6944444444444444,0.6561679790026247,0.6747638326585695,0.9220566853603731,0.7286529703832229,0.08606405021454862
0.8998377939983779,0.6886075949367089,0.6868686868686869,0.6877370417193426,0.925250085395013,0.7518349104206643,0.08518135706213753
0.8998377939983779,0.6801075268817204,0.6640419947506562,0.6719787516600265,0.9239726329172883,0.7277635921672726,0.08525048405847303
0.8990267639902676,0.6741854636591479,0.6932989690721649,0.6836086404066074,0.9259064028655627,0.7358743350914476,0.08806709666579646
0.8982157339821574,0.6876712328767123,0.6469072164948454,0.6666666666666666,0.9260068662373615,0.7429036633947974,0.08562661393325818
0.8880778588807786,0.6596306068601583,0.6297229219143576,0.6443298969072165,0.9085188210759041,0.6852509351533145,0.0950397867670585
0.8986212489862125,0.6750700280112045,0.6426666666666667,0.6584699453551912,0.9227138530208832,0.7413338474144907,0.0850188469826883
0.8856447688564477,0.6556962025316456,0.6395061728395062,0.6475,0.9186574897718356,0.7161214971319071,0.0928081108131291
0.8982157339821574,0.6987012987012987,0.6658415841584159,0.6818757921419518,0.9207956804409829,0.747006880041882,0.08649245924278642
0.8941605839416058,0.6569767441860465,0.6124661246612466,0.6339410939691444,0.9256713358740645,0.7115161509431892,0.08381110311697297
0.8856447688564477,0.6575682382133995,0.6479217603911981,0.6527093596059114,0.9167955326971056,0.7161691813679133,0.09326266355307154
0.8953771289537713,0.6563380281690141,0.6314363143631436,0.643646408839779,0.9100185708580977,0.6834062380931282,0.09063631435085218
0.8888888888888888,0.6510989010989011,0.6171875,0.6336898395721925,0.9172733049151457,0.7080735444175994,0.08998153294202509
0.8998377939983779,0.6524064171122995,0.6759002770083102,0.6639455782312925,0.9250037833676579,0.7196141620952792,0.08675007946754379
0.8880778588807786,0.6175637393767706,0.6072423398328691,0.6123595505617978,0.9103227998461159,0.6816744251089538,0.0923208461788177
0.8978102189781022,0.7012987012987013,0.6633906633906634,0.6818181818181818,0.9228114599654182,0.7407478522276282,0.08875415351021602
0.9055150040551501,0.6965317919075145,0.6531165311653117,0.6741258741258741,0.9253585907342144,0.738194056989828,0.08239617257909615
0.8953771289537713,0.6675531914893617,0.6536458333333334,0.6605263157894737,0.9257024495677233,0.7294362549769473,0.08599726038233517
0.902676399026764,0.6978609625668449,0.6726804123711341,0.6850393700787402,0.9279479178035978,0.7428510087715231,0.08343105587011417
0.8913219789132197,0.6773333333333333,0.6334164588528678,0.654639175257732,0.9195679083163761,0.7227582423328368,0.08833995661034305
0.9022708840227088,0.6657142857142857,0.6526610644257703,0.6591230551626591,0.9185842188938165,0.6913491337235745,0.08639588416001724
0.8961881589618816,0.6333333333333333,0.6477272727272727,0.6404494382022472,0.9193955878558528,0.7264640743708117,0.09001556761316513
0.8917274939172749,0.6513513513513514,0.6358839050131926,0.6435246995994659,0.9218114904048558,0.7241148372595985,0.09006666121357479
0.8941605839416058,0.6781326781326781,0.6798029556650246,0.6789667896678967,0.9271007700033478,0.7602478223059915,0.08924279000483999
0.8925385239253852,0.6657824933687002,0.6435897435897436,0.6544980443285529,0.9187280766760535,0.7227419939979903,0.09040426101231655
0.8998377939983779,0.6628571428571428,0.6426592797783933,0.6526019690576652,0.9296096222554135,0.7219080250454853,0.08327496565812521
0.8913219789132197,0.6401098901098901,0.6297297297297297,0.6348773841961853,0.9230787084794718,0.7067786614679339,0.08746606905664395
0.8982157339821574,0.663013698630137,0.654054054054054,0.6585034013605442,0.9152929647204457,0.6985165085882998,0.08882598937705459
0.8986212489862125,0.6925207756232687,0.6426735218508998,0.6666666666666666,0.9203394256844146,0.7343809123168092,0.08447902204552153
0.889294403892944,0.6467532467532467,0.6450777202072538,0.6459143968871596,0.914343363889996,0.7060408419110618,0.0927010787311687
0.9006488240064883,0.6850828729281768,0.6543535620052771,0.6693657219973009,0.9250252537065109,0.7208107285413364,0.08418335434227225
0.8909164639091647,0.6541554959785523,0.6354166666666666,0.6446499339498019,0.9203865473903299,0.7109315216782541,0.08849182771455112
0.8909164639091647,0.6458333333333334,0.6509186351706037,0.6483660130718955,0.9126481491971776,0.7118351669783567,0.09346555167772631
0.897404703974047,0.6581196581196581,0.6346153846153846,0.6461538461538462,0.9153997762465889,0.7001036201542729,0.08979977744425606
0.8913219789132197,0.6337662337662338,0.6576819407008087,0.6455026455026455,0.9146768393492399,0.7060162575918204,0.09392200890508891
0.9042984590429846,0.7154696132596685,0.6607142857142857,0.6870026525198939,0.9335160293625647,0.7581051443801623,0.08010640873924058
0.9018653690186537,0.6944444444444444,0.6544502617801047,0.6738544474393531,0.9267216689612203,0.7355548121032219,0.08338461762957988
0.8949716139497161,0.68,0.6472081218274112,0.6631989596879063,0.914669609783823,0.7162893559653231,0.09127274025749162
0.902676399026764,0.6715976331360947,0.6376404494382022,0.654178674351585,0.9206014697268226,0.7133542388464873,0.08623379866037538
0.8990267639902676,0.7163461538461539,0.6946386946386947,0.7053254437869823,0.9288512175110114,0.7712205427984153,0.08440014533866277
0.8876723438767234,0.681592039800995,0.6477541371158393,0.6642424242424242,0.9171026245416223,0.7286676518645205,0.09320603672544965
0.8905109489051095,0.6440217391304348,0.6303191489361702,0.6370967741935484,0.922337880484577,0.7143921885029204,0.08914239178651484
0.8856447688564477,0.6322751322751323,0.6256544502617801,0.6289473684210526,0.9152317331752269,0.7076115804723657,0.09432509637981965
0.8998377939983779,0.6713091922005571,0.6513513513513514,0.6611796982167353,0.9310488446461729,0.746513131302845,0.08373821866863679
0.9006488240064883,0.678921568627451,0.7084398976982097,0.6933667083854819,0.9319902628416479,0.7519650175996657,0.08410160309613397
0.883617193836172,0.6259351620947631,0.6469072164948454,0.6362484157160964,0.9132864669636744,0.7021175054353177,0.0953245908710947
0.9034874290348743,0.6804407713498623,0.6693766937669376,0.674863387978142,0.9278062737708923,0.7394091034338045,0.08466186556018583
0.8884833738848338,0.6557788944723618,0.6541353383458647,0.6549560853199499,0.9078028889349643,0.7133779387444091,0.09644956914151566
0.9042984590429846,0.6742209631728046,0.6629526462395543,0.6685393258426966,0.9269063329160128,0.7289701462014772,0.0826751346096856
0.9095701540957015,0.7355371900826446,0.6776649746192893,0.7054161162483488,0.9321580463712444,0.7687106023725447,0.08049774045059398
0.897404703974047,0.6489675516224189,0.6214689265536724,0.6349206349206349,0.9143353556753981,0.6944116751014208,0.08737459206531657
0.9030819140308192,0.6746031746031746,0.6873315363881402,0.6809078771695594,0.9346448031187078,0.7416786470187587,0.08374282844398791
0.9067315490673155,0.7023121387283237,0.6567567567567567,0.6787709497206704,0.9344246441097587,0.7606039062373798,0.07983845214781053
0.8990267639902676,0.6639566395663956,0.6621621621621622,0.6630581867388363,0.9172761501959976,0.7185249147965662,0.0884121206261653
0.8961881589618816,0.6505376344086021,0.657608695652174,0.654054054054054,0.9215699734737017,0.7132396425108264,0.08841931991551712
0.9030819140308192,0.6929133858267716,0.6839378238341969,0.6883963494132985,0.9234206855320846,0.73325485695097,0.08809774760623038
0.9071370640713706,0.6824146981627297,0.7065217391304348,0.6942590120160214,0.9253300244539313,0.7399392460827875,0.08557623780254228
0.8905109489051095,0.652542372881356,0.6111111111111112,0.6311475409836066,0.9171253218188085,0.6895220990979986,0.08925231252888498
0.8933495539334956,0.6229050279329609,0.6353276353276354,0.6290550070521862,0.9154580294060198,0.6687604416861538,0.09162871038888006
0.8969991889699919,0.6700251889168766,0.6838046272493573,0.6768447837150128,0.9240562260428515,0.7250801097476975,0.08929834268042272
0.8994322789943228,0.708092485549133,0.625,0.6639566395663956,0.9123071359691417,0.7038824234871609,0.08962951525601164
0.8937550689375506,0.6505681818181818,0.6222826086956522,0.6361111111111111,0.9227589940730303,0.7008371684749137,0.0855048930199147
0.9059205190592052,0.680628272251309,0.7027027027027027,0.6914893617021277,0.9339965442541778,0.7577559477724091,0.07941021841805448
0.9006488240064883,0.6908077994428969,0.6492146596858639,0.6693657219973009,0.9174563616082645,0.7082152339372233,0.08790959371909822
0.8998377939983779,0.646112600536193,0.6769662921348315,0.6611796982167353,0.9261502209915331,0.7296345139642393,0.08845448147793633
0.8998377939983779,0.6904761904761905,0.6675191815856778,0.6788036410923277,0.9216553169198534,0.7449900657387719,0.08656896038516355
0.9002433090024331,0.6954314720812182,0.685,0.690176322418136,0.9197519361084221,0.7445493988936647,0.08854886544181093
0.8933495539334956,0.6994535519125683,0.6259168704156479,0.6606451612903226,0.9265814268886847,0.7489047380252295,0.08366995458822594
0.902676399026764,0.7085561497326203,0.6691919191919192,0.6883116883116883,0.9281632752647245,0.7547579411914624,0.0818283319787625
0.8949716139497161,0.7024793388429752,0.6280788177339901,0.6631989596879063,0.9219582476445549,0.745754197955929,0.08587634641851906
0.8771289537712895,0.644927536231884,0.6312056737588653,0.6379928315412187,0.9069347098840648,0.6963278347695443,0.10113605603423842
0.9042984590429846,0.6565934065934066,0.6828571428571428,0.6694677871148459,0.9217674858223062,0.7330782124079049,0.0851984077581564
0.8929440389294404,0.6392045454545454,0.6215469613259669,0.6302521008403361,0.9254708211667333,0.7134355505525376,0.085844737544521
0.8832116788321168,0.6262626262626263,0.6391752577319587,0.6326530612244898,0.9157534008711787,0.6971960319487573,0.09695482720183259
0.8949716139497161,0.661498708010336,0.6666666666666666,0.6640726329442282,0.9205453990553955,0.7216477903770872,0.08908951065410473
0.8937550689375506,0.6586021505376344,0.6447368421052632,0.651595744680851,0.9199159812282383,0.7300811080509522,0.08997246936185026
0.8986212489862125,0.6743002544529262,0.6847545219638242,0.6794871794871795,0.9261807194623732,0.7421766124747001,0.08659428425642665
0.8909164639091647,0.6485013623978202,0.6296296296296297,0.6389261744966444,0.9184974862656854,0.7092191131428753,0.08936694414322624
0.8884833738848338,0.631578947368421,0.6162162162162163,0.6238030095759234,0.9117160099030328,0.6803937702435032,0.09187893321148367
0.8998377939983779,0.6621621621621622,0.667574931880109,0.6648575305291723,0.9271613704722503,0.7085425251209692,0.08606198463971286
0.8925385239253852,0.6896551724137931,0.6682577565632458,0.6787878787878788,0.9242514512768555,0.7556727446461253,0.08949684281992586
0.8961881589618816,0.6532663316582915,0.6878306878306878,0.6701030927835051,0.9263136288998357,0.7377774660059276,0.0890327555307053
0.8982157339821574,0.6530054644808743,0.6584022038567493,0.6556927297668038,0.9232959867118862,0.720669007095047,0.08661960528461282
0.8925385239253852,0.6731301939058172,0.6230769230769231,0.6471371504660453,0.9112494441974212,0.7022202877573754,0.0909456827369424
0.9018653690186537,0.6902173913043478,0.6649214659685864,0.6773333333333333,0.9261337942539016,0.7413913648613211,0.08708153364859089
0.8868613138686131,0.6365979381443299,0.6415584415584416,0.6390685640362225,0.918976266405387,0.7218345910809129,0.09136887524143317
0.8917274939172749,0.6338797814207651,0.6356164383561644,0.6347469220246238,0.9155366329145287,0.690192327905204,0.09034993221944672
0.889294403892944,0.6657608695652174,0.620253164556962,0.6422018348623854,0.9096797853418821,0.7188077992412577,0.09263086667843926
0.8990267639902676,0.6675,0.6971279373368147,0.6819923371647509,0.9215782619213853,0.7327604945576078,0.09175744242311036
0.8986212489862125,0.6850828729281768,0.6458333333333334,0.6648793565683646,0.9311571906019853,0.7423869313651913,0.08245566786244224
0.9006488240064883,0.6657534246575343,0.6639344262295082,0.66484268125855,0.9190814467863648,0.7130288481653438,0.087688009528515
0.9006488240064883,0.6587926509186351,0.6857923497267759,0.6720214190093708,0.9249817850637523,0.7432280095243124,0.0873022226817849
0.902676399026764,0.6939313984168866,0.6795865633074936,0.6866840731070496,0.9138437407171256,0.737985051729656,0.09033509391789767
0.8994322789943228,0.664756446991404,0.6391184573002755,0.651685393258427,0.9269179933166447,0.7164301456833285,0.08278556364121602
0.8937550689375506,0.6508379888268156,0.6297297297297297,0.6401098901098901,0.9162471631937281,0.7149340597138846,0.08788646629030439
0.8937550689375506,0.6464379947229552,0.6568364611260054,0.651595744680851,0.9161471469432769,0.7057396243330604,0.0904352938192375
0.9002433090024331,0.6893732970027248,0.6571428571428571,0.6728723404255319,0.9178803896727972,0.7216510177375406,0.08899190996137815
0.8880778588807786,0.6405405405405405,0.6236842105263158,0.632,0.9097756976333451,0.6901469647317001,0.09521728012687725
0.8949716139497161,0.6409574468085106,0.6602739726027397,0.650472334682861,0.9192139424800976,0.7122728540195968,0.089537059520078
0.8978102189781022,0.6831168831168831,0.6692111959287532,0.6760925449871465,0.9141377875483774,0.7289764972411278,0.09191193823764875
0.8982157339821574,0.6910994764397905,0.6649874055415617,0.6777920410783055,0.9215284279267051,0.733569723979679,0.08712014130894363
0.9059205190592052,0.7002583979328165,0.7002583979328165,0.7002583979328165,0.9303195608105169,0.774167361643314,0.08467133601363724
0.8978102189781022,0.6876640419947506,0.6632911392405063,0.6752577319587629,0.9238525997958548,0.7265422913771903,0.08761599431183266
0.8864557988645579,0.660574412532637,0.6277915632754343,0.6437659033078881,0.9147474888409638,0.716190911744672,0.09246227154089641
0.9010543390105434,0.6683937823834197,0.6898395721925134,0.6789473684210526,0.9297003609370047,0.7308855990996793,0.08589949199822113
0.902676399026764,0.6868421052631579,0.6832460732984293,0.6850393700787402,0.9265885178522978,0.7478269183919266,0.08410873496577946
0.9030819140308192,0.6830601092896175,0.6702412868632708,0.6765899864682002,0.9263227738574515,0.7161019944710881,0.08512716494104342
0.9051094890510949,0.7087912087912088,0.6683937823834197,0.688,0.9309784774810681,0.7448146883142349,0.08070189878602971
0.8961881589618816,0.6839237057220708,0.6419437340153452,0.662269129287599,0.9168508304317012,0.743150781207524,0.0902905629157187
0.8787510137875101,0.6409638554216868,0.6394230769230769,0.6401925391095066,0.9202990150093808,0.7201983683856765,0.0949034005553585
0.8953771289537713,0.6559139784946236,0.6524064171122995,0.6541554959785523,0.9187930082514495,0.6927929282797504,0.08852817136853339
0.8986212489862125,0.6738544474393531,0.6596306068601583,0.6666666666666666,0.9192172172754316,0.7170962347183625,0.08874911102805448
0.8913219789132197,0.6556122448979592,0.658974358974359,0.6572890025575447,0.9142100192678227,0.6924301418256942,0.09350959883047892
0.897404703974047,0.6649484536082474,0.6771653543307087,0.6710013003901171,0.9286517242898594,0.7390837714961924,0.08521181983009055
0.9038929440389294,0.6836461126005362,0.6818181818181818,0.6827309236947792,0.9214783079927609,0.7177765857800603,0.08670705926177157
0.8872668288726683,0.6388140161725068,0.6220472440944882,0.6303191489361702,0.9126280078299565,0.6767536424426969,0.09274883819394834
0.8965936739659367,0.655367231638418,0.6356164383561644,0.6453407510431154,0.9174522243158835,0.7132466054426655,0.08970879000131368
0.9047039740470397,0.6891891891891891,0.68,0.6845637583892618,0.9286746373346086,0.7440717065442469,0.08482048033717175
0.8949716139497161,0.6724565756823822,0.6809045226130653,0.6766541822721598,0.9272571756266828,0.7344390923063964,0.08766180647277658
0.897404703974047,0.6768802228412256,0.6394736842105263,0.6576454668470907,0.9250365847504669,0.7212256333973923,0.08416395312362085
0.8888888888888888,0.6708229426433915,0.6545012165450121,0.6625615763546798,0.9202988379183169,0.7370975897429285,0.09086500871280888
0.8949716139497161,0.6923076923076923,0.6739130434782609,0.6829865361077111,0.927357308999821,0.754695034225101,0.08689547260675418
0.9010543390105434,0.6550802139037433,0.6805555555555556,0.667574931880109,0.9297786746860821,0.7458440480819497,0.08608602087672045
0.8880778588807786,0.639686684073107,0.639686684073107,0.639686684073107,0.9126473290556776,0.7041904244371778,0.09399176766055765
0.9087591240875912,0.7050938337801609,0.6957671957671958,0.7003994673768309,0.9295495550284822,0.7550115544268434,0.08242679804097987
0.8888888888888888,0.6532951289398281,0.5984251968503937,0.6246575342465753,0.9120942615985951,0.7086867311109125,0.09012925671403296
0.8901054339010543,0.6894865525672371,0.6619718309859155,0.6754491017964072,0.926028721347694,0.7499035284494233,0.08905586292809574
0.9055150040551501,0.6926952141057935,0.7124352331606217,0.70242656449553,0.9322414308489437,0.7656617298921531,0.0849572597905047
0.8957826439578265,0.6411483253588517,0.7146666666666667,0.6759142496847415,0.9254978479196557,0.7262023639829684,0.09206595631880299
0.8933495539334956,0.6770025839793282,0.655,0.6658195679796697,0.9249165053242981,0.7451158998709843,0.08805934364274319
0.8998377939983779,0.6539440203562341,0.6983695652173914,0.6754270696452037,0.929171674887056,0.725698799840176,0.08719730585518698
0.8978102189781022,0.6709844559585493,0.6744791666666666,0.6727272727272727,0.9267981508165226,0.7512213200723322,0.08784727838309452
0.8969991889699919,0.7037974683544304,0.6698795180722892,0.6864197530864198,0.9301428042741419,0.745781930693905,0.08608632876460959
0.8986212489862125,0.7007481296758105,0.683698296836983,0.6921182266009852,0.9284091379994198,0.76102370706466,0.08686316514871639
0.8965936739659367,0.6948228882833788,0.6407035175879398,0.6666666666666666,0.927792978431811,0.7502465249164957,0.08429479148330898
0.9022708840227088,0.7081081081081081,0.6632911392405063,0.6849673202614379,0.9260786387056947,0.7579838769291389,0.08493642578708165
0.894566098945661,0.6563380281690141,0.628032345013477,0.6418732782369146,0.9241873540518112,0.7263891912177183,0.08734357571452403
0.8921330089213301,0.6512820512820513,0.6614583333333334,0.6563307493540051,0.9179900136087095,0.71894087780512,0.09113523023168642
0.894566098945661,0.664,0.6501305483028721,0.6569920844327177,0.924802172002873,0.7185946441094876,0.08708004335850317
0.8949716139497161,0.6537396121883656,0.6378378378378379,0.6456908344733242,0.9187203424798844,0.7068051751679918,0.09054086363659916
0.902676399026764,0.6809045226130653,0.7057291666666666,0.6930946291560103,0.9383217759365994,0.7722816414258694,0.08435893180720373
0.9067315490673155,0.6991404011461319,0.6612466124661247,0.6796657381615598,0.9264105516591646,0.7400459387479992,0.08045425764974522
0.9022708840227088,0.6586021505376344,0.6824512534818942,0.6703146374829001,0.923804852640026,0.7457070533607116,0.08542879972045236
0.8872668288726683,0.622107969151671,0.6487935656836461,0.6351706036745407,0.9229129653421531,0.70688448745063,0.0897181101650204
0.8856447688564477,0.6449086161879896,0.628498727735369,0.6365979381443299,0.9090045403828946,0.7125394004853987,0.09405055275713503
0.8982157339821574,0.6987012987012987,0.6658415841584159,0.6818757921419518,0.932069940747712,0.7444961462826668,0.0865959339910801
0.8986212489862125,0.6893732970027248,0.6503856041131105,0.6693121693121693,0.9225214833041031,0.7384678489924711,0.08760123661684899
0.8815896188158961,0.6506666666666666,0.6024691358024692,0.6256410256410256,0.9073600852995968,0.7005776594253655,0.09557806169163215
0.889294403892944,0.6117021276595744,0.6442577030812325,0.6275579809004093,0.9134202756493778,0.6961890741770891,0.09366588316700575
0.8941605839416058,0.7050938337801609,0.6352657004830918,0.6683608640406608,0.9219142865214566,0.7350255300534556,0.09055245327388459
0.889294403892944,0.6432584269662921,0.6106666666666667,0.6265389876880985,0.9130164195759605,0.7104958134076573,0.0934749638534045
0.9018653690186537,0.7021857923497268,0.658974358974359,0.6798941798941799,0.9254742848673485,0.7463965111435403,0.08410590421780831
0.8856447688564477,0.6313131313131313,0.6476683937823834,0.639386189258312,0.9122135312873655,0.6829403262342761,0.097520224209624
0.8949716139497161,0.6581196581196581,0.6243243243243243,0.6407766990291263,0.9169731277078604,0.7057006165210523,0.09023057814580988
0.8949716139497161,0.6432432432432432,0.6520547945205479,0.6476190476190476,0.9182685348790205,0.694922758330607,0.08977891789921942
0.8921330089213301,0.6513513513513514,0.6375661375661376,0.6443850267379679,0.9196225850919337,0.7018812470569642,0.08853201033822594
0.8965936739659367,0.6542857142857142,0.6308539944903582,0.6423562412342216,0.9210428759125426,0.7140978852080717,0.08763794594310148
0.8909164639091647,0.6458333333333334,0.6509186351706037,0.6483660130718955,0.9179679878144729,0.7120667654434366,0.09248560705746921
0.8953771289537713,0.6563467492260062,0.5905292479108635,0.6217008797653959,0.9119951666615989,0.6885262279474331,0.08856445522725585
0.8844282238442822,0.6266666666666667,0.618421052631579,0.6225165562913907,0.9046475248523995,0.6955740579927429,0.0963003819731978
0.9063260340632603,0.7295774647887324,0.6573604060913706,0.6915887850467289,0.9337541402896733,0.7548964397961324,0.07725660306852009
0.8978102189781022,0.6767123287671233,0.6482939632545932,0.6621983914209115,0.9252176211786476,0.7154865891014759,0.08556433923262587
0.8994322789943228,0.6421052631578947,0.6853932584269663,0.6630434782608695,0.9304009798178817,0.745417887636386,0.08627981003029672
0.8961881589618816,0.6907216494845361,0.6633663366336634,0.6767676767676768,0.9265636553956075,0.7380361681279165,0.0860948279979327
0.8880778588807786,0.6580310880829016,0.6381909547738693,0.6479591836734694,0.9163916779254104,0.7147035561968822,0.09224236188508157
0.897404703974047,0.6881720430107527,0.6513994910941476,0.6692810457516339,0.9290293596697636,0.7498260741895371,0.08534080457014266
0.9030819140308192,0.7028423772609819,0.6868686868686869,0.6947637292464879,0.9364307324452252,0.775770179599558,0.08077778717213462
0.9010543390105434,0.6971279373368147,0.6759493670886076,0.6863753213367609,0.9280039606623108,0.7489592696506159,0.08371121071176925
0.9010543390105434,0.6876712328767123,0.6587926509186351,0.6729222520107239,0.9203434103111212,0.7298646597424663,0.08635878664238303
0.9042984590429846,0.7038043478260869,0.6709844559585493,0.6870026525198939,0.9252976783579115,0.7416516025743545,0.08321013997989768
0.9014598540145985,0.7044198895027625,0.6521739130434783,0.6772908366533864,0.9301512957199644,0.7539289935370952,0.08220172045166273
0.9002433090024331,0.6580459770114943,0.6432584269662921,0.6505681818181818,0.9272365408168699,0.7276266015375156,0.08450299075770396
0.9071370640713706,0.7101063829787234,0.689922480620155,0.6998689384010485,0.9324548549354752,0.7505686048619215,0.08244187431766903
0.8937550689375506,0.6566757493188011,0.6392572944297082,0.6478494623655914,0.9089813637939288,0.7044160033044768,0.09357839816709787
0.8872668288726683,0.6875,0.6425233644859814,0.6642512077294686,0.9183825080480221,0.7437043804971465,0.0908782050807472
0.9042984590429846,0.649171270718232,0.6831395348837209,0.6657223796033994,0.9278913596212437,0.720734294094166,0.08461549672988211
0.8860502838605029,0.6602739726027397,0.6055276381909548,0.6317169069462647,0.9139629482032989,0.7241463913541376,0.09372510260443151
0.9030819140308192,0.6769662921348315,0.6602739726027397,0.6685159500693482,0.9197707549568699,0.7068394915366628,0.08741208587499871
0.8998377939983779,0.6550802139037433,0.6749311294765841,0.6648575305291723,0.915204437056337,0.7188193679452716,0.0896573602230897
0.8913219789132197,0.6736842105263158,0.64,0.6564102564102564,0.9100484027105518,0.7051070545075551,0.09663706338527263
0.8982157339821574,0.6648351648351648,0.6522911051212938,0.6585034013605442,0.9269496748129611,0.7389197482250379,0.08493015531474396
0.9014598540145985,0.7105263157894737,0.627906976744186,0.6666666666666666,0.9212252959022984,0.7333410833731074,0.08334819901836843
0.9059205190592052,0.6601123595505618,0.6791907514450867,0.6695156695156695,0.9304054422510634,0.7482670524537781,0.0806931899641022
0.8905109489051095,0.6762402088772846,0.6395061728395062,0.6573604060913706,0.9117580462558629,0.714276026746464,0.09254687760624193
0.9034874290348743,0.7026315789473684,0.6811224489795918,0.6917098445595855,0.932664869226379,0.7535250928439313,0.0811403224066325
0.9010543390105434,0.6696696696696697,0.6246498599439776,0.6463768115942029,0.9282453616818942,0.7215695219660485,0.0809510165993071
0.8953771289537713,0.6450704225352113,0.6343490304709142,0.6396648044692738,0.9117297556931458,0.6994241221694437,0.08985401504255533
0.9022708840227088,0.6675461741424802,0.6875,0.677376171352075,0.9303451527334521,0.7420584817710913,0.08294936410890415
0.8965936739659367,0.6766304347826086,0.6467532467532467,0.6613545816733067,0.9234334142551346,0.7251946663141563,0.08598175111801531
0.8986212489862125,0.6507936507936508,0.6758241758241759,0.6630727762803235,0.920349274892567,0.7098822756603658,0.08980315170685342
0.8905109489051095,0.6531165311653117,0.6292428198433421,0.6409574468085106,0.9125457984504676,0.6992956185551119,0.09139593471702388
0.9014598540145985,0.6770334928229665,0.7237851662404092,0.6996291718170581,0.9340954611284011,0.7653597578294713,0.08602897658084115
0.8860502838605029,0.6358695652173914,0.6141732283464567,0.6248331108144193,0.9094192362645317,0.6739711000635095,0.09585366905082146
0.9006488240064883,0.7146529562982005,0.6747572815533981,0.6941323345817728,0.928758472693584,0.7515535111311594,0.0859369348900166
0.9010543390105434,0.6568364611260054,0.6786703601108033,0.667574931880109,0.9300333594330871,0.7428742702951175,0.08380815292151007
0.902676399026764,0.702020202020202,0.695,0.6984924623115578,0.9363419651500484,0.7730081801047343,0.08235753687545143
0.9055150040551501,0.6840659340659341,0.6784741144414169,0.6812585499316005,0.9349268433261979,0.7439740253446978,0.08145380825035727
0.9030819140308192,0.6778846153846154,0.7286821705426356,0.7023661270236613,0.9417976989036421,0.7736290612952128,0.08270734501505621
0.8990267639902676,0.6884816753926701,0.6692111959287532,0.6787096774193548,0.9269021675756024,0.7570135140281136,0.08549809812755473
0.8933495539334956,0.6846361185983828,0.635,0.6588845654993515,0.9200169409486931,0.7434595410048107,0.08940552887382285
0.8888888888888888,0.638676844783715,0.6553524804177546,0.6469072164948454,0.9202984749100325,0.7112979642346638,0.09227219614125272
0.9030819140308192,0.6970509383378016,0.6735751295336787,0.6851119894598156,0.927585691510562,0.7505302936604972,0.08478673729240921
0.897404703974047,0.6717557251908397,0.6804123711340206,0.676056338028169,0.9236738834922555,0.740533642524597,0.09021635452765947
0.8949716139497161,0.6754617414248021,0.6530612244897959,0.6640726329442282,0.9186576269852204,0.7271118766808495,0.08837361191082385
0.9010543390105434,0.7002652519893899,0.6683544303797468,0.6839378238341969,0.9254246404537648,0.744298415960267,0.08547850290663007
0.8896999188969992,0.6373056994818653,0.6507936507936508,0.643979057591623,0.9211353868920918,0.7234160134727022,0.08990044981554307
0.8965936739659367,0.672,0.65625,0.6640316205533597,0.9291859289945565,0.7364561058793965,0.08451519839592661
0.8888888888888888,0.6459948320413437,0.6459948320413437,0.6459948320413437,0.914953646219796,0.7048929554830133,0.09550382783253847
0.8941605839416058,0.6718346253229974,0.6598984771573604,0.6658130601792573,0.9274114125002451,0.7404095426355835,0.0864911539150806
0.8917274939172749,0.6648199445983379,0.6217616580310881,0.642570281124498,0.920210990434436,0.7126098728825219,0.08719946569375674
0.8852392538523925,0.6468926553672316,0.5917312661498708,0.6180836707152496,0.9019803050810802,0.6769159392052497,0.09371492308141789
0.8856447688564477,0.6066481994459834,0.6100278551532033,0.6083333333333333,0.9084283321413038,0.6756407212425366,0.09551309428216584
0.8929440389294404,0.6700507614213198,0.6633165829145728,0.6666666666666666,0.9305521806323687,0.7574797761751342,0.0867671068002963
0.8888888888888888,0.6409574468085106,0.6342105263157894,0.6375661375661376,0.9145985769793612,0.6939599238750238,0.09239996971294409
0.8929440389294404,0.6854219948849105,0.6552567237163814,0.67,0.9195162799100929,0.7371485043075292,0.09039478518150186
0.8994322789943228,0.6623376623376623,0.6836461126005362,0.6728232189973615,0.9152940543545509,0.7089173400363868,0.09088055886604385
0.9047039740470397,0.6703296703296703,0.6796657381615598,0.6749654218533887,0.9336817320696498,0.7262781371681477,0.08393100597799807
0.9047039740470397,0.7064935064935065,0.6903553299492385,0.6983311938382541,0.9326908943025694,0.752529611286662,0.08249975595828704
0.884022708840227,0.6314363143631436,0.608355091383812,0.6196808510638298,0.9085422335981068,0.6882434244107607,0.0936408727233952
0.9103811841038119,0.7106741573033708,0.6819407008086253,0.6960110041265475,0.9283752227418638,0.749952861816782,0.08059005545961956
0.8965936739659367,0.6584699453551912,0.6495956873315364,0.6540027137042063,0.9258792272706804,0.7372341129940067,0.08623327033119269
0.8986212489862125,0.6752577319587629,0.6787564766839378,0.6770025839793282,0.9253275707453169,0.73191762918993,0.08688343140909288
0.9067315490673155,0.6770538243626062,0.6732394366197183,0.6751412429378532,0.9301952882620212,0.7342890243664223,0.08147561154440595
0.9051094890510949,0.6972972972972973,0.6789473684210526,0.688,0.9314212544784781,0.7565604429102952,0.0795967687932172
0.9014598540145985,0.6910112359550562,0.6490765171503958,0.6693877551020408,0.9339724617654458,0.7482856064545976,0.08033938865015514
0.8978102189781022,0.6886075949367089,0.6783042394014963,0.6834170854271356,0.923839312131294,0.7280264029731329,0.08911750237660755
0.8884833738848338,0.6428571428571429,0.6344647519582245,0.6386333771353482,0.9206105875112341,0.7165701373033082,0.0909868431776814
0.8941605839416058,0.6760925449871465,0.6608040201005025,0.6683608640406608,0.9176904833645986,0.7190609013435656,0.09136992107507975
0.9038929440389294,0.701058201058201,0.6812339331619537,0.6910039113428944,0.9322757635654548,0.7564086428053534,0.08203826747883818
0.9047039740470397,0.6807909604519774,0.6639118457300276,0.6722454672245467,0.931591888277143,0.7403690517356412,0.08161742062377998
0.8998377939983779,0.6906666666666667,0.6641025641025641,0.677124183006536,0.9286337137493206,0.7426269047511318,0.08483447168116343
0.9022708840227088,0.7084468664850136,0.6598984771573604,0.683311432325887,0.9247888207279071,0.7587534778665586,0.08463738448840472
0.8990267639902676,0.675392670157068,0.6736292428198434,0.6745098039215687,0.9255091258465584,0.7463018894441329,0.08690582194920592
0.8876723438767234,0.6088154269972452,0.6207865168539326,0.6147426981919333,0.903937909366846,0.6826854264176894,0.09728557674765363
0.8949716139497161,0.6516290726817042,0.6842105263157895,0.6675224646983312,0.9173815411010748,0.7281486549519004,0.09178529744428682
0.907948094079481,0.7131147540983607,0.6814621409921671,0.6969292389853138,0.9390026686254135,0.7661554792434683,0.07851265329441351
0.8994322789943228,0.686046511627907,0.6276595744680851,0.6555555555555556,0.9195268756998881,0.7070225423957388,0.08656654164715216
0.8819951338199513,0.6422976501305483,0.615,0.6283524904214559,0.9115258954501452,0.7067375594604399,0.09440570591591918
0.8978102189781022,0.6711590296495957,0.6569920844327177,0.664,0.9233867654142429,0.7033478506780064,0.08720254353349872
0.9103811841038119,0.6871794871794872,0.7302452316076294,0.7080581241743725,0.9366871210242844,0.7691954226922919,0.0820229639644107
0.9034874290348743,0.7052023121387283,0.6421052631578947,0.6721763085399449,0.9266135136498965,0.7415401265639522,0.08229992838473099
0.8864557988645579,0.6342710997442456,0.6441558441558441,0.6391752577319587,0.9129551851320232,0.6962556016805541,0.09528213922827851
0.9010543390105434,0.6878172588832487,0.6913265306122449,0.6895674300254453,0.9345652195304353,0.765355801791596,0.08218942561847857
0.9018653690186537,0.6452442159383034,0.7070422535211267,0.6747311827956989,0.9251833120942614,0.7113508047829983,0.08982548367973764
0.8925385239253852,0.6738544474393531,0.6345177664974619,0.6535947712418301,0.924203300472336,0.7183225268140756,0.08829550462793322
0.8933495539334956,0.6727748691099477,0.6506329113924051,0.6615186615186616,0.916367681484515,0.7239219109216966,0.08922798666896486
0.8913219789132197,0.6569148936170213,0.6398963730569949,0.6482939632545932,0.9065103128736548,0.6852573261232026,0.09529611031129931
0.902676399026764,0.7193877551020408,0.6844660194174758,0.7014925373134329,0.9289889015985857,0.764241989532322,0.08339563421315264
0.8998377939983779,0.6649214659685864,0.6809651474530831,0.6728476821192053,0.9168414054764445,0.7247755847864198,0.09155178518505284
0.8925385239253852,0.648936170212766,0.6472148541114059,0.648074369189907,0.9140286431516356,0.708252875682203,0.09157385177950851
0.8941605839416058,0.6507936507936508,0.656,0.6533864541832669,0.925842180774749,0.7287782705762138,0.08592167551727624
0.9038929440389294,0.6910112359550562,0.6595174262734584,0.6748971193415638,0.9292419900882426,0.7411267788299126,0.0822209890828065
0.8905109489051095,0.640625,0.6507936507936508,0.6456692913385826,0.9127376897970767,0.6912607132544588,0.09398472997647835
0.8880778588807786,0.649616368286445,0.6463104325699746,0.6479591836734694,0.9204052098408104,0.7233847924638612,0.09156817918240301
0.8901054339010543,0.6738544474393531,0.625,0.648508430609598,0.9171212487899322,0.72751284719917,0.08923906561425671
0.8941605839416058,0.649867374005305,0.6550802139037433,0.6524633821571239,0.9169487019560127,0.7136915025497931,0.09071556023015111
0.8990267639902676,0.6954177897574124,0.6548223350253807,0.6745098039215687,0.9287049467887032,0.7581689721702,0.08563737087598447
0.897404703974047,0.6323119777158774,0.6522988505747126,0.6421499292786421,0.9151891830288822,0.6966262328585618,0.09235950462485949
0.9059205190592052,0.6776649746192893,0.717741935483871,0.6971279373368147,0.9268724774316789,0.7607705777081505,0.0858963907332127
0.9030819140308192,0.7124352331606217,0.6823821339950372,0.697084917617237,0.9235219614404329,0.74875177772254,0.08562153283598777
0.8921330089213301,0.6457765667574932,0.6353887399463807,0.6405405405405405,0.9136890618415272,0.7080846379892354,0.09123353952088241
0.9030819140308192,0.6864864864864865,0.6737400530503979,0.6800535475234271,0.93030183365437,0.7520410459175056,0.08260176400935725
0.8876723438767234,0.6493506493506493,0.6377551020408163,0.6435006435006435,0.9194878771180603,0.7215974981901846,0.08999182662078861
0.8949716139497161,0.6820512820512821,0.6633416458852868,0.672566371681416,0.9230954091768158,0.751636429815959,0.0888302806863937
0.8888888888888888,0.6518324607329843,0.6384615384615384,0.6450777202072538,0.9245281853663356,0.6997536047163243,0.08956240452431731
0.9022708840227088,0.6614583333333334,0.6958904109589041,0.678237650200267,0.9285089292117908,0.7240289735314658,0.08387454019173081
0.9014598540145985,0.6720867208672087,0.6702702702702703,0.6711772665764547,0.9214024138642458,0.7218913921288307,0.08698977403280099
0.8884833738848338,0.6323907455012854,0.6507936507936508,0.6414602346805737,0.915120922783758,0.7037486827535069,0.09337842750427705
0.8929440389294404,0.635593220338983,0.625,0.6302521008403361,0.9136752136752138,0.6902724515759616,0.09110872984741104
0.8929440389294404,0.6684491978609626,0.6410256410256411,0.6544502617801047,0.9233498838990168,0.7260928424677145,0.08831784251920928
0.9014598540145985,0.6916890080428955,0.6683937823834197,0.6798418972332015,0.9191111996811479,0.7221585616758707,0.08953547942457646
0.897404703974047,0.6585365853658537,0.6567567567567567,0.6576454668470907,0.918234217041469,0.7195839590093004,0.08844685446920263
0.8921330089213301,0.6741854636591479,0.6641975308641975,0.6691542288557214,0.9249052060308731,0.7408989453698624,0.09083041539941697
0.8994322789943228,0.6565934065934066,0.6602209944751382,0.6584022038567493,0.9250204819024012,0.7240893512179417,0.08563305628112852
0.9018653690186537,0.663013698630137,0.6703601108033241,0.6666666666666666,0.9270474598798534,0.7379584376341969,0.08335088283611157
0.9034874290348743,0.7016129032258065,0.6726804123711341,0.6868421052631579,0.9278362918349324,0.7696501717910238,0.08443029547120734
0.9002433090024331,0.6700507614213198,0.6947368421052632,0.6821705426356589,0.9245117828127365,0.7462075958111613,0.08712432066045536
0.8807785888077859,0.6470588235294118,0.6376811594202898,0.6423357664233577,0.9160510306899832,0.7075606866545653,0.09557552067119905
0.8844282238442822,0.6709183673469388,0.6276849642004774,0.6485819975339088,0.907878460008418,0.7135037445943654,0.09764615398982875
0.8905109489051095,0.6553524804177546,0.6452442159383034,0.6502590673575129,0.9216897517553619,0.7094275292634007,0.08823958841908652
0.8953771289537713,0.6256830601092896,0.6542857142857142,0.6396648044692738,0.9199878476910612,0.6876950484014805,0.09264931111774677
0.8982157339821574,0.6988950276243094,0.640506329113924,0.6684280052840158,0.91887854580127,0.7363545598080494,0.08769935510715643
0.8925385239253852,0.7216494845360825,0.6407322654462243,0.6787878787878788,0.9202265096602693,0.7580668944369536,0.08584149519015101
0.8953771289537713,0.6728723404255319,0.6520618556701031,0.662303664921466,0.9201254179772382,0.7380246729032818,0.08851409384122907
0.8868613138686131,0.631578947368421,0.633245382585752,0.6324110671936759,0.9140906200338066,0.7137622679006423,0.09376044152794313
0.9059205190592052,0.6555023923444976,0.7569060773480663,0.7025641025641025,0.9333524147637754,0.7603623971242652,0.08685087443509272
0.8888888888888888,0.6641604010025063,0.654320987654321,0.6592039800995025,0.9242546768019839,0.7416972512317543,0.09083879067003464
0.8957826439578265,0.6553524804177546,0.6675531914893617,0.6613965744400527,0.9171930672910517,0.7349142545455256,0.09089280765685424
0.8884833738848338,0.6430517711171662,0.6210526315789474,0.6318607764390897,0.9178218196497956,0.715699856661975,0.09043048897821994
0.9002433090024331,0.6539589442815249,0.6353276353276354,0.6445086705202312,0.9235079778815003,0.7183930692160334,0.08490737352879796
0.8965936739659367,0.660377358490566,0.6550802139037433,0.6577181208053692,0.9216227339188761,0.7136912541133283,0.08653118044526982
0.8905109489051095,0.6390374331550802,0.6390374331550802,0.6390374331550802,0.9239361049478021,0.7086868630878165,0.09002051818747081
0.8852392538523925,0.6462765957446809,0.6183206106870229,0.6319895968790638,0.9126525582154663,0.7015122291933092,0.09537438539128419
0.8929440389294404,0.6349206349206349,0.6557377049180327,0.6451612903225806,0.9139227166276347,0.7003661018603569,0.09285237756654426
0.8998377939983779,0.6863270777479893,0.6632124352331606,0.6745718050065876,0.9278846153846154,0.7453599662609012,0.08339595270361565
0.8957826439578265,0.6649350649350649,0.6666666666666666,0.6657997399219766,0.9239363192443164,0.726502298254797,0.08729797234791979
0.8957826439578265,0.6588921282798834,0.6174863387978142,0.6375176304654443,0.9184712464220661,0.7088240080156561,0.08875572498348822
0.8949716139497161,0.7043010752688172,0.6374695863746959,0.669220945083014,0.9303852096542169,0.7586768381377392,0.08328127302575873
0.8844282238442822,0.6422976501305483,0.6243654822335025,0.6332046332046332,0.9164420947415872,0.7190782639801275,0.09257195731910442
0.8909164639091647,0.6745406824146981,0.6393034825870647,0.6564495530012772,0.9118723244243897,0.7043876251706351,0.09339951396586021
0.8921330089213301,0.6484375,0.6552631578947369,0.6518324607329843,0.9177953272442854,0.7177969433774958,0.0909999537302733
0.8978102189781022,0.6891891891891891,0.6505102040816326,0.6692913385826772,0.9251876980300318,0.7413294778154171,0.08490810309943359
0.897404703974047,0.6853333333333333,0.6556122448979592,0.6701434159061278,0.9262295081967213,0.7375611892152432,0.08588514588202696
0.8824006488240065,0.6042780748663101,0.6141304347826086,0.6091644204851752,0.9076980664815352,0.6692165768368754,0.09690123103474775
0.8941605839416058,0.6612021857923497,0.6385224274406333,0.6496644295302013,0.9254083262007677,0.7307454332991544,0.08654845689385986
0.8978102189781022,0.6111111111111112,0.6371951219512195,0.6238805970149254,0.918960619681033,0.6724849722931762,0.0894236964250263
0.889294403892944,0.6450777202072538,0.6467532467532467,0.6459143968871596,0.9143680922633348,0.7210434934539134,0.09363480374847852
0.9014598540145985,0.6707616707616708,0.7146596858638743,0.6920152091254753,0.9311194239832783,0.7498240964607655,0.08638809228578298
0.8957826439578265,0.6609686609686609,0.6270270270270271,0.6435506241331485,0.9165592118836394,0.7078870739360061,0.08870473147945948
0.8986212489862125,0.6994535519125683,0.6464646464646465,0.6719160104986877,0.9196713511930903,0.7334009544877733,0.08720556016560992
0.9018653690186537,0.7092391304347826,0.6590909090909091,0.6832460732984293,0.9327892451080857,0.7496845646670888,0.0827561543552557
0.8901054339010543,0.6805194805194805,0.6390243902439025,0.6591194968553459,0.9280120053146057,0.7355387413492883,0.08854989886166939
0.8937550689375506,0.6612903225806451,0.643979057591623,0.6525198938992043,0.9207524796253681,0.7083226949595489,0.08891837711659918
0.9006488240064883,0.6927083333333334,0.6768447837150128,0.6846846846846847,0.931754325883865,0.7451498980056701,0.08300971392236015
0.8994322789943228,0.6863270777479893,0.661498708010336,0.6736842105263158,0.9180223547148612,0.7375464398157707,0.08773683319932009
0.897404703974047,0.6798941798941799,0.6606683804627249,0.6701434159061278,0.9228507103754798,0.7152344198245822,0.08676304719508393
0.8982157339821574,0.6583333333333333,0.6493150684931507,0.6537931034482759,0.9195425531221271,0.739809467510153,0.08710200470146176
0.8953771289537713,0.6717948717948717,0.6683673469387755,0.670076726342711,0.9255468580874973,0.7246451188638205,0.08906483802406742
0.889294403892944,0.6785714285714286,0.6737588652482269,0.6761565836298933,0.9233628291959283,0.75238800031025,0.09040162907788646
0.9059205190592052,0.6820809248554913,0.659217877094972,0.6704545454545454,0.9260465584684046,0.7340131327961007,0.08346762625623752
0.894566098945661,0.6467391304347826,0.6467391304347826,0.6467391304347826,0.9241837464251668,0.7187398544404296,0.08738477080958795
0.9047039740470397,0.6824512534818942,0.6693989071038251,0.6758620689655173,0.9291582097319802,0.7276122626168946,0.08172651385750286
0.9002433090024331,0.674863387978142,0.660427807486631,0.6675675675675675,0.9273397000030674,0.7356039192401177,0.0861578735739419
0.894566098945661,0.675,0.6295336787564767,0.6514745308310992,0.9206157831805499,0.712151380685113,0.08701872487471594
0.8961881589618816,0.6860158311345647,0.654911838790932,0.6701030927835051,0.923725914391771,0.7368454578061362,0.08720380707974938
